rank,finalWorth,category,personName,age,country,city,source,industries,countryOfCitizenship,selfMade,status,gender,birthDate,lastName,firstName,date,birthYear,birthMonth,birthDay,cpi_country,cpi_change_country,gdp_country,gross_tertiary_education_enrollment,gross_primary_education_enrollment_country,life_expectancy_country,tax_revenue_country_country,total_tax_rate_country,population_country,latitude_country,longitude_country
1,211000,fashion & retail,bernard arnault & family,74.0,france,paris,lvmh,fashion & retail,france,False,u,m,1949-03-05 00:00:00,arnault,bernard,2023-04-04 05:01:00,1949.0,3.0,5.0,110.05,1.1,2715518274227,65.6,102.5,82.5,24.2,60.7,67059887.0,46.227638,2.213749
2,180000,automotive,elon musk,51.0,united states,austin,"tesla, spacex",automotive,united states,True,d,m,1971-06-28 00:00:00,musk,elon,2023-04-04 05:01:00,1971.0,6.0,28.0,117.24,7.5,21427700000000,88.2,101.8,78.5,9.6,36.6,328239523.0,37.09024,-95.712891
3,114000,technology,jeff bezos,59.0,united states,medina,amazon,technology,united states,True,d,m,1964-01-12 00:00:00,bezos,jeff,2023-04-04 05:01:00,1964.0,1.0,12.0,117.24,7.5,21427700000000,88.2,101.8,78.5,9.6,36.6,328239523.0,37.09024,-95.712891
4,107000,technology,larry ellison,78.0,united states,lanai,oracle,technology,united states,True,u,m,1944-08-17 00:00:00,ellison,larry,2023-04-04 05:01:00,1944.0,8.0,17.0,117.24,7.5,21427700000000,88.2,101.8,78.5,9.6,36.6,328239523.0,37.09024,-95.712891
5,106000,finance & investments,warren buffett,92.0,united states,omaha,berkshire hathaway,finance & investments,united states,True,d,m,1930-08-30 00:00:00,buffett,warren,2023-04-04 05:01:00,1930.0,8.0,30.0,117.24,7.5,21427700000000,88.2,101.8,78.5,9.6,36.6,328239523.0,37.09024,-95.712891
6,104000,technology,bill gates,67.0,united states,medina,microsoft,technology,united states,True,d,m,1955-10-28 00:00:00,gates,bill,2023-04-04 05:01:00,1955.0,10.0,28.0,117.24,7.5,21427700000000,88.2,101.8,78.5,9.6,36.6,328239523.0,37.09024,-95.712891
7,94500,media & entertainment,michael bloomberg,81.0,united states,new york,bloomberg lp,media & entertainment,united states,True,u,m,1942-02-14 00:00:00,bloomberg,michael,2023-04-04 05:01:00,1942.0,2.0,14.0,117.24,7.5,21427700000000,88.2,101.8,78.5,9.6,36.6,328239523.0,37.09024,-95.712891
8,93000,telecom,carlos slim helu & family,83.0,mexico,mexico city,telecom,telecom,mexico,True,u,m,1940-01-28 00:00:00,slim helu,carlos,2023-04-04 05:01:00,1940.0,1.0,28.0,141.54,3.6,1258286717125,40.2,105.8,75.0,13.1,55.1,126014024.0,23.634501,-102.552784
9,83400,diversified,mukesh ambani,65.0,india,mumbai,diversified,diversified,india,False,d,m,1957-04-19 00:00:00,ambani,mukesh,2023-04-04 05:01:00,1957.0,4.0,19.0,180.44,7.7,2611000000000,28.1,113.0,69.4,11.2,49.7,1366417754.0,20.593684,78.96288
10,80700,technology,steve ballmer,67.0,united states,hunts point,microsoft,technology,united states,True,d,m,1956-03-24 00:00:00,ballmer,steve,2023-04-04 05:01:00,1956.0,3.0,24.0,117.24,7.5,21427700000000,88.2,101.8,78.5,9.6,36.6,328239523.0,37.09024,-95.712891
11,80500,fashion & retail,francoise bettencourt meyers & family,69.0,france,paris,l'oréal,fashion & retail,france,False,u,f,1953-07-10 00:00:00,bettencourt meyers,francoise,2023-04-04 05:01:00,1953.0,7.0,10.0,110.05,1.1,2715518274227,65.6,102.5,82.5,24.2,60.7,67059887.0,46.227638,2.213749
12,79200,technology,larry page,50.0,united states,palo alto,google,technology,united states,True,d,m,1973-03-26 00:00:00,page,larry,2023-04-04 05:01:00,1973.0,3.0,26.0,117.24,7.5,21427700000000,88.2,101.8,78.5,9.6,36.6,328239523.0,37.09024,-95.712891
13,77300,fashion & retail,amancio ortega,87.0,spain,la coruna,zara,fashion & retail,spain,True,u,m,1936-03-28 00:00:00,ortega,amancio,2023-04-04 05:01:00,1936.0,3.0,28.0,110.96,0.7,1394116310769,88.9,102.7,83.3,14.2,47.0,47076781.0,40.463667,-3.74922
14,76000,technology,sergey brin,49.0,united states,los altos,google,technology,united states,True,d,m,1973-08-21 00:00:00,brin,sergey,2023-04-04 05:01:00,1973.0,8.0,21.0,117.24,7.5,21427700000000,88.2,101.8,78.5,9.6,36.6,328239523.0,37.09024,-95.712891
15,68000,food & beverage,zhong shanshan,68.0,china,hangzhou,"beverages, pharmaceuticals",food & beverage,china,True,u,m,1954-12-01 00:00:00,zhong,shanshan,2023-04-04 05:01:00,1954.0,12.0,1.0,125.08,2.9,19910000000000,50.6,100.2,77.0,9.4,59.2,1397715000.0,35.86166,104.195397
16,64400,technology,mark zuckerberg,38.0,united states,palo alto,facebook,technology,united states,True,d,m,1984-05-14 00:00:00,zuckerberg,mark,2023-04-04 05:01:00,1984.0,5.0,14.0,117.24,7.5,21427700000000,88.2,101.8,78.5,9.6,36.6,328239523.0,37.09024,-95.712891
17,59000,diversified,charles koch & family,87.0,united states,wichita,koch industries,diversified,united states,False,d,m,1935-11-01 00:00:00,koch,charles,2023-04-04 05:01:00,1935.0,11.0,1.0,117.24,7.5,21427700000000,88.2,101.8,78.5,9.6,36.6,328239523.0,37.09024,-95.712891
17,59000,diversified,julia koch & family,60.0,united states,new york,koch industries,diversified,united states,False,d,f,1962-04-12 00:00:00,koch,julia,2023-04-04 05:01:00,1962.0,4.0,12.0,117.24,7.5,21427700000000,88.2,101.8,78.5,9.6,36.6,328239523.0,37.09024,-95.712891
19,58800,fashion & retail,jim walton,74.0,united states,bentonville,walmart,fashion & retail,united states,False,d,m,1948-06-07 00:00:00,walton,jim,2023-04-04 05:01:00,1948.0,6.0,7.0,117.24,7.5,21427700000000,88.2,101.8,78.5,9.6,36.6,328239523.0,37.09024,-95.712891
20,57600,fashion & retail,rob walton & family,78.0,united states,bentonville,walmart,fashion & retail,united states,False,d,m,1944-10-27 00:00:00,walton,rob,2023-04-04 05:01:00,1944.0,10.0,27.0,117.24,7.5,21427700000000,88.2,101.8,78.5,9.6,36.6,328239523.0,37.09024,-95.712891
21,56700,fashion & retail,alice walton,73.0,united states,fort worth,walmart,fashion & retail,united states,False,d,f,1949-10-07 00:00:00,walton,alice,2023-04-04 05:01:00,1949.0,10.0,7.0,117.24,7.5,21427700000000,88.2,101.8,78.5,9.6,36.6,328239523.0,37.09024,-95.712891
22,54400,media & entertainment,david thomson & family,65.0,canada,toronto,media,media & entertainment,canada,False,u,m,1957-06-12 00:00:00,thomson,david,2023-04-04 05:01:00,1957.0,6.0,12.0,116.76,1.9,1736425629520,68.9,100.9,81.9,12.8,24.5,36991981.0,56.130366,-106.346771
23,50100,technology,michael dell,58.0,united states,austin,dell technologies,technology,united states,True,d,m,1965-02-23 00:00:00,dell,michael,2023-04-04 05:01:00,1965.0,2.0,23.0,117.24,7.5,21427700000000,88.2,101.8,78.5,9.6,36.6,328239523.0,37.09024,-95.712891
24,47200,diversified,gautam adani,60.0,india,ahmedabad,"infrastructure, commodities",diversified,india,True,d,m,1962-06-24 00:00:00,adani,gautam,2023-04-04 05:01:00,1962.0,6.0,24.0,180.44,7.7,2611000000000,28.1,113.0,69.4,11.2,49.7,1366417754.0,20.593684,78.96288
25,45100,fashion & retail,phil knight & family,85.0,united states,hillsboro,nike,fashion & retail,united states,True,d,m,1938-02-24 00:00:00,knight,phil,2023-04-04 05:01:00,1938.0,2.0,24.0,117.24,7.5,21427700000000,88.2,101.8,78.5,9.6,36.6,328239523.0,37.09024,-95.712891
26,45000,technology,zhang yiming,39.0,china,beijing,tiktok,technology,china,True,d,m,1984-01-01 00:00:00,zhang,yiming,2023-04-04 05:01:00,1984.0,1.0,1.0,125.08,2.9,19910000000000,50.6,100.2,77.0,9.4,59.2,1397715000.0,35.86166,104.195397
27,42900,fashion & retail,dieter schwarz,83.0,germany,neckarsulm,retail,fashion & retail,germany,False,d,m,1939-09-24 00:00:00,schwarz,dieter,2023-04-04 05:01:00,1939.0,9.0,24.0,112.85,1.4,3845630030824,70.2,104.0,80.9,11.5,48.8,83132799.0,51.165691,10.451526
28,40100,fashion & retail,françois pinault & family,86.0,france,paris,luxury goods,fashion & retail,france,True,d,m,1936-08-21 00:00:00,pinault,françois,2023-04-04 05:01:00,1936.0,8.0,21.0,110.05,1.1,2715518274227,65.6,102.5,82.5,24.2,60.7,67059887.0,46.227638,2.213749
29,39100,logistics,klaus-michael kuehne,85.0,switzerland,schindellegi,shipping,logistics,germany,False,u,m,1937-06-02 00:00:00,kuehne,klaus-michael,2023-04-04 05:01:00,1937.0,6.0,2.0,99.55,0.4,703082435360,59.6,105.2,83.6,10.1,28.8,8574832.0,46.818188,8.227512
30,38900,food & beverage,giovanni ferrero,58.0,belgium,brussels,"nutella, chocolates",food & beverage,italy,False,u,m,1964-09-21 00:00:00,ferrero,giovanni,2023-04-04 05:01:00,1964.0,9.0,21.0,117.11,1.4,529606710418,79.7,103.9,81.6,24.0,55.4,11484055.0,50.503887,4.469936
31,38300,food & beverage,jacqueline mars,83.0,united states,the plains,"candy, pet food",food & beverage,united states,False,u,f,1939-10-10 00:00:00,mars,jacqueline,2023-04-04 05:01:00,1939.0,10.0,10.0,117.24,7.5,21427700000000,88.2,101.8,78.5,9.6,36.6,328239523.0,37.09024,-95.712891
31,38300,food & beverage,john mars,87.0,united states,jackson,"candy, pet food",food & beverage,united states,False,u,m,1935-10-15 00:00:00,mars,john,2023-04-04 05:01:00,1935.0,10.0,15.0,117.24,7.5,21427700000000,88.2,101.8,78.5,9.6,36.6,328239523.0,37.09024,-95.712891
34,35300,technology,ma huateng,51.0,china,shenzhen,internet media,technology,china,True,d,m,1971-10-29 00:00:00,ma,huateng,2023-04-04 05:01:00,1971.0,10.0,29.0,125.08,2.9,19910000000000,50.6,100.2,77.0,9.4,59.2,1397715000.0,35.86166,104.195397
35,35000,gambling & casinos,miriam adelson & family,77.0,united states,las vegas,casinos,gambling & casinos,united states,False,u,f,1945-10-10 00:00:00,adelson,miriam,2023-04-04 05:01:00,1945.0,10.0,10.0,117.24,7.5,21427700000000,88.2,101.8,78.5,9.6,36.6,328239523.0,37.09024,-95.712891
35,35000,finance & investments,ken griffin,54.0,united states,miami,hedge funds,finance & investments,united states,True,u,m,1968-10-15 00:00:00,griffin,ken,2023-04-04 05:01:00,1968.0,10.0,15.0,117.24,7.5,21427700000000,88.2,101.8,78.5,9.6,36.6,328239523.0,37.09024,-95.712891
37,34700,food & beverage,mark mateschitz,30.0,austria,salzburg,red bull,food & beverage,austria,False,n,m,1992-05-07 00:00:00,mateschitz,mark,2023-04-04 05:01:00,1992.0,5.0,7.0,118.06,1.5,446314739528,85.1,103.1,81.6,25.4,51.4,8877067.0,47.516231,14.550072
38,33400,automotive,robin zeng,54.0,china,ningde,batteries,automotive,hong kong,True,d,m,1969-01-01 00:00:00,zeng,robin,2023-04-04 05:01:00,1969.0,1.0,1.0,125.08,2.9,19910000000000,50.6,100.2,77.0,9.4,59.2,1397715000.0,35.86166,104.195397
39,32600,fashion & retail,tadashi yanai & family,74.0,japan,tokyo,fashion retail,fashion & retail,japan,True,u,m,1949-02-07 00:00:00,yanai,tadashi,2023-04-04 05:01:00,1949.0,2.0,7.0,105.48,0.5,5081769542380,63.2,98.8,84.2,11.9,46.7,126226568.0,36.204824,138.252924
40,32100,diversified,len blavatnik,65.0,united kingdom,london,"music, chemicals",diversified,united states,True,d,m,1957-06-01 00:00:00,blavatnik,len,2023-04-04 05:01:00,1957.0,6.0,1.0,119.62,1.7,2827113184696,60.0,101.2,81.3,25.5,30.6,66834405.0,55.378051,-3.435973
41,31600,fashion & retail,alain wertheimer,74.0,united states,new york,chanel,fashion & retail,france,False,u,m,1948-08-28 00:00:00,wertheimer,alain,2023-04-04 05:01:00,1948.0,8.0,28.0,117.24,7.5,21427700000000,88.2,101.8,78.5,9.6,36.6,328239523.0,37.09024,-95.712891
41,31600,fashion & retail,gerard wertheimer,72.0,united states,new york,chanel,fashion & retail,france,False,u,m,1951-01-09 00:00:00,wertheimer,gerard,2023-04-04 05:01:00,1951.0,1.0,9.0,117.24,7.5,21427700000000,88.2,101.8,78.5,9.6,36.6,328239523.0,37.09024,-95.712891
43,31200,logistics,gianluigi aponte,82.0,switzerland,geneva,shipping,logistics,switzerland,True,split family fortune,m,1940-06-27 00:00:00,aponte,gianluigi,2023-04-04 05:01:00,1940.0,6.0,27.0,99.55,0.4,703082435360,59.6,105.2,83.6,10.1,28.8,8574832.0,46.818188,8.227512
43,31200,logistics,rafaela aponte-diamant,78.0,switzerland,geneva,shipping,logistics,switzerland,True,split family fortune,f,1945-03-26 00:00:00,aponte-diamant,rafaela,2023-04-04 05:01:00,1945.0,3.0,26.0,99.55,0.4,703082435360,59.6,105.2,83.6,10.1,28.8,8574832.0,46.818188,8.227512
45,30200,technology,colin zheng huang,43.0,china,shanghai,e-commerce,technology,china,True,u,m,1980-02-02 00:00:00,huang,colin zheng,2023-04-04 05:01:00,1980.0,2.0,2.0,125.08,2.9,19910000000000,50.6,100.2,77.0,9.4,59.2,1397715000.0,35.86166,104.195397
46,29700,manufacturing,reinhold wuerth & family,87.0,germany,kuenzelsau,fasteners,manufacturing,germany,True,u,m,1935-04-20 00:00:00,wuerth,reinhold,2023-04-04 05:01:00,1935.0,4.0,20.0,112.85,1.4,3845630030824,70.2,104.0,80.9,11.5,48.8,83132799.0,51.165691,10.451526
47,29500,real estate,lee shau kee,95.0,hong kong,hong kong,real estate,real estate,hong kong,True,d,m,1928-01-29 00:00:00,lee,shau kee,2023-04-04 05:01:00,1928.0,1.0,29.0,117.24,2.9,21427700000000,65.6,101.8,78.5,9.6,41.2,328239523.0,37.09024,10.451526
48,28500,finance & investments,jeff yass,64.0,united states,haverford,"trading, investments",finance & investments,united states,True,u,m,1958-07-17 00:00:00,yass,jeff,2023-04-04 05:01:00,1958.0,7.0,17.0,117.24,7.5,21427700000000,88.2,101.8,78.5,9.6,36.6,328239523.0,37.09024,-95.712891
49,28100,finance & investments,jim simons,84.0,united states,east setauket,hedge funds,finance & investments,united states,True,d,m,1938-04-25 00:00:00,simons,jim,2023-04-04 05:01:00,1938.0,4.0,25.0,117.24,7.5,21427700000000,88.2,101.8,78.5,9.6,36.6,328239523.0,37.09024,-95.712891
50,27800,finance & investments,stephen schwarzman,76.0,united states,new york,investments,finance & investments,united states,True,d,m,1947-02-14 00:00:00,schwarzman,stephen,2023-04-04 05:01:00,1947.0,2.0,14.0,117.24,7.5,21427700000000,88.2,101.8,78.5,9.6,36.6,328239523.0,37.09024,-95.712891
51,27400,automotive,susanne klatten,60.0,germany,bad homburg,"bmw, pharmaceuticals",automotive,germany,False,u,f,1962-04-28 00:00:00,klatten,susanne,2023-04-04 05:01:00,1962.0,4.0,28.0,112.85,1.4,3845630030824,70.2,104.0,80.9,11.5,48.8,83132799.0,51.165691,10.451526
52,27000,metals & mining,gina rinehart,69.0,australia,perth,mining,metals & mining,australia,False,d,f,1954-02-09 00:00:00,rinehart,gina,2023-04-04 05:01:00,1954.0,2.0,9.0,119.8,1.6,1392680589329,113.1,100.3,82.7,23.0,47.4,25766605.0,-25.274398,133.775136
53,26700,technology,william ding,51.0,china,hangzhou,online games,technology,china,True,u,m,1971-10-01 00:00:00,ding,william,2023-04-04 05:01:00,1971.0,10.0,1.0,125.08,2.9,19910000000000,50.6,100.2,77.0,9.4,59.2,1397715000.0,35.86166,104.195397
54,26600,metals & mining,germán larrea mota velasco & family,69.0,mexico,mexico city,mining,metals & mining,mexico,False,d,m,1953-10-26 00:00:00,larrea mota velasco,germán,2023-04-04 05:01:00,1953.0,10.0,26.0,141.54,3.6,1258286717125,40.2,105.8,75.0,13.1,55.1,126014024.0,23.634501,-102.552784
55,25600,technology,shiv nadar,77.0,india,delhi,software services,technology,india,True,d,m,1945-07-18 00:00:00,nadar,shiv,2023-04-04 05:01:00,1945.0,7.0,18.0,180.44,7.7,2611000000000,28.1,113.0,69.4,11.2,49.7,1366417754.0,20.593684,78.96288
56,25500,energy,low tuck kwong,74.0,indonesia,jakarta,coal,energy,indonesia,True,u,m,1948-04-17 00:00:00,low tuck,kwong,2023-04-04 05:01:00,1948.0,4.0,17.0,151.18,3.0,1119190780753,36.3,106.4,71.5,10.2,30.1,270203917.0,-0.789275,113.921327
57,25300,finance & investments,thomas peterffy,78.0,united states,palm beach,discount brokerage,finance & investments,united states,True,u,m,1944-09-30 00:00:00,peterffy,thomas,2023-04-04 05:01:00,1944.0,9.0,30.0,117.24,7.5,21427700000000,88.2,101.8,78.5,9.6,36.6,328239523.0,37.09024,-95.712891
58,25200,metals & mining,andrey melnichenko & family,51.0,united arab emirates,ras al khaimah,"fertilizers, coal",metals & mining,russia,True,u,m,1972-03-08 00:00:00,melnichenko,andrey,2023-04-04 05:01:00,1972.0,3.0,8.0,114.52,-1.9,421142267938,36.8,108.4,77.8,0.1,15.9,9770529.0,23.424076,53.847818
59,24600,automotive,stefan quandt,56.0,germany,frankfurt,bmw,automotive,germany,False,u,m,1966-05-09 00:00:00,quandt,stefan,2023-04-04 05:01:00,1966.0,5.0,9.0,112.85,1.4,3845630030824,70.2,104.0,80.9,11.5,48.8,83132799.0,51.165691,10.451526
60,24400,technology,mackenzie scott,52.0,united states,seattle,amazon,technology,united states,False,d,f,1970-04-07 00:00:00,scott,mackenzie,2023-04-04 05:01:00,1970.0,4.0,7.0,117.24,7.5,21427700000000,88.2,101.8,78.5,9.6,36.6,328239523.0,37.09024,-95.712891
61,24200,finance & investments,r. budi hartono,82.0,indonesia,kudus,"banking, tobacco",finance & investments,indonesia,False,u,m,1941-01-01 00:00:00,hartono,r. budi,2023-04-04 05:01:00,1941.0,1.0,1.0,151.18,3.0,1119190780753,36.3,106.4,71.5,10.2,30.1,270203917.0,-0.789275,113.921327
62,23700,metals & mining,vladimir potanin,62.0,russia,moscow,metals,metals & mining,russia,True,u,m,1961-01-03 00:00:00,potanin,vladimir,2023-04-04 05:01:00,1961.0,1.0,3.0,180.75,4.5,1699876578871,81.9,102.6,72.7,11.4,46.2,144373535.0,61.52401,105.318756
63,23500,technology,jack ma,58.0,china,hangzhou,e-commerce,technology,china,True,u,m,1964-09-10 00:00:00,ma,jack,2023-04-04 05:01:00,1964.0,9.0,10.0,125.08,2.9,19910000000000,50.6,100.2,77.0,9.4,59.2,1397715000.0,35.86166,104.195397
64,23400,manufacturing,he xiangjian & family,80.0,china,foshan,home appliances,manufacturing,china,True,d,m,1942-08-11 00:00:00,he,xiangjian,2023-04-04 05:01:00,1942.0,8.0,11.0,125.08,2.9,19910000000000,50.6,100.2,77.0,9.4,59.2,1397715000.0,35.86166,104.195397
65,23100,metals & mining,iris fontbona & family,80.0,chile,santiago,mining,metals & mining,chile,False,u,f,1943-01-01 00:00:00,fontbona,iris,2023-04-04 05:01:00,1943.0,1.0,1.0,131.91,2.6,282318159745,88.5,101.4,80.0,18.2,34.0,18952038.0,-35.675147,-71.542969
65,23100,manufacturing,michael hartono,83.0,indonesia,kudus,"banking, tobacco",manufacturing,indonesia,False,u,m,1939-10-02 00:00:00,hartono,michael,2023-04-04 05:01:00,1939.0,10.0,2.0,151.18,3.0,1119190780753,36.3,106.4,71.5,10.2,30.1,270203917.0,-0.789275,113.921327
67,22900,manufacturing,james ratcliffe,70.0,united kingdom,london,chemicals,manufacturing,united kingdom,True,u,m,1953-01-01 00:00:00,ratcliffe,james,2023-04-04 05:01:00,1953.0,1.0,1.0,119.62,1.7,2827113184696,60.0,101.2,81.3,25.5,30.6,66834405.0,55.378051,-3.435973
68,22600,healthcare,cyrus poonawalla,81.0,india,pune,vaccines,healthcare,india,False,d,m,1941-05-11 00:00:00,poonawalla,cyrus,2023-04-04 05:01:00,1941.0,5.0,11.0,180.44,7.7,2611000000000,28.1,113.0,69.4,11.2,49.7,1366417754.0,20.593684,78.96288
69,22400,telecom,masayoshi son,65.0,japan,tokyo,"internet, telecom",telecom,japan,True,u,m,1957-08-11 00:00:00,son,masayoshi,2023-04-04 05:01:00,1957.0,8.0,11.0,105.48,0.5,5081769542380,63.2,98.8,84.2,11.9,46.7,126226568.0,36.204824,138.252924
70,22100,metals & mining,vladimir lisin,66.0,russia,moscow,"steel, transport",metals & mining,russia,True,u,m,1956-05-07 00:00:00,lisin,vladimir,2023-04-04 05:01:00,1956.0,5.0,7.0,180.75,4.5,1699876578871,81.9,102.6,72.7,11.4,46.2,144373535.0,61.52401,105.318756
71,22000,food & beverage,emmanuel besnier,52.0,france,laval,cheese,food & beverage,france,False,d,m,1970-09-18 00:00:00,besnier,emmanuel,2023-04-04 05:01:00,1970.0,9.0,18.0,110.05,1.1,2715518274227,65.6,102.5,82.5,24.2,60.7,67059887.0,46.227638,2.213749
72,21600,finance & investments,abigail johnson,61.0,united states,milton,fidelity,finance & investments,united states,False,u,f,1961-12-19 00:00:00,johnson,abigail,2023-04-04 05:01:00,1961.0,12.0,19.0,117.24,7.5,21427700000000,88.2,101.8,78.5,9.6,36.6,328239523.0,37.09024,-95.712891
72,21600,energy,leonid mikhelson & family,67.0,russia,moscow,"gas, chemicals",energy,russia,True,u,m,1955-08-11 00:00:00,mikhelson,leonid,2023-04-04 05:01:00,1955.0,8.0,11.0,180.75,4.5,1699876578871,81.9,102.6,72.7,11.4,46.2,144373535.0,61.52401,105.318756
74,21200,fashion & retail,lukas walton,36.0,united states,chicago,walmart,fashion & retail,united states,False,u,m,1986-09-19 00:00:00,walton,lukas,2023-04-04 05:01:00,1986.0,9.0,19.0,117.24,7.5,21427700000000,88.2,101.8,78.5,9.6,36.6,328239523.0,37.09024,-95.712891
74,21200,service,wang wei,52.0,china,shenzhen,package delivery,service,china,True,d,m,1970-10-01 00:00:00,wang,wei,2023-04-04 05:01:00,1970.0,10.0,1.0,125.08,2.9,19910000000000,50.6,100.2,77.0,9.4,59.2,1397715000.0,35.86166,104.195397
76,21100,technology,jensen huang,60.0,united states,los altos,semiconductors,technology,united states,True,u,m,1963-02-17 00:00:00,huang,jensen,2023-04-04 05:01:00,1963.0,2.0,17.0,117.24,7.5,21427700000000,88.2,101.8,78.5,9.6,36.6,328239523.0,37.09024,-95.712891
77,21000,fashion & retail,leonard lauder,90.0,united states,new york,estee lauder,fashion & retail,united states,False,d,m,1933-03-19 00:00:00,lauder,leonard,2023-04-04 05:01:00,1933.0,3.0,19.0,117.24,7.5,21427700000000,88.2,101.8,78.5,9.6,36.6,328239523.0,37.09024,-95.712891
77,21000,manufacturing,takemitsu takizaki,77.0,japan,osaka,sensors,manufacturing,japan,True,d,m,1945-06-10 00:00:00,takizaki,takemitsu,2023-04-04 05:01:00,1945.0,6.0,10.0,105.48,0.5,5081769542380,63.2,98.8,84.2,11.9,46.7,126226568.0,36.204824,138.252924
79,20900,metals & mining,alexey mordashov & family,57.0,russia,moscow,"steel, investments",metals & mining,russia,True,u,m,1965-09-26 00:00:00,mordashov,alexey,2023-04-04 05:01:00,1965.0,9.0,26.0,180.75,4.5,1699876578871,81.9,102.6,72.7,11.4,46.2,144373535.0,61.52401,105.318756
80,20500,energy,vagit alekperov,72.0,russia,moscow,oil,energy,russia,True,u,m,1950-09-01 00:00:00,alekperov,vagit,2023-04-04 05:01:00,1950.0,9.0,1.0,180.75,4.5,1699876578871,81.9,102.6,72.7,11.4,46.2,144373535.0,61.52401,105.318756
81,20200,healthcare,"thomas frist, jr. & family",84.0,united states,nashville,hospitals,healthcare,united states,True,d,m,1938-08-12 00:00:00,frist,thomas,2023-04-04 05:01:00,1938.0,8.0,12.0,117.24,7.5,21427700000000,88.2,101.8,78.5,9.6,36.6,328239523.0,37.09024,-95.712891
82,19600,metals & mining,andrew forrest,61.0,australia,perth,mining,metals & mining,australia,True,u,m,1961-11-18 00:00:00,forrest,andrew,2023-04-04 05:01:00,1961.0,11.0,18.0,119.8,1.6,1392680589329,113.1,100.3,82.7,23.0,47.4,25766605.0,-25.274398,133.775136
83,19100,finance & investments,ray dalio,73.0,united states,greenwich,hedge funds,finance & investments,united states,True,d,m,1949-08-08 00:00:00,dalio,ray,2023-04-04 05:01:00,1949.0,8.0,8.0,117.24,7.5,21427700000000,88.2,101.8,78.5,9.6,36.6,328239523.0,37.09024,-95.712891
84,19000,automotive,eric li,59.0,china,hangzhou,automobiles,automotive,china,True,d,m,1963-06-01 00:00:00,li,eric,2023-04-04 05:01:00,1963.0,6.0,1.0,125.08,2.9,19910000000000,50.6,100.2,77.0,9.4,59.2,1397715000.0,35.86166,104.195397
84,19000,metals & mining,wang wenyin,55.0,china,shenzhen,"mining, copper products",metals & mining,china,True,u,m,1968-03-01 00:00:00,wang,wenyin,2023-04-04 05:01:00,1968.0,3.0,1.0,125.08,2.9,19910000000000,50.6,100.2,77.0,9.4,59.2,1397715000.0,35.86166,104.195397
86,18900,diversified,eyal ofer,72.0,monaco,monte carlo,"real estate, shipping",diversified,israel,False,u,m,1950-06-02 00:00:00,ofer,eyal,2023-04-04 05:01:00,1950.0,6.0,2.0,117.24,2.9,7184844193,65.6,101.8,78.5,9.6,41.2,38964.0,43.7384176,7.4246158
86,18900,food & beverage,qin yinglin,57.0,china,nanyang,pig breeding,food & beverage,china,True,d,m,1965-04-17 00:00:00,qin,yinglin,2023-04-04 05:01:00,1965.0,4.0,17.0,125.08,2.9,19910000000000,50.6,100.2,77.0,9.4,59.2,1397715000.0,35.86166,104.195397
88,18700,automotive,wang chuanfu,57.0,china,shenzhen,"batteries, automobiles",automotive,china,True,d,m,1966-02-15 00:00:00,wang,chuanfu,2023-04-04 05:01:00,1966.0,2.0,15.0,125.08,2.9,19910000000000,50.6,100.2,77.0,9.4,59.2,1397715000.0,35.86166,104.195397
89,18500,energy,harold hamm & family,77.0,united states,oklahoma city,oil & gas,energy,united states,True,u,m,1945-12-11 00:00:00,hamm,harold,2023-04-04 05:01:00,1945.0,12.0,11.0,117.24,7.5,21427700000000,88.2,101.8,78.5,9.6,36.6,328239523.0,37.09024,-95.712891
89,18500,finance & investments,david tepper,65.0,united states,palm beach,hedge funds,finance & investments,united states,True,u,m,1957-09-11 00:00:00,tepper,david,2023-04-04 05:01:00,1957.0,9.0,11.0,117.24,7.5,21427700000000,88.2,101.8,78.5,9.6,36.6,328239523.0,37.09024,-95.712891
89,18500,energy,gennady timchenko,70.0,russia,moscow,"oil, gas",energy,russia,True,u,m,1952-11-09 00:00:00,timchenko,gennady,2023-04-04 05:01:00,1952.0,11.0,9.0,180.75,4.5,1699876578871,81.9,102.6,72.7,11.4,46.2,144373535.0,61.52401,105.318756
92,18000,finance & investments,daniel gilbert,61.0,united states,franklin,quicken loans,finance & investments,united states,True,d,m,1962-01-17 00:00:00,gilbert,daniel,2023-04-04 05:01:00,1962.0,1.0,17.0,117.24,7.5,21427700000000,88.2,101.8,78.5,9.6,36.6,328239523.0,37.09024,-95.712891
93,17700,metals & mining,lakshmi mittal,72.0,united kingdom,london,steel,metals & mining,india,False,d,m,1950-06-15 00:00:00,mittal,lakshmi,2023-04-04 05:01:00,1950.0,6.0,15.0,119.62,1.7,2827113184696,60.0,101.2,81.3,25.5,30.6,66834405.0,55.378051,-3.435973
94,17500,finance & investments,steve cohen,66.0,united states,greenwich,hedge funds,finance & investments,united states,True,u,m,1956-06-11 00:00:00,cohen,steve,2023-04-04 05:01:00,1956.0,6.0,11.0,117.24,7.5,21427700000000,88.2,101.8,78.5,9.6,36.6,328239523.0,37.09024,-95.712891
94,17500,finance & investments,carl icahn,87.0,united states,indian creek,investments,finance & investments,united states,True,u,m,1936-02-16 00:00:00,icahn,carl,2023-04-04 05:01:00,1936.0,2.0,16.0,117.24,7.5,21427700000000,88.2,101.8,78.5,9.6,36.6,328239523.0,37.09024,-95.712891
94,17500,metals & mining,savitri jindal & family,73.0,india,hisar,steel,metals & mining,india,False,d,f,1950-03-20 00:00:00,jindal,savitri,2023-04-04 05:01:00,1950.0,3.0,20.0,180.44,7.7,2611000000000,28.1,113.0,69.4,11.2,49.7,1366417754.0,20.593684,78.96288
97,17400,real estate,donald bren,90.0,united states,newport beach,real estate,real estate,united states,True,u,m,1932-05-11 00:00:00,bren,donald,2023-04-04 05:01:00,1932.0,5.0,11.0,117.24,7.5,21427700000000,88.2,101.8,78.5,9.6,36.6,328239523.0,37.09024,-95.712891
97,17400,fashion & retail,"john menard, jr.",83.0,united states,eau claire,home improvement stores,fashion & retail,united states,True,u,m,1940-01-22 00:00:00,menard,john,2023-04-04 05:01:00,1940.0,1.0,22.0,117.24,7.5,21427700000000,88.2,101.8,78.5,9.6,36.6,328239523.0,37.09024,-95.712891
99,17100,media & entertainment,rupert murdoch & family,92.0,united states,new york,"newspapers, tv network",media & entertainment,united states,False,d,m,1931-03-11 00:00:00,murdoch,rupert,2023-04-04 05:01:00,1931.0,3.0,11.0,117.24,7.5,21427700000000,88.2,101.8,78.5,9.6,36.6,328239523.0,37.09024,-95.712891
100,16700,finance & investments,vicky safra & family,70.0,switzerland,crans-montana,banking,finance & investments,brazil,False,u,f,1953-01-01 00:00:00,safra,vicky,2023-04-04 05:01:00,1953.0,1.0,1.0,99.55,0.4,703082435360,59.6,105.2,83.6,10.1,28.8,8574832.0,46.818188,8.227512
101,16500,fashion & retail,"theo albrecht, jr. & family",72.0,germany,mulheim an der ruhr,"aldi, trader joe's",fashion & retail,germany,False,d,m,1951-01-01 00:00:00,albrecht,theo,2023-04-04 05:01:00,1951.0,1.0,1.0,112.85,1.4,3845630030824,70.2,104.0,80.9,11.5,48.8,83132799.0,51.165691,10.451526
101,16500,finance & investments,renata kellnerova & family,55.0,czech republic,prague,"finance, telecommunications",finance & investments,czech republic,False,d,f,1967-07-04 00:00:00,kellnerova,renata,2023-04-04 05:01:00,1967.0,7.0,4.0,116.48,2.8,246489245495,64.1,100.7,79.0,14.9,46.1,10669709.0,49.817492,15.472962
103,16300,healthcare,li xiting,72.0,china,shenzhen,medical devices,healthcare,singapore,True,d,m,1951-01-01 00:00:00,li,xiting,2023-04-04 05:01:00,1951.0,1.0,1.0,125.08,2.9,19910000000000,50.6,100.2,77.0,9.4,59.2,1397715000.0,35.86166,104.195397
104,16200,fashion & retail,stefan persson,75.0,sweden,stockholm,h&m,fashion & retail,sweden,False,d,m,1947-10-04 00:00:00,persson,stefan,2023-04-04 05:01:00,1947.0,10.0,4.0,110.51,1.8,530832908738,67.0,126.6,82.5,27.9,49.1,10285453.0,60.128161,18.643501
104,16200,technology,eric schmidt,67.0,united states,atherton,google,technology,united states,True,d,m,1955-04-27 00:00:00,schmidt,eric,2023-04-04 05:01:00,1955.0,4.0,27.0,117.24,7.5,21427700000000,88.2,101.8,78.5,9.6,36.6,328239523.0,37.09024,-95.712891
106,16000,finance & investments,michael platt,55.0,switzerland,geneva,hedge funds,finance & investments,united kingdom,True,u,m,1968-03-18 00:00:00,platt,michael,2023-04-04 05:01:00,1968.0,3.0,18.0,99.55,0.4,703082435360,59.6,105.2,83.6,10.1,28.8,8574832.0,46.818188,8.227512
107,15900,food & beverage,pang kang,67.0,china,foshan,soy sauce,food & beverage,china,True,d,m,1956-01-19 00:00:00,pang,kang,2023-04-04 05:01:00,1956.0,1.0,19.0,125.08,2.9,19910000000000,50.6,100.2,77.0,9.4,59.2,1397715000.0,35.86166,104.195397
108,15800,food & beverage,jorge paulo lemann & family,83.0,switzerland,zurich,beer,food & beverage,brazil,True,u,m,1939-08-26 00:00:00,lemann,jorge paulo,2023-04-04 05:01:00,1939.0,8.0,26.0,99.55,0.4,703082435360,59.6,105.2,83.6,10.1,28.8,8574832.0,46.818188,8.227512
108,15800,real estate,peter woo,76.0,hong kong,hong kong,real estate,real estate,hong kong,False,d,m,1946-09-05 00:00:00,woo,peter,2023-04-04 05:01:00,1946.0,9.0,5.0,117.24,2.9,21427700000000,65.6,101.8,78.5,9.6,41.2,328239523.0,37.09024,10.451526
112,15600,healthcare,dilip shanghvi,67.0,india,mumbai,pharmaceuticals,healthcare,india,True,e,m,1955-10-01 00:00:00,shanghvi,dilip,2023-04-04 05:01:00,1955.0,10.0,1.0,180.44,7.7,2611000000000,28.1,113.0,69.4,11.2,49.7,1366417754.0,20.593684,78.96288
113,15500,technology,robert pera,45.0,united states,san jose,wireless networking,technology,united states,True,u,m,1978-03-10 00:00:00,pera,robert,2023-04-04 05:01:00,1978.0,3.0,10.0,117.24,7.5,21427700000000,88.2,101.8,78.5,9.6,36.6,328239523.0,37.09024,-95.712891
114,15300,fashion & retail,radhakishan damani,68.0,india,mumbai,"retail, investments",fashion & retail,india,True,d,m,1955-01-01 00:00:00,damani,radhakishan,2023-04-04 05:01:00,1955.0,1.0,1.0,180.44,7.7,2611000000000,28.1,113.0,69.4,11.2,49.7,1366417754.0,20.593684,78.96288
115,15200,automotive,huang shilin,56.0,china,ningde,batteries,automotive,china,True,d,m,1967-01-01 00:00:00,huang,shilin,2023-04-04 05:01:00,1967.0,1.0,1.0,125.08,2.9,19910000000000,50.6,100.2,77.0,9.4,59.2,1397715000.0,35.86166,104.195397
116,14900,diversified,dhanin chearavanont,83.0,thailand,bangkok,diversified,diversified,thailand,False,u,m,1939-04-19 00:00:00,chearavanont,dhanin,2023-04-04 05:01:00,1939.0,4.0,19.0,113.27,0.7,543649976166,49.3,99.8,76.9,14.9,29.5,69625582.0,15.870032,100.992541
116,14900,fashion & retail,david green & family,81.0,united states,oklahoma city,retail,fashion & retail,united states,True,u,m,1941-11-13 00:00:00,green,david,2023-04-04 05:01:00,1941.0,11.0,13.0,117.24,7.5,21427700000000,88.2,101.8,78.5,9.6,36.6,328239523.0,37.09024,-95.712891
118,14800,food & beverage,charoen sirivadhanabhakdi,78.0,thailand,bangkok,"alcohol, real estate",food & beverage,thailand,True,u,m,1944-05-02 00:00:00,sirivadhanabhakdi,charoen,2023-04-04 05:01:00,1944.0,5.0,2.0,113.27,0.7,543649976166,49.3,99.8,76.9,14.9,29.5,69625582.0,15.870032,100.992541
119,14700,food & beverage,charlene de carvalho-heineken & family,68.0,united kingdom,london,heineken,food & beverage,netherlands,False,d,f,1954-06-30 00:00:00,de carvalho-heineken,charlene,2023-04-04 05:01:00,1954.0,6.0,30.0,119.62,1.7,2827113184696,60.0,101.2,81.3,25.5,30.6,66834405.0,55.378051,-3.435973
120,14600,healthcare,xu hang,60.0,china,shenzhen,medical devices,healthcare,hong kong,True,d,m,1962-05-22 00:00:00,xu,hang,2023-04-04 05:01:00,1962.0,5.0,22.0,125.08,2.9,19910000000000,50.6,100.2,77.0,9.4,59.2,1397715000.0,35.86166,104.195397
121,14500,automotive,wei jianjun & family,59.0,china,baoding,automobiles,automotive,china,True,d,m,1964-03-01 00:00:00,wei,jianjun,2023-04-04 05:01:00,1964.0,3.0,1.0,125.08,2.9,19910000000000,50.6,100.2,77.0,9.4,59.2,1397715000.0,35.86166,104.195397
122,14400,metals & mining,alisher usmanov,69.0,uzbekistan,tashkent,"steel, telecom, investments",metals & mining,russia,True,u,m,1953-09-09 00:00:00,usmanov,alisher,2023-04-04 05:01:00,1953.0,9.0,9.0,117.24,2.9,57921286440,10.1,104.2,71.6,14.8,31.6,33580650.0,41.377491,64.585262
123,14300,manufacturing,goh cheng liang,95.0,singapore,singapore,paints,manufacturing,singapore,True,u,m,1927-06-27 00:00:00,goh,cheng liang,2023-04-04 05:01:00,1927.0,6.0,27.0,114.41,0.6,372062527489,84.8,100.6,83.1,13.1,21.0,5703569.0,1.352083,103.819836
124,14200,diversified,kumar birla,55.0,india,mumbai,commodities,diversified,india,False,d,m,1967-06-14 00:00:00,birla,kumar,2023-04-04 05:01:00,1967.0,6.0,14.0,180.44,7.7,2611000000000,28.1,113.0,69.4,11.2,49.7,1366417754.0,20.593684,78.96288
124,14200,manufacturing,aliko dangote,65.0,nigeria,lagos,"cement, sugar",manufacturing,nigeria,True,u,m,1957-04-10 00:00:00,dangote,aliko,2023-04-04 05:01:00,1957.0,4.0,10.0,267.51,11.4,448120428859,10.2,84.7,54.3,1.5,34.8,200963599.0,9.081999,8.675277
126,14100,real estate,kwong siu-hing,93.0,hong kong,hong kong,real estate,real estate,hong kong,False,u,f,1929-12-02 00:00:00,kwong,siu-hing,2023-04-04 05:01:00,1929.0,12.0,2.0,117.24,2.9,21427700000000,65.6,101.8,78.5,9.6,41.2,328239523.0,37.09024,10.451526
127,14000,diversified,idan ofer,67.0,united kingdom,london,shipping,diversified,israel,False,u,m,1955-10-02 00:00:00,ofer,idan,2023-04-04 05:01:00,1955.0,10.0,2.0,119.62,1.7,2827113184696,60.0,101.2,81.3,25.5,30.6,66834405.0,55.378051,-3.435973
128,13900,healthcare,chen bang,57.0,china,changsha,hospitals,healthcare,china,True,u,m,1965-09-01 00:00:00,chen,bang,2023-04-04 05:01:00,1965.0,9.0,1.0,125.08,2.9,19910000000000,50.6,100.2,77.0,9.4,59.2,1397715000.0,35.86166,104.195397
128,13900,gambling & casinos,lui che woo,94.0,hong kong,hong kong,casinos/hotels,gambling & casinos,hong kong,True,u,m,1929-04-01 00:00:00,lui,che woo,2023-04-04 05:01:00,1929.0,4.0,1.0,117.24,2.9,21427700000000,65.6,101.8,78.5,9.6,41.2,328239523.0,37.09024,10.451526
130,13700,logistics,john fredriksen,78.0,united kingdom,london,shipping,logistics,cyprus,True,u,m,1945-02-01 00:00:00,fredriksen,john,2023-04-04 05:01:00,1945.0,2.0,1.0,119.62,1.7,2827113184696,60.0,101.2,81.3,25.5,30.6,66834405.0,55.378051,-3.435973
130,13700,construction & engineering,diane hendricks,76.0,united states,afton,building supplies,construction & engineering,united states,True,u,f,1947-03-02 00:00:00,hendricks,diane,2023-04-04 05:01:00,1947.0,3.0,2.0,117.24,7.5,21427700000000,88.2,101.8,78.5,9.6,36.6,328239523.0,37.09024,-95.712891
130,13700,technology,jan koum,47.0,united states,atherton,whatsapp,technology,united states,True,u,m,1976-02-24 00:00:00,koum,jan,2023-04-04 05:01:00,1976.0,2.0,24.0,117.24,7.5,21427700000000,88.2,101.8,78.5,9.6,36.6,328239523.0,37.09024,-95.712891
133,13300,sports,jerry jones,80.0,united states,dallas,dallas cowboys,sports,united states,True,u,m,1942-10-13 00:00:00,jones,jerry,2023-04-04 05:01:00,1942.0,10.0,13.0,117.24,7.5,21427700000000,88.2,101.8,78.5,9.6,36.6,328239523.0,37.09024,-95.712891
133,13300,energy,george kaiser,80.0,united states,tulsa,"oil & gas, banking",energy,united states,False,u,m,1942-07-29 00:00:00,kaiser,george,2023-04-04 05:01:00,1942.0,7.0,29.0,117.24,7.5,21427700000000,88.2,101.8,78.5,9.6,36.6,328239523.0,37.09024,-95.712891
133,13300,real estate,joseph lau,71.0,hong kong,hong kong,real estate,real estate,hong kong,True,d,m,1951-07-21 00:00:00,lau,joseph,2023-04-04 05:01:00,1951.0,7.0,21.0,117.24,2.9,21427700000000,65.6,101.8,78.5,9.6,41.2,328239523.0,37.09024,10.451526
136,13200,automotive,lu xiangyang,60.0,china,guangzhou,"automobiles, batteries",automotive,china,True,d,m,1962-12-28 00:00:00,lu,xiangyang,2023-04-04 05:01:00,1962.0,12.0,28.0,125.08,2.9,19910000000000,50.6,100.2,77.0,9.4,59.2,1397715000.0,35.86166,104.195397
137,13100,real estate,harry triguboff,90.0,australia,sydney,real estate,real estate,australia,True,u,m,1933-03-03 00:00:00,triguboff,harry,2023-04-04 05:01:00,1933.0,3.0,3.0,119.8,1.6,1392680589329,113.1,100.3,82.7,23.0,47.4,25766605.0,-25.274398,133.775136
138,12900,finance & investments,uday kotak,64.0,india,mumbai,banking,finance & investments,india,True,d,m,1959-03-15 00:00:00,kotak,uday,2023-04-04 05:01:00,1959.0,3.0,15.0,180.44,7.7,2611000000000,28.1,113.0,69.4,11.2,49.7,1366417754.0,20.593684,78.96288
138,12900,sports,stanley kroenke,75.0,united states,electra,"sports, real estate",sports,united states,True,u,m,1947-07-29 00:00:00,kroenke,stanley,2023-04-04 05:01:00,1947.0,7.0,29.0,117.24,7.5,21427700000000,88.2,101.8,78.5,9.6,36.6,328239523.0,37.09024,-95.712891
140,12600,energy,mikhail fridman,58.0,united kingdom,london,"oil, banking, telecom",energy,russia,True,u,m,1964-04-21 00:00:00,fridman,mikhail,2023-04-04 05:01:00,1964.0,4.0,21.0,119.62,1.7,2827113184696,60.0,101.2,81.3,25.5,30.6,66834405.0,55.378051,-3.435973
141,12300,energy,sarath ratanavadi,57.0,thailand,bangkok,energy,energy,thailand,True,u,m,1965-07-12 00:00:00,ratanavadi,sarath,2023-04-04 05:01:00,1965.0,7.0,12.0,113.27,0.7,543649976166,49.3,99.8,76.9,14.9,29.5,69625582.0,15.870032,100.992541
142,12200,metals & mining,dang yanbao,50.0,china,yinchuan,coal,metals & mining,china,True,d,m,1973-02-01 00:00:00,dang,yanbao,2023-04-04 05:01:00,1973.0,2.0,1.0,125.08,2.9,19910000000000,50.6,100.2,77.0,9.4,59.2,1397715000.0,35.86166,104.195397
142,12200,healthcare,jiang rensheng & family,69.0,china,chongqing,vaccines,healthcare,china,True,d,m,1953-10-08 00:00:00,jiang,rensheng,2023-04-04 05:01:00,1953.0,10.0,8.0,125.08,2.9,19910000000000,50.6,100.2,77.0,9.4,59.2,1397715000.0,35.86166,104.195397
144,12100,automotive,shahid khan,72.0,united states,naples,auto parts,automotive,united states,True,u,m,1950-07-18 00:00:00,khan,shahid,2023-04-04 05:01:00,1950.0,7.0,18.0,117.24,7.5,21427700000000,88.2,101.8,78.5,9.6,36.6,328239523.0,37.09024,-95.712891
145,12000,technology,laurene powell jobs & family,59.0,united states,palo alto,"apple, disney",technology,united states,False,d,f,1963-11-06 00:00:00,powell jobs,laurene,2023-04-04 05:01:00,1963.0,11.0,6.0,117.24,7.5,21427700000000,88.2,101.8,78.5,9.6,36.6,328239523.0,37.09024,-95.712891
146,11800,diversified,robert kuok,99.0,hong kong,hong kong,"palm oil, shipping, property",diversified,malaysia,True,u,m,1923-10-06 00:00:00,kuok,robert,2023-04-04 05:01:00,1923.0,10.0,6.0,117.24,2.9,21427700000000,65.6,101.8,78.5,9.6,41.2,328239523.0,37.09024,10.451526
147,11600,real estate,stephen ross,82.0,united states,new york,real estate,real estate,united states,True,u,m,1940-05-10 00:00:00,ross,stephen,2023-04-04 05:01:00,1940.0,5.0,10.0,117.24,7.5,21427700000000,88.2,101.8,78.5,9.6,36.6,328239523.0,37.09024,-95.712891
148,11500,technology,pavel durov,38.0,united arab emirates,dubai,messaging app,technology,united arab emirates,True,d,m,1984-10-10 00:00:00,durov,pavel,2023-04-04 05:01:00,1984.0,10.0,10.0,114.52,-1.9,421142267938,36.8,108.4,77.8,0.1,15.9,9770529.0,23.424076,53.847818
148,11500,healthcare,andreas struengmann & family,73.0,germany,tegernsee,pharmaceuticals,healthcare,germany,True,d,m,1950-02-16 00:00:00,struengmann,andreas,2023-04-04 05:01:00,1950.0,2.0,16.0,112.85,1.4,3845630030824,70.2,104.0,80.9,11.5,48.8,83132799.0,51.165691,10.451526
148,11500,healthcare,thomas struengmann & family,73.0,germany,tegernsee,pharmaceuticals,healthcare,germany,True,d,m,1950-02-16 00:00:00,struengmann,thomas,2023-04-04 05:01:00,1950.0,2.0,16.0,112.85,1.4,3845630030824,70.2,104.0,80.9,11.5,48.8,83132799.0,51.165691,10.451526
151,11400,food & beverage,liu hanyuan,59.0,china,chengdu,agribusiness,food & beverage,china,True,d,m,1964-01-01 00:00:00,liu,hanyuan,2023-04-04 05:01:00,1964.0,1.0,1.0,125.08,2.9,19910000000000,50.6,100.2,77.0,9.4,59.2,1397715000.0,35.86166,104.195397
151,11400,fashion & retail,michael rubin,50.0,united states,bryn mawr,online retail,fashion & retail,united states,True,u,m,1972-07-21 00:00:00,rubin,michael,2023-04-04 05:01:00,1972.0,7.0,21.0,117.24,7.5,21427700000000,88.2,101.8,78.5,9.6,36.6,328239523.0,37.09024,-95.712891
153,11300,finance & investments,israel englander,74.0,united states,new york,hedge funds,finance & investments,united states,True,d,m,1948-09-30 00:00:00,englander,israel,2023-04-04 05:01:00,1948.0,9.0,30.0,117.24,7.5,21427700000000,88.2,101.8,78.5,9.6,36.6,328239523.0,37.09024,-95.712891
153,11300,manufacturing,viatcheslav kantor,69.0,israel,herzliya,"fertilizer, real estate",manufacturing,russia,True,u,m,1953-09-08 00:00:00,kantor,viatcheslav,2023-04-04 05:01:00,1953.0,9.0,8.0,108.15,0.8,395098666122,63.4,104.9,82.8,23.1,25.3,9053300.0,31.046051,34.851612
153,11300,manufacturing,anthony pratt,62.0,australia,melbourne,manufacturing,manufacturing,australia,False,d,m,1960-04-11 00:00:00,pratt,anthony,2023-04-04 05:01:00,1960.0,4.0,11.0,119.8,1.6,1392680589329,113.1,100.3,82.7,23.0,47.4,25766605.0,-25.274398,133.775136
153,11300,finance & investments,mikhail prokhorov,57.0,switzerland,frauenfeld,investments,finance & investments,russia,True,u,m,1965-05-03 00:00:00,prokhorov,mikhail,2023-04-04 05:01:00,1965.0,5.0,3.0,99.55,0.4,703082435360,59.6,105.2,83.6,10.1,28.8,8574832.0,46.818188,8.227512
157,11100,fashion & retail,giorgio armani,88.0,italy,milan,luxury goods,fashion & retail,italy,True,u,m,1934-07-11 00:00:00,armani,giorgio,2023-04-04 05:01:00,1934.0,7.0,11.0,110.62,0.6,2001244392042,61.9,101.9,82.9,24.3,59.1,60297396.0,41.87194,12.56738
157,11100,fashion & retail,johann rupert & family,72.0,south africa,cape town,luxury goods,fashion & retail,south africa,False,u,m,1950-06-01 00:00:00,rupert,johann,2023-04-04 05:01:00,1950.0,6.0,1.0,158.93,4.1,351431649241,22.4,100.9,63.9,27.5,29.2,58558270.0,-30.559482,22.937506
159,11000,finance & investments,gong hongjia & family,58.0,hong kong,hong kong,video surveillance,finance & investments,hong kong,True,d,m,1965-01-01 00:00:00,gong,hongjia,2023-04-04 05:01:00,1965.0,1.0,1.0,117.24,2.9,21427700000000,65.6,101.8,78.5,9.6,41.2,328239523.0,37.09024,10.451526
159,11000,technology,zhang zhidong,51.0,china,shenzhen,internet media,technology,china,True,d,m,1972-01-01 00:00:00,zhang,zhidong,2023-04-04 05:01:00,1972.0,1.0,1.0,125.08,2.9,19910000000000,50.6,100.2,77.0,9.4,59.2,1397715000.0,35.86166,104.195397
161,10900,finance & investments,philip anschutz,83.0,united states,denver,"energy, sports, entertainment",finance & investments,united states,False,e,m,1939-12-28 00:00:00,anschutz,philip,2023-04-04 05:01:00,1939.0,12.0,28.0,117.24,7.5,21427700000000,88.2,101.8,78.5,9.6,36.6,328239523.0,37.09024,-95.712891
161,10900,fashion & retail,judy love & family,85.0,united states,oklahoma city,gas stations,fashion & retail,united states,True,u,f,1937-06-17 00:00:00,love,judy,2023-04-04 05:01:00,1937.0,6.0,17.0,117.24,7.5,21427700000000,88.2,101.8,78.5,9.6,36.6,328239523.0,37.09024,-95.712891
161,10900,fashion & retail,ricardo salinas pliego & family,67.0,mexico,mexico city,"retail, media",fashion & retail,mexico,False,d,m,1955-10-19 00:00:00,salinas pliego,ricardo,2023-04-04 05:01:00,1955.0,10.0,19.0,141.54,3.6,1258286717125,40.2,105.8,75.0,13.1,55.1,126014024.0,23.634501,-102.552784
164,10700,media & entertainment,donald newhouse,93.0,united states,new york,media,media & entertainment,united states,False,d,m,1929-08-05 00:00:00,newhouse,donald,2023-04-04 05:01:00,1929.0,8.0,5.0,117.24,7.5,21427700000000,88.2,101.8,78.5,9.6,36.6,328239523.0,37.09024,-95.712891
165,10600,sports,robert kraft,81.0,united states,brookline,"manufacturing, new england patriots",sports,united states,True,u,m,1941-06-05 00:00:00,kraft,robert,2023-04-04 05:01:00,1941.0,6.0,5.0,117.24,7.5,21427700000000,88.2,101.8,78.5,9.6,36.6,328239523.0,37.09024,-95.712891
165,10600,food & beverage,marcel herrmann telles,73.0,brazil,sao paulo,beer,food & beverage,brazil,True,u,m,1950-01-01 00:00:00,telles,marcel herrmann,2023-04-04 05:01:00,1950.0,1.0,1.0,167.4,3.7,1839758040766,51.3,115.4,75.7,14.2,65.1,212559417.0,-14.235004,-51.92528
167,10500,finance & investments,suleiman kerimov & family,57.0,russia,moscow,gold,finance & investments,russia,True,u,m,1966-03-12 00:00:00,kerimov & family,suleiman,2023-04-04 05:01:00,1966.0,3.0,12.0,180.75,4.5,1699876578871,81.9,102.6,72.7,11.4,46.2,144373535.0,61.52401,105.318756
167,10500,fashion & retail,sky xu,39.0,china,guangzhou,e-commerce,fashion & retail,china,True,u,m,1984-01-01 00:00:00,xu,sky,2023-04-04 05:01:00,1984.0,1.0,1.0,125.08,2.9,19910000000000,50.6,100.2,77.0,9.4,59.2,1397715000.0,35.86166,104.195397
167,10500,finance & investments,changpeng zhao,45.0,united arab emirates,dubai,cryptocurrency exchange,finance & investments,canada,True,d,m,1977-09-10 00:00:00,zhao,changpeng,2023-04-04 05:01:00,1977.0,9.0,10.0,114.52,-1.9,421142267938,36.8,108.4,77.8,0.1,15.9,9770529.0,23.424076,53.847818
170,10300,finance & investments,andrew beal,70.0,united states,dallas,"banks, real estate",finance & investments,united states,True,u,m,1952-11-29 00:00:00,beal,andrew,2023-04-04 05:01:00,1952.0,11.0,29.0,117.24,7.5,21427700000000,88.2,101.8,78.5,9.6,36.6,328239523.0,37.09024,-95.712891
171,10200,technology,mike cannon-brookes,43.0,australia,sydney,software,technology,australia,True,d,m,1979-11-17 00:00:00,cannon-brookes,mike,2023-04-04 05:01:00,1979.0,11.0,17.0,119.8,1.6,1392680589329,113.1,100.3,82.7,23.0,47.4,25766605.0,-25.274398,133.775136
171,10200,healthcare,carl cook,60.0,united states,bloomington,medical devices,healthcare,united states,False,d,m,1962-08-19 00:00:00,cook,carl,2023-04-04 05:01:00,1962.0,8.0,19.0,117.24,7.5,21427700000000,88.2,101.8,78.5,9.6,36.6,328239523.0,37.09024,-95.712891
171,10200,technology,david duffield,82.0,united states,incline village,business software,technology,united states,True,d,m,1940-09-21 00:00:00,duffield,david,2023-04-04 05:01:00,1940.0,9.0,21.0,117.24,7.5,21427700000000,88.2,101.8,78.5,9.6,36.6,328239523.0,37.09024,-95.712891
171,10200,energy,jeffery hildebrand,64.0,united states,houston,oil,energy,united states,True,u,m,1959-03-05 00:00:00,hildebrand,jeffery,2023-04-04 05:01:00,1959.0,3.0,5.0,117.24,7.5,21427700000000,88.2,101.8,78.5,9.6,36.6,328239523.0,37.09024,-95.712891
171,10200,manufacturing,viktor rashnikov,74.0,russia,magnitogorsk,steel,manufacturing,russia,True,u,m,1948-10-13 00:00:00,rashnikov,viktor,2023-04-04 05:01:00,1948.0,10.0,13.0,180.75,4.5,1699876578871,81.9,102.6,72.7,11.4,46.2,144373535.0,61.52401,105.318756
171,10200,technology,eduardo saverin,41.0,singapore,singapore,facebook,technology,brazil,True,d,m,1982-03-19 00:00:00,saverin,eduardo,2023-04-04 05:01:00,1982.0,3.0,19.0,114.41,0.6,372062527489,84.8,100.6,83.1,13.1,21.0,5703569.0,1.352083,103.819836
171,10200,automotive,georg schaeffler,58.0,germany,herzogenaurach,auto parts,automotive,germany,False,u,m,1964-10-19 00:00:00,schaeffler,georg,2023-04-04 05:01:00,1964.0,10.0,19.0,112.85,1.4,3845630030824,70.2,104.0,80.9,11.5,48.8,83132799.0,51.165691,10.451526
171,10200,fashion & retail,christy walton,74.0,united states,jackson,walmart,fashion & retail,united states,False,u,f,1949-02-08 00:00:00,walton,christy,2023-04-04 05:01:00,1949.0,2.0,8.0,117.24,7.5,21427700000000,88.2,101.8,78.5,9.6,36.6,328239523.0,37.09024,-95.712891
179,10100,technology,scott farquhar,43.0,australia,sydney,software,technology,australia,True,d,m,1979-12-17 00:00:00,farquhar,scott,2023-04-04 05:01:00,1979.0,12.0,17.0,119.8,1.6,1392680589329,113.1,100.3,82.7,23.0,47.4,25766605.0,-25.274398,133.775136
179,10100,diversified,quek leng chan,81.0,malaysia,kuala lumpur,"banking, property",diversified,malaysia,False,d,m,1941-08-12 00:00:00,quek,leng chan,2023-04-04 05:01:00,1941.0,8.0,12.0,121.46,0.7,364701517788,45.1,105.3,76.0,12.0,38.7,32447385.0,4.210484,101.975766
179,10100,real estate,wu yajun,59.0,china,beijing,real estate,real estate,china,True,d,f,1964-01-01 00:00:00,wu,yajun,2023-04-04 05:01:00,1964.0,1.0,1.0,125.08,2.9,19910000000000,50.6,100.2,77.0,9.4,59.2,1397715000.0,35.86166,104.195397
182,10000,energy,autry stephens,85.0,united states,midland,oil,energy,united states,True,u,m,1938-03-08 00:00:00,stephens,autry,2023-04-04 05:01:00,1938.0,3.0,8.0,117.24,7.5,21427700000000,88.2,101.8,78.5,9.6,36.6,328239523.0,37.09024,-95.712891
183,9900,service,liu yongxing,74.0,china,shanghai,diversified,service,china,True,d,m,1948-06-01 00:00:00,liu,yongxing,2023-04-04 05:01:00,1948.0,6.0,1.0,125.08,2.9,19910000000000,50.6,100.2,77.0,9.4,59.2,1397715000.0,35.86166,104.195397
184,9800,diversified,vinod adani,74.0,united arab emirates,dubai,"infrastructure, commodities",diversified,cyprus,True,split family fortune,m,1949-01-10 00:00:00,adani,vinod,2023-04-04 05:01:00,1949.0,1.0,10.0,114.52,-1.9,421142267938,36.8,108.4,77.8,0.1,15.9,9770529.0,23.424076,53.847818
184,9800,fashion & retail,nicolas puech,80.0,switzerland,martigny,hermes,fashion & retail,france,False,u,m,1943-01-29 00:00:00,puech,nicolas,2023-04-04 05:01:00,1943.0,1.0,29.0,99.55,0.4,703082435360,59.6,105.2,83.6,10.1,28.8,8574832.0,46.818188,8.227512
184,9800,logistics,"jacques saadé, jr.",51.0,france,marseille,shipping,logistics,france,False,split family fortune,m,1971-08-10 00:00:00,saadé,jacques,2023-04-04 05:01:00,1971.0,8.0,10.0,110.05,1.1,2715518274227,65.6,102.5,82.5,24.2,60.7,67059887.0,46.227638,2.213749
184,9800,logistics,rodolphe saadé,53.0,france,marseille,shipping,logistics,france,False,split family fortune,m,1970-03-03 00:00:00,saadé,rodolphe,2023-04-04 05:01:00,1970.0,3.0,3.0,110.05,1.1,2715518274227,65.6,102.5,82.5,24.2,60.7,67059887.0,46.227638,2.213749
184,9800,logistics,tanya saadé zeenny,55.0,france,marseille,shipping,logistics,france,False,split family fortune,f,1968-02-01 00:00:00,saadé zeenny,tanya,2023-04-04 05:01:00,1968.0,2.0,1.0,110.05,1.1,2715518274227,65.6,102.5,82.5,24.2,60.7,67059887.0,46.227638,2.213749
184,9800,finance & investments,melker schorling & family,75.0,sweden,stockholm,investments,finance & investments,sweden,True,d,m,1947-05-15 00:00:00,schorling,melker,2023-04-04 05:01:00,1947.0,5.0,15.0,110.51,1.8,530832908738,67.0,126.6,82.5,27.9,49.1,10285453.0,60.128161,18.643501
190,9700,manufacturing,andrei guriev & family,63.0,russia,moscow,fertilizers,manufacturing,russia,True,u,m,1960-03-24 00:00:00,guriev & family,andrei,2023-04-04 05:01:00,1960.0,3.0,24.0,180.75,4.5,1699876578871,81.9,102.6,72.7,11.4,46.2,144373535.0,61.52401,105.318756
190,9700,finance & investments,michael kim,59.0,south korea,seoul,private equity,finance & investments,united states,True,u,m,1963-10-01 00:00:00,kim,michael,2023-04-04 05:01:00,1963.0,10.0,1.0,115.16,0.4,2029000000000,94.3,98.1,82.6,15.6,33.2,51709098.0,35.907757,127.766922
190,9700,technology,lei jun,53.0,china,beijing,smartphones,technology,china,True,d,m,1969-12-16 00:00:00,lei,jun,2023-04-04 05:01:00,1969.0,12.0,16.0,125.08,2.9,19910000000000,50.6,100.2,77.0,9.4,59.2,1397715000.0,35.86166,104.195397
190,9700,manufacturing,friedhelm loh,76.0,germany,haiger,manufacturing,manufacturing,germany,False,u,m,1946-08-15 00:00:00,loh,friedhelm,2023-04-04 05:01:00,1946.0,8.0,15.0,112.85,1.4,3845630030824,70.2,104.0,80.9,11.5,48.8,83132799.0,51.165691,10.451526
190,9700,healthcare,sun piaoyang,64.0,china,lianyungang,pharmaceuticals,healthcare,china,True,d,m,1958-09-01 00:00:00,sun,piaoyang,2023-04-04 05:01:00,1958.0,9.0,1.0,125.08,2.9,19910000000000,50.6,100.2,77.0,9.4,59.2,1397715000.0,35.86166,104.195397
195,9600,technology,rick cohen & family,70.0,united states,keene,warehouse automation,technology,united states,False,n,m,1952-07-25 00:00:00,cohen,rick,2023-04-04 05:01:00,1952.0,7.0,25.0,117.24,7.5,21427700000000,88.2,101.8,78.5,9.6,36.6,328239523.0,37.09024,-95.712891
195,9600,energy,jin baofang,70.0,china,xingtai,solar panels,energy,china,True,d,m,1952-09-01 00:00:00,jin,baofang,2023-04-04 05:01:00,1952.0,9.0,1.0,125.08,2.9,19910000000000,50.6,100.2,77.0,9.4,59.2,1397715000.0,35.86166,104.195397
195,9600,manufacturing,luo liguo & family,67.0,china,ningbo,chemicals,manufacturing,china,True,d,m,1956-03-01 00:00:00,luo,liguo,2023-04-04 05:01:00,1956.0,3.0,1.0,125.08,2.9,19910000000000,50.6,100.2,77.0,9.4,59.2,1397715000.0,35.86166,104.195397
195,9600,food & beverage,marijke mars,58.0,united states,los angeles,"candy, pet food",food & beverage,united states,False,u,f,1964-07-28 00:00:00,mars,marijke,2023-04-04 05:01:00,1964.0,7.0,28.0,117.24,7.5,21427700000000,88.2,101.8,78.5,9.6,36.6,328239523.0,37.09024,-95.712891
195,9600,food & beverage,pamela mars,62.0,united states,alexandria,"candy, pet food",food & beverage,united states,False,u,f,1960-08-01 00:00:00,mars,pamela,2023-04-04 05:01:00,1960.0,8.0,1.0,117.24,7.5,21427700000000,88.2,101.8,78.5,9.6,36.6,328239523.0,37.09024,-95.712891
195,9600,food & beverage,valerie mars,64.0,united states,new york,"candy, pet food",food & beverage,united states,False,u,f,1959-01-26 00:00:00,mars,valerie,2023-04-04 05:01:00,1959.0,1.0,26.0,117.24,7.5,21427700000000,88.2,101.8,78.5,9.6,36.6,328239523.0,37.09024,-95.712891
195,9600,food & beverage,victoria mars,66.0,united states,philadelphia,"candy, pet food",food & beverage,united states,False,u,f,1956-12-15 00:00:00,mars,victoria,2023-04-04 05:01:00,1956.0,12.0,15.0,117.24,7.5,21427700000000,88.2,101.8,78.5,9.6,36.6,328239523.0,37.09024,-95.712891
202,9500,finance & investments,vincent bolloré & family,71.0,france,paris,investments,finance & investments,france,False,u,m,1952-04-01 00:00:00,bolloré,vincent,2023-04-04 05:01:00,1952.0,4.0,1.0,110.05,1.1,2715518274227,65.6,102.5,82.5,24.2,60.7,67059887.0,46.227638,2.213749
202,9500,diversified,jim pattison,94.0,canada,vancouver,diversified,diversified,canada,True,d,m,1928-10-01 00:00:00,pattison,jim,2023-04-04 05:01:00,1928.0,10.0,1.0,116.76,1.9,1736425629520,68.9,100.9,81.9,12.8,24.5,36991981.0,56.130366,-106.346771
204,9400,healthcare,ernesto bertarelli,57.0,switzerland,gstaad,"biotech, investments",healthcare,switzerland,False,u,m,1965-09-22 00:00:00,bertarelli,ernesto,2023-04-04 05:01:00,1965.0,9.0,22.0,99.55,0.4,703082435360,59.6,105.2,83.6,10.1,28.8,8574832.0,46.818188,8.227512
204,9400,technology,wang xing,44.0,china,beijing,food delivery,technology,china,True,d,m,1979-02-18 00:00:00,wang,xing,2023-04-04 05:01:00,1979.0,2.0,18.0,125.08,2.9,19910000000000,50.6,100.2,77.0,9.4,59.2,1397715000.0,35.86166,104.195397
206,9300,technology,brian chesky,41.0,united states,san francisco,airbnb,technology,united states,True,d,m,1981-08-29 00:00:00,chesky,brian,2023-04-04 05:01:00,1981.0,8.0,29.0,117.24,7.5,21427700000000,88.2,101.8,78.5,9.6,36.6,328239523.0,37.09024,-95.712891
206,9300,manufacturing,james dyson,75.0,united kingdom,gloucestershire,vacuums,manufacturing,united kingdom,True,u,m,1947-05-02 00:00:00,dyson,james,2023-04-04 05:01:00,1947.0,5.0,2.0,119.62,1.7,2827113184696,60.0,101.2,81.3,25.5,30.6,66834405.0,55.378051,-3.435973
208,9200,diversified,roman abramovich & family,56.0,russia,moscow,"steel, investments",diversified,russia,True,u,m,1966-10-24 00:00:00,abramovich,roman,2023-04-04 05:01:00,1966.0,10.0,24.0,180.75,4.5,1699876578871,81.9,102.6,72.7,11.4,46.2,144373535.0,61.52401,105.318756
208,9200,diversified,antonia ax:son johnson & family,79.0,sweden,stockholm,diversified,diversified,sweden,False,u,f,1943-09-06 00:00:00,ax:son johnson,antonia,2023-04-04 05:01:00,1943.0,9.0,6.0,110.51,1.8,530832908738,67.0,126.6,82.5,27.9,49.1,10285453.0,60.128161,18.643501
208,9200,energy,daniel kretinsky,47.0,czech republic,prague,"energy, investments",energy,czech republic,True,u,m,1975-07-09 00:00:00,kretinsky,daniel,2023-04-04 05:01:00,1975.0,7.0,9.0,116.48,2.8,246489245495,64.1,100.7,79.0,14.9,46.1,10669709.0,49.817492,15.472962
208,9200,media & entertainment,john malone,82.0,united states,elizabeth,cable television,media & entertainment,united states,True,u,m,1941-03-07 00:00:00,malone,john,2023-04-04 05:01:00,1941.0,3.0,7.0,117.24,7.5,21427700000000,88.2,101.8,78.5,9.6,36.6,328239523.0,37.09024,-95.712891
208,9200,technology,azim premji,77.0,india,bangalore,software services,technology,india,False,d,m,1945-07-24 00:00:00,premji,azim,2023-04-04 05:01:00,1945.0,7.0,24.0,180.44,7.7,2611000000000,28.1,113.0,69.4,11.2,49.7,1366417754.0,20.593684,78.96288
208,9200,finance & investments,charles schwab,85.0,united states,woodside,discount brokerage,finance & investments,united states,True,d,m,1937-07-29 00:00:00,schwab,charles,2023-04-04 05:01:00,1937.0,7.0,29.0,117.24,7.5,21427700000000,88.2,101.8,78.5,9.6,36.6,328239523.0,37.09024,-95.712891
208,9200,fashion & retail,eric smidt,63.0,united states,beverly hills,hardware stores,fashion & retail,united states,True,u,m,1960-01-01 00:00:00,smidt,eric,2023-04-04 05:01:00,1960.0,1.0,1.0,117.24,7.5,21427700000000,88.2,101.8,78.5,9.6,36.6,328239523.0,37.09024,-95.712891
215,9000,technology,david cheriton,72.0,united states,palo alto,google,technology,canada,True,d,m,1951-03-29 00:00:00,cheriton,david,2023-04-04 05:01:00,1951.0,3.0,29.0,117.24,7.5,21427700000000,88.2,101.8,78.5,9.6,36.6,328239523.0,37.09024,-95.712891
215,9000,metals & mining,ivan glasenberg,66.0,switzerland,ruschlikon,mining,metals & mining,switzerland,True,d,m,1957-01-07 00:00:00,glasenberg,ivan,2023-04-04 05:01:00,1957.0,1.0,7.0,99.55,0.4,703082435360,59.6,105.2,83.6,10.1,28.8,8574832.0,46.818188,8.227512
215,9000,real estate,alexander otto,55.0,germany,hamburg,real estate,real estate,germany,False,d,m,1967-07-07 00:00:00,otto,alexander,2023-04-04 05:01:00,1967.0,7.0,7.0,112.85,1.4,3845630030824,70.2,104.0,80.9,11.5,48.8,83132799.0,51.165691,10.451526
215,9000,food & beverage,anthony von mandl,73.0,canada,vancouver,alcoholic beverages,food & beverage,canada,True,u,m,1950-03-10 00:00:00,von mandl,anthony,2023-04-04 05:01:00,1950.0,3.0,10.0,116.76,1.9,1736425629520,68.9,100.9,81.9,12.8,24.5,36991981.0,56.130366,-106.346771
215,9000,manufacturing,wang liping & family,57.0,china,changzhou,hydraulic machinery,manufacturing,china,True,u,m,1966-02-24 00:00:00,wang,liping,2023-04-04 05:01:00,1966.0,2.0,24.0,125.08,2.9,19910000000000,50.6,100.2,77.0,9.4,59.2,1397715000.0,35.86166,104.195397
220,8900,food & beverage,finn rausing,68.0,united kingdom,london,packaging,food & beverage,sweden,False,d,m,1955-01-01 00:00:00,rausing,finn,2023-04-04 05:01:00,1955.0,1.0,1.0,119.62,1.7,2827113184696,60.0,101.2,81.3,25.5,30.6,66834405.0,55.378051,-3.435973
220,8900,food & beverage,jorn rausing,63.0,united kingdom,surrey,packaging,food & beverage,sweden,False,d,m,1960-01-01 00:00:00,rausing,jorn,2023-04-04 05:01:00,1960.0,1.0,1.0,119.62,1.7,2827113184696,60.0,101.2,81.3,25.5,30.6,66834405.0,55.378051,-3.435973
220,8900,food & beverage,kirsten rausing,70.0,united kingdom,newmarket,packaging,food & beverage,sweden,False,d,f,1952-06-06 00:00:00,rausing,kirsten,2023-04-04 05:01:00,1952.0,6.0,6.0,119.62,1.7,2827113184696,60.0,101.2,81.3,25.5,30.6,66834405.0,55.378051,-3.435973
223,8800,fashion & retail,tatyana bakalchuk,47.0,russia,moscow region,ecommerce,fashion & retail,russia,True,u,f,1975-10-16 00:00:00,bakalchuk,tatyana,2023-04-04 05:01:00,1975.0,10.0,16.0,180.75,4.5,1699876578871,81.9,102.6,72.7,11.4,46.2,144373535.0,61.52401,105.318756
223,8800,technology,john doerr,71.0,united states,woodside,venture capital,technology,united states,True,d,m,1951-06-29 00:00:00,doerr,john,2023-04-04 05:01:00,1951.0,6.0,29.0,117.24,7.5,21427700000000,88.2,101.8,78.5,9.6,36.6,328239523.0,37.09024,-95.712891
223,8800,technology,richard liu,49.0,china,beijing,e-commerce,technology,china,True,d,m,1974-03-10 00:00:00,liu,richard,2023-04-04 05:01:00,1974.0,3.0,10.0,125.08,2.9,19910000000000,50.6,100.2,77.0,9.4,59.2,1397715000.0,35.86166,104.195397
223,8800,technology,dustin moskovitz,38.0,united states,san francisco,facebook,technology,united states,True,d,m,1984-05-22 00:00:00,moskovitz,dustin,2023-04-04 05:01:00,1984.0,5.0,22.0,117.24,7.5,21427700000000,88.2,101.8,78.5,9.6,36.6,328239523.0,37.09024,-95.712891
223,8800,technology,pierre omidyar,55.0,united states,honolulu,"ebay, paypal",technology,united states,True,d,m,1967-06-21 00:00:00,omidyar,pierre,2023-04-04 05:01:00,1967.0,6.0,21.0,117.24,7.5,21427700000000,88.2,101.8,78.5,9.6,36.6,328239523.0,37.09024,-95.712891
223,8800,energy,pei zhenhua,64.0,china,ningde,batteries,energy,china,True,d,m,1959-01-01 00:00:00,pei,zhenhua,2023-04-04 05:01:00,1959.0,1.0,1.0,125.08,2.9,19910000000000,50.6,100.2,77.0,9.4,59.2,1397715000.0,35.86166,104.195397
223,8800,energy,carrie perrodo & family,72.0,united kingdom,london,oil,energy,france,False,u,f,1951-01-01 00:00:00,perrodo,carrie,2023-04-04 05:01:00,1951.0,1.0,1.0,119.62,1.7,2827113184696,60.0,101.2,81.3,25.5,30.6,66834405.0,55.378051,-3.435973
230,8700,manufacturing,chen jianhua,52.0,china,wujiang,chemicals,manufacturing,china,True,u,m,1971-01-01 00:00:00,chen,jianhua,2023-04-04 05:01:00,1971.0,1.0,1.0,125.08,2.9,19910000000000,50.6,100.2,77.0,9.4,59.2,1397715000.0,35.86166,104.195397
230,8700,fashion & retail,michael otto,79.0,germany,hamburg,"retail, real estate",fashion & retail,germany,False,d,m,1943-04-12 00:00:00,otto,michael,2023-04-04 05:01:00,1943.0,4.0,12.0,112.85,1.4,3845630030824,70.2,104.0,80.9,11.5,48.8,83132799.0,51.165691,10.451526
232,8600,finance & investments,leon black,71.0,united states,new york,private equity,finance & investments,united states,True,d,m,1951-07-31 00:00:00,black,leon,2023-04-04 05:01:00,1951.0,7.0,31.0,117.24,7.5,21427700000000,88.2,101.8,78.5,9.6,36.6,328239523.0,37.09024,-95.712891
232,8600,finance & investments,graeme hart,67.0,new zealand,auckland,investments,finance & investments,new zealand,True,d,m,1955-06-06 00:00:00,hart,graeme,2023-04-04 05:01:00,1955.0,6.0,6.0,114.24,1.6,206928765544,82.0,100.0,81.9,29.0,34.6,4841000.0,-40.900557,174.885971
232,8600,food & beverage,ravi jaipuria,68.0,india,delhi,"soft drinks, fast food",food & beverage,india,False,u,m,1954-11-28 00:00:00,jaipuria,ravi,2023-04-04 05:01:00,1954.0,11.0,28.0,180.44,7.7,2611000000000,28.1,113.0,69.4,11.2,49.7,1366417754.0,20.593684,78.96288
232,8600,technology,hasso plattner & family,79.0,germany,heidelberg,software,technology,germany,True,u,m,1944-01-21 00:00:00,plattner,hasso,2023-04-04 05:01:00,1944.0,1.0,21.0,112.85,1.4,3845630030824,70.2,104.0,80.9,11.5,48.8,83132799.0,51.165691,10.451526
232,8600,food & beverage,carlos alberto sicupira & family,75.0,switzerland,st. gallen,beer,food & beverage,brazil,True,u,m,1948-01-01 00:00:00,sicupira,carlos alberto,2023-04-04 05:01:00,1948.0,1.0,1.0,99.55,0.4,703082435360,59.6,105.2,83.6,10.1,28.8,8574832.0,46.818188,8.227512
232,8600,real estate,manuel villar,73.0,philippines,manila,real estate,real estate,philippines,True,u,m,1949-12-13 00:00:00,villar,manuel,2023-04-04 05:01:00,1949.0,12.0,13.0,129.61,2.5,376795508680,35.5,107.5,71.1,14.0,43.1,108116615.0,12.879721,121.774017
232,8600,technology,andreas von bechtolsheim & family,67.0,united states,palo alto,google,technology,germany,True,d,m,1955-09-30 00:00:00,von bechtolsheim,andreas,2023-04-04 05:01:00,1955.0,9.0,30.0,117.24,7.5,21427700000000,88.2,101.8,78.5,9.6,36.6,328239523.0,37.09024,-95.712891
239,8500,finance & investments,"chase coleman, iii.",47.0,united states,new york,investments,finance & investments,united states,True,d,m,1975-06-21 00:00:00,coleman,chase,2023-04-04 05:01:00,1975.0,6.0,21.0,117.24,7.5,21427700000000,88.2,101.8,78.5,9.6,36.6,328239523.0,37.09024,-95.712891
239,8500,fashion & retail,ann walton kroenke,74.0,united states,electra,walmart,fashion & retail,united states,False,d,f,1948-12-18 00:00:00,kroenke,ann walton,2023-04-04 05:01:00,1948.0,12.0,18.0,117.24,7.5,21427700000000,88.2,101.8,78.5,9.6,36.6,328239523.0,37.09024,-95.712891
239,8500,manufacturing,li zhenguo & family,55.0,china,xi'an,solar wafers and modules,manufacturing,china,True,d,m,1968-01-01 00:00:00,li,zhenguo,2023-04-04 05:01:00,1968.0,1.0,1.0,125.08,2.9,19910000000000,50.6,100.2,77.0,9.4,59.2,1397715000.0,35.86166,104.195397
242,8400,media & entertainment,jim kennedy,75.0,united states,atlanta,"media, automotive",media & entertainment,united states,False,u,m,1947-11-29 00:00:00,kennedy,jim,2023-04-04 05:01:00,1947.0,11.0,29.0,117.24,7.5,21427700000000,88.2,101.8,78.5,9.6,36.6,328239523.0,37.09024,-95.712891
242,8400,metals & mining,nicky oppenheimer & family,77.0,south africa,johannesburg,diamonds,metals & mining,south africa,False,d,m,1945-06-08 00:00:00,oppenheimer,nicky,2023-04-04 05:01:00,1945.0,6.0,8.0,158.93,4.1,351431649241,22.4,100.9,63.9,27.5,29.2,58558270.0,-30.559482,22.937506
242,8400,media & entertainment,blair parry-okeden,72.0,australia,new south wales,"media, automotive",media & entertainment,united states,False,u,f,1950-05-21 00:00:00,parry-okeden,blair,2023-04-04 05:01:00,1950.0,5.0,21.0,119.8,1.6,1392680589329,113.1,100.3,82.7,23.0,47.4,25766605.0,-25.274398,133.775136
242,8400,metals & mining,zheng shuliang & family,77.0,china,binzhou,aluminum products,metals & mining,china,False,d,f,1946-01-01 00:00:00,zheng,shuliang,2023-04-04 05:01:00,1946.0,1.0,1.0,125.08,2.9,19910000000000,50.6,100.2,77.0,9.4,59.2,1397715000.0,35.86166,104.195397
246,8300,fashion & retail,john morris,75.0,united states,springfield,sporting goods retail,fashion & retail,united states,True,u,m,1948-03-19 00:00:00,morris,john,2023-04-04 05:01:00,1948.0,3.0,19.0,117.24,7.5,21427700000000,88.2,101.8,78.5,9.6,36.6,328239523.0,37.09024,-95.712891
246,8300,fashion & retail,stefano pessina,81.0,monaco,monte carlo,drugstores,fashion & retail,monaco,False,d,m,1941-06-04 00:00:00,pessina,stefano,2023-04-04 05:01:00,1941.0,6.0,4.0,117.24,2.9,7184844193,65.6,101.8,78.5,9.6,41.2,38964.0,43.7384176,7.4246158
249,8200,real estate,francis choi,75.0,hong kong,hong kong,real estate,real estate,hong kong,True,u,m,1947-09-18 00:00:00,choi,francis,2023-04-04 05:01:00,1947.0,9.0,18.0,117.24,2.9,21427700000000,65.6,101.8,78.5,9.6,41.2,328239523.0,37.09024,10.451526
249,8200,energy,german khan,61.0,russia,moscow,"oil, banking, telecom",energy,russia,True,u,m,1961-10-24 00:00:00,khan,german,2023-04-04 05:01:00,1961.0,10.0,24.0,180.75,4.5,1699876578871,81.9,102.6,72.7,11.4,46.2,144373535.0,61.52401,105.318756
249,8200,diversified,abdulsamad rabiu,62.0,nigeria,lagos,"cement, sugar",diversified,nigeria,False,u,m,1960-08-04 00:00:00,rabiu,abdulsamad,2023-04-04 05:01:00,1960.0,8.0,4.0,267.51,11.4,448120428859,10.2,84.7,54.3,1.5,34.8,200963599.0,9.081999,8.675277
249,8200,finance & investments,george roberts,79.0,united states,atherton,private equity,finance & investments,united states,True,u,m,1943-09-14 00:00:00,roberts,george,2023-04-04 05:01:00,1943.0,9.0,14.0,117.24,7.5,21427700000000,88.2,101.8,78.5,9.6,36.6,328239523.0,37.09024,-95.712891
249,8200,real estate,kushal pal singh,91.0,india,delhi,real estate,real estate,india,False,d,m,1931-08-15 00:00:00,singh,kushal pal,2023-04-04 05:01:00,1931.0,8.0,15.0,180.44,7.7,2611000000000,28.1,113.0,69.4,11.2,49.7,1366417754.0,20.593684,78.96288
249,8200,real estate,wang jianlin,68.0,china,beijing,real estate,real estate,china,True,d,m,1954-10-01 00:00:00,wang,jianlin,2023-04-04 05:01:00,1954.0,10.0,1.0,125.08,2.9,19910000000000,50.6,100.2,77.0,9.4,59.2,1397715000.0,35.86166,104.195397
249,8200,real estate,yang huiyan & family,41.0,china,foshan,real estate,real estate,china,False,d,f,1981-09-27 00:00:00,yang,huiyan,2023-04-04 05:01:00,1981.0,9.0,27.0,125.08,2.9,19910000000000,50.6,100.2,77.0,9.4,59.2,1397715000.0,35.86166,104.195397
256,8100,diversified,laurent dassault,69.0,france,paris,diversified,diversified,france,False,d,m,1953-07-07 00:00:00,dassault,laurent,2023-04-04 05:01:00,1953.0,7.0,7.0,110.05,1.1,2715518274227,65.6,102.5,82.5,24.2,60.7,67059887.0,46.227638,2.213749
256,8100,diversified,thierry dassault,66.0,france,paris,diversified,diversified,france,False,d,m,1957-03-26 00:00:00,dassault,thierry,2023-04-04 05:01:00,1957.0,3.0,26.0,110.05,1.1,2715518274227,65.6,102.5,82.5,24.2,60.7,67059887.0,46.227638,2.213749
256,8100,food & beverage,tilman fertitta,65.0,united states,houston,"houston rockets, entertainment",food & beverage,united states,True,u,m,1957-06-25 00:00:00,fertitta,tilman,2023-04-04 05:01:00,1957.0,6.0,25.0,117.24,7.5,21427700000000,88.2,101.8,78.5,9.6,36.6,328239523.0,37.09024,-95.712891
256,8100,diversified,marie-hélène habert-dassault,58.0,france,paris,diversified,diversified,france,False,d,f,1965-04-04 00:00:00,habert-dassault,marie-hélène,2023-04-04 05:01:00,1965.0,4.0,4.0,110.05,1.1,2715518274227,65.6,102.5,82.5,24.2,60.7,67059887.0,46.227638,2.213749
256,8100,gambling & casinos,karel komarek,54.0,switzerland,verbier,"oil and gas, it, lotteries",gambling & casinos,czech republic,True,u,m,1969-03-15 00:00:00,komarek,karel,2023-04-04 05:01:00,1969.0,3.0,15.0,99.55,0.4,703082435360,59.6,105.2,83.6,10.1,28.8,8574832.0,46.818188,8.227512
261,8000,technology,nathan blecharczyk,39.0,united states,san francisco,airbnb,technology,united states,True,d,m,1983-06-11 00:00:00,blecharczyk,nathan,2023-04-04 05:01:00,1983.0,6.0,11.0,117.24,7.5,21427700000000,88.2,101.8,78.5,9.6,36.6,328239523.0,37.09024,-95.712891
261,8000,energy,leonid fedun,66.0,russia,moscow,oil,energy,russia,True,u,m,1956-04-05 00:00:00,fedun,leonid,2023-04-04 05:01:00,1956.0,4.0,5.0,180.75,4.5,1699876578871,81.9,102.6,72.7,11.4,46.2,144373535.0,61.52401,105.318756
261,8000,fashion & retail,bernard marcus,93.0,united states,atlanta,home depot,fashion & retail,united states,True,d,m,1929-05-12 00:00:00,marcus,bernard,2023-04-04 05:01:00,1929.0,5.0,12.0,117.24,7.5,21427700000000,88.2,101.8,78.5,9.6,36.6,328239523.0,37.09024,-95.712891
261,8000,finance & investments,patrick ryan,85.0,united states,winnetka,insurance,finance & investments,united states,True,e,m,1937-05-15 00:00:00,ryan,patrick,2023-04-04 05:01:00,1937.0,5.0,15.0,117.24,7.5,21427700000000,88.2,101.8,78.5,9.6,36.6,328239523.0,37.09024,-95.712891
261,8000,finance & investments,robert f. smith,60.0,united states,austin,private equity,finance & investments,united states,True,u,m,1962-12-01 00:00:00,smith,robert f.,2023-04-04 05:01:00,1962.0,12.0,1.0,117.24,7.5,21427700000000,88.2,101.8,78.5,9.6,36.6,328239523.0,37.09024,-95.712891
261,8000,metals & mining,pavel tykac,58.0,czech republic,prague,coal mines,metals & mining,czech republic,True,u,m,1964-05-15 00:00:00,tykac,pavel,2023-04-04 05:01:00,1964.0,5.0,15.0,116.48,2.8,246489245495,64.1,100.7,79.0,14.9,46.1,10669709.0,49.817492,15.472962
268,7900,finance & investments,orlando bravo,52.0,united states,miami beach,private equity,finance & investments,united states,True,u,m,1970-09-23 00:00:00,bravo,orlando,2023-04-04 05:01:00,1970.0,9.0,23.0,117.24,7.5,21427700000000,88.2,101.8,78.5,9.6,36.6,328239523.0,37.09024,-95.712891
268,7900,fashion & retail,ding shizhong,52.0,china,quanzhou,sports apparel,fashion & retail,china,True,u,m,1970-12-01 00:00:00,ding,shizhong,2023-04-04 05:01:00,1970.0,12.0,1.0,125.08,2.9,19910000000000,50.6,100.2,77.0,9.4,59.2,1397715000.0,35.86166,104.195397
268,7900,fashion & retail,nancy walton laurie,71.0,united states,henderson,walmart,fashion & retail,united states,False,d,f,1951-05-15 00:00:00,laurie,nancy walton,2023-04-04 05:01:00,1951.0,5.0,15.0,117.24,7.5,21427700000000,88.2,101.8,78.5,9.6,36.6,328239523.0,37.09024,-95.712891
268,7900,technology,jay y. lee,54.0,south korea,seoul,samsung,technology,south korea,False,d,m,1968-06-23 00:00:00,lee,jay y.,2023-04-04 05:01:00,1968.0,6.0,23.0,115.16,0.4,2029000000000,94.3,98.1,82.6,15.6,33.2,51709098.0,35.907757,127.766922
268,7900,finance & investments,ramzi musallam,54.0,united states,new york,private equity,finance & investments,united states,True,u,m,1968-09-17 00:00:00,musallam,ramzi,2023-04-04 05:01:00,1968.0,9.0,17.0,117.24,7.5,21427700000000,88.2,101.8,78.5,9.6,36.6,328239523.0,37.09024,-95.712891
268,7900,finance & investments,david shaw,72.0,united states,new york,hedge funds,finance & investments,united states,True,u,m,1951-03-29 00:00:00,shaw,david,2023-04-04 05:01:00,1951.0,3.0,29.0,117.24,7.5,21427700000000,88.2,101.8,78.5,9.6,36.6,328239523.0,37.09024,-95.712891
268,7900,metals & mining,andrei skoch & family,57.0,russia,moscow,metals and mining,metals & mining,russia,True,u,m,1966-01-30 00:00:00,skoch & family,andrei,2023-04-04 05:01:00,1966.0,1.0,30.0,180.75,4.5,1699876578871,81.9,102.6,72.7,11.4,46.2,144373535.0,61.52401,105.318756
268,7900,diversified,georg stumpf,50.0,austria,vienna,"real estate, construction",diversified,austria,True,e,m,1972-09-14 00:00:00,stumpf,georg,2023-04-04 05:01:00,1972.0,9.0,14.0,118.06,1.5,446314739528,85.1,103.1,81.6,25.4,51.4,8877067.0,47.516231,14.550072
276,7800,telecom,rocco commisso,73.0,united states,saddle river,telecom,telecom,united states,True,u,m,1949-11-25 00:00:00,commisso,rocco,2023-04-04 05:01:00,1949.0,11.0,25.0,117.24,7.5,21427700000000,88.2,101.8,78.5,9.6,36.6,328239523.0,37.09024,-95.712891
276,7800,manufacturing,li shuirong & family,66.0,china,hangzhou,petrochemicals,manufacturing,china,True,d,m,1956-07-01 00:00:00,li,shuirong,2023-04-04 05:01:00,1956.0,7.0,1.0,125.08,2.9,19910000000000,50.6,100.2,77.0,9.4,59.2,1397715000.0,35.86166,104.195397
276,7800,manufacturing,lin shu-hong,94.0,taiwan,taipei,petrochemicals,manufacturing,taiwan,True,u,m,1928-08-01 00:00:00,lin,shu-hong,2023-04-04 05:01:00,1928.0,8.0,1.0,117.24,2.9,21427700000000,65.6,101.8,78.5,9.6,41.2,328239523.0,37.09024,10.451526
276,7800,technology,qi shi & family,53.0,china,shanghai,financial information,technology,china,True,d,m,1970-01-03 00:00:00,qi,shi,2023-04-04 05:01:00,1970.0,1.0,3.0,125.08,2.9,19910000000000,50.6,100.2,77.0,9.4,59.2,1397715000.0,35.86166,104.195397
276,7800,manufacturing,yao liangsong,58.0,china,guangzhou,furniture,manufacturing,china,True,d,m,1964-08-01 00:00:00,yao,liangsong,2023-04-04 05:01:00,1964.0,8.0,1.0,125.08,2.9,19910000000000,50.6,100.2,77.0,9.4,59.2,1397715000.0,35.86166,104.195397
276,7800,fashion & retail,zhang congyuan,75.0,taiwan,taoyuan,shoes,fashion & retail,taiwan,True,d,m,1948-01-01 00:00:00,zhang,congyuan,2023-04-04 05:01:00,1948.0,1.0,1.0,117.24,2.9,21427700000000,65.6,101.8,78.5,9.6,41.2,328239523.0,37.09024,10.451526
282,7700,food & beverage,jean-michel besnier,55.0,france,laval,cheese,food & beverage,france,False,d,m,1967-06-05 00:00:00,besnier,jean-michel,2023-04-04 05:01:00,1967.0,6.0,5.0,110.05,1.1,2715518274227,65.6,102.5,82.5,24.2,60.7,67059887.0,46.227638,2.213749
282,7700,food & beverage,marie besnier beauvalot,42.0,france,laval,cheese,food & beverage,france,False,d,f,1980-07-30 00:00:00,besnier beauvalot,marie,2023-04-04 05:01:00,1980.0,7.0,30.0,110.05,1.1,2715518274227,65.6,102.5,82.5,24.2,60.7,67059887.0,46.227638,2.213749
282,7700,media & entertainment,david geffen,80.0,united states,beverly hills,"movies, record labels",media & entertainment,united states,True,d,m,1943-02-21 00:00:00,geffen,david,2023-04-04 05:01:00,1943.0,2.0,21.0,117.24,7.5,21427700000000,88.2,101.8,78.5,9.6,36.6,328239523.0,37.09024,-95.712891
282,7700,technology,robin li,54.0,china,beijing,internet search,technology,china,True,u,m,1968-11-17 00:00:00,li,robin,2023-04-04 05:01:00,1968.0,11.0,17.0,125.08,2.9,19910000000000,50.6,100.2,77.0,9.4,59.2,1397715000.0,35.86166,104.195397
282,7700,service,liu yonghao & family,71.0,china,chengdu,agribusiness,service,china,True,d,m,1951-09-01 00:00:00,liu,yonghao,2023-04-04 05:01:00,1951.0,9.0,1.0,125.08,2.9,19910000000000,50.6,100.2,77.0,9.4,59.2,1397715000.0,35.86166,104.195397
282,7700,technology,henry samueli,68.0,united states,newport beach,semiconductors,technology,united states,True,u,m,1954-09-20 00:00:00,samueli,henry,2023-04-04 05:01:00,1954.0,9.0,20.0,117.24,7.5,21427700000000,88.2,101.8,78.5,9.6,36.6,328239523.0,37.09024,-95.712891
282,7700,healthcare,reinhold schmieding,68.0,united states,naples,medical devices,healthcare,united states,True,u,m,1955-01-03 00:00:00,schmieding,reinhold,2023-04-04 05:01:00,1955.0,1.0,3.0,117.24,7.5,21427700000000,88.2,101.8,78.5,9.6,36.6,328239523.0,37.09024,-95.712891
282,7700,real estate,ivar tollefsen,61.0,norway,oslo,real estate,real estate,norway,True,u,m,1961-06-23 00:00:00,tollefsen,ivar,2023-04-04 05:01:00,1961.0,6.0,23.0,120.27,2.2,403336363636,82.0,100.3,82.8,23.9,36.2,5347896.0,60.472024,8.468946
290,7600,energy,cao renxian,54.0,china,hefei,photovoltaic equipment,energy,china,True,d,m,1968-07-24 00:00:00,cao,renxian,2023-04-04 05:01:00,1968.0,7.0,24.0,125.08,2.9,19910000000000,50.6,100.2,77.0,9.4,59.2,1397715000.0,35.86166,104.195397
290,7600,healthcare,hasmukh chudgar & family,89.0,india,ahmedabad,pharmaceuticals,healthcare,india,True,u,m,1933-09-19 00:00:00,chudgar,hasmukh,2023-04-04 05:01:00,1933.0,9.0,19.0,180.44,7.7,2611000000000,28.1,113.0,69.4,11.2,49.7,1366417754.0,20.593684,78.96288
290,7600,manufacturing,andrew currie,67.0,united kingdom,london,chemicals,manufacturing,united kingdom,True,u,m,1955-12-04 00:00:00,currie,andrew,2023-04-04 05:01:00,1955.0,12.0,4.0,119.62,1.7,2827113184696,60.0,101.2,81.3,25.5,30.6,66834405.0,55.378051,-3.435973
290,7600,technology,joe gebbia,41.0,united states,austin,airbnb,technology,united states,True,d,m,1981-08-21 00:00:00,gebbia,joe,2023-04-04 05:01:00,1981.0,8.0,21.0,117.24,7.5,21427700000000,88.2,101.8,78.5,9.6,36.6,328239523.0,37.09024,-95.712891
290,7600,real estate,philip ng,64.0,singapore,singapore,real estate,real estate,singapore,False,split family fortune,m,1959-01-01 00:00:00,ng,philip,2023-04-04 05:01:00,1959.0,1.0,1.0,114.41,0.6,372062527489,84.8,100.6,83.1,13.1,21.0,5703569.0,1.352083,103.819836
290,7600,manufacturing,john reece,66.0,united kingdom,london,chemicals,manufacturing,united kingdom,True,u,m,1957-03-07 00:00:00,reece,john,2023-04-04 05:01:00,1957.0,3.0,7.0,119.62,1.7,2827113184696,60.0,101.2,81.3,25.5,30.6,66834405.0,55.378051,-3.435973
290,7600,real estate,leonard stern,85.0,united states,new york,real estate,real estate,united states,False,u,m,1938-03-28 00:00:00,stern,leonard,2023-04-04 05:01:00,1938.0,3.0,28.0,117.24,7.5,21427700000000,88.2,101.8,78.5,9.6,36.6,328239523.0,37.09024,-95.712891
290,7600,technology,joseph tsai,59.0,hong kong,hong kong,e-commerce,technology,canada,True,d,m,1964-01-19 00:00:00,tsai,joseph,2023-04-04 05:01:00,1964.0,1.0,19.0,117.24,2.9,21427700000000,65.6,101.8,78.5,9.6,41.2,328239523.0,37.09024,10.451526
290,7600,healthcare,zhong huijuan,62.0,china,shanghai,pharmaceuticals,healthcare,china,True,d,f,1961-01-01 00:00:00,zhong,huijuan,2023-04-04 05:01:00,1961.0,1.0,1.0,125.08,2.9,19910000000000,50.6,100.2,77.0,9.4,59.2,1397715000.0,35.86166,104.195397
299,7500,sports,arthur blank,80.0,united states,atlanta,home depot,sports,united states,True,u,m,1942-09-27 00:00:00,blank,arthur,2023-04-04 05:01:00,1942.0,9.0,27.0,117.24,7.5,21427700000000,88.2,101.8,78.5,9.6,36.6,328239523.0,37.09024,-95.712891
299,7500,fashion & retail,charles butt,85.0,united states,san antonio,supermarkets,fashion & retail,united states,False,r,m,1938-02-03 00:00:00,butt,charles,2023-04-04 05:01:00,1938.0,2.0,3.0,117.24,7.5,21427700000000,88.2,101.8,78.5,9.6,36.6,328239523.0,37.09024,-95.712891
299,7500,fashion & retail,ding shijia,59.0,china,quanzhou,sports apparel,fashion & retail,china,True,d,m,1964-01-01 00:00:00,ding,shijia,2023-04-04 05:01:00,1964.0,1.0,1.0,125.08,2.9,19910000000000,50.6,100.2,77.0,9.4,59.2,1397715000.0,35.86166,104.195397
299,7500,finance & investments,"paul tudor jones, ii.",68.0,united states,palm beach,hedge funds,finance & investments,united states,True,u,m,1954-09-28 00:00:00,jones,paul tudor,2023-04-04 05:01:00,1954.0,9.0,28.0,117.24,7.5,21427700000000,88.2,101.8,78.5,9.6,36.6,328239523.0,37.09024,-95.712891
299,7500,finance & investments,henry kravis,79.0,united states,new york,private equity,finance & investments,united states,True,d,m,1944-01-06 00:00:00,kravis,henry,2023-04-04 05:01:00,1944.0,1.0,6.0,117.24,7.5,21427700000000,88.2,101.8,78.5,9.6,36.6,328239523.0,37.09024,-95.712891
299,7500,food & beverage,zhang yong,52.0,singapore,singapore,restaurants,food & beverage,singapore,True,u,m,1970-07-01 00:00:00,zhang,yong,2023-04-04 05:01:00,1970.0,7.0,1.0,114.41,0.6,372062527489,84.8,100.6,83.1,13.1,21.0,5703569.0,1.352083,103.819836
305,7400,technology,james goodnight,80.0,united states,cary,software,technology,united states,True,u,m,1943-01-06 04:00:00,goodnight,james,2023-04-04 09:01:00,1943.0,1.0,6.0,117.24,7.5,21427700000000,88.2,101.8,78.5,9.6,36.6,328239523.0,37.09024,-95.712891
305,7400,manufacturing,sri prakash lohia,70.0,united kingdom,london,petrochemicals,manufacturing,indonesia,False,u,m,1952-08-11 00:00:00,lohia,sri prakash,2023-04-04 05:01:00,1952.0,8.0,11.0,119.62,1.7,2827113184696,60.0,101.2,81.3,25.5,30.6,66834405.0,55.378051,-3.435973
305,7400,fashion & retail,ma jianrong,59.0,china,ningbo,"textiles, apparel",fashion & retail,china,True,d,m,1964-01-01 00:00:00,ma,jianrong,2023-04-04 05:01:00,1964.0,1.0,1.0,125.08,2.9,19910000000000,50.6,100.2,77.0,9.4,59.2,1397715000.0,35.86166,104.195397
305,7400,real estate,robert ng,71.0,singapore,singapore,real estate,real estate,singapore,False,split family fortune,m,1952-01-01 00:00:00,ng,robert,2023-04-04 05:01:00,1952.0,1.0,1.0,114.41,0.6,372062527489,84.8,100.6,83.1,13.1,21.0,5703569.0,1.352083,103.819836
305,7400,manufacturing,steven rales,72.0,united states,santa barbara,"manufacturing, investments",manufacturing,united states,True,d,m,1951-03-31 00:00:00,rales,steven,2023-04-04 05:01:00,1951.0,3.0,31.0,117.24,7.5,21427700000000,88.2,101.8,78.5,9.6,36.6,328239523.0,37.09024,-95.712891
305,7400,construction & engineering,nassef sawiris,62.0,egypt,cairo,"construction, investments",construction & engineering,egypt,False,d,m,1961-01-19 00:00:00,sawiris,nassef,2023-04-04 05:01:00,1961.0,1.0,19.0,288.57,9.2,303175127598,35.2,106.3,71.8,12.5,44.4,100388073.0,26.820553,30.802498
305,7400,food & beverage,harry stine,81.0,united states,adel,agriculture,food & beverage,united states,True,u,m,1941-11-30 00:00:00,stine,harry,2023-04-04 05:01:00,1941.0,11.0,30.0,117.24,7.5,21427700000000,88.2,101.8,78.5,9.6,36.6,328239523.0,37.09024,-95.712891
312,7300,manufacturing,benu gopal bangur,91.0,india,kolkata,cement,manufacturing,india,False,u,m,1931-06-01 00:00:00,bangur,benu gopal,2023-04-04 05:01:00,1931.0,6.0,1.0,180.44,7.7,2611000000000,28.1,113.0,69.4,11.2,49.7,1366417754.0,20.593684,78.96288
312,7300,metals & mining,iskander makhmudov,59.0,russia,moscow,"mining, metals, machinery",metals & mining,russia,True,u,m,1963-12-05 00:00:00,makhmudov,iskander,2023-04-04 05:01:00,1963.0,12.0,5.0,180.75,4.5,1699876578871,81.9,102.6,72.7,11.4,46.2,144373535.0,61.52401,105.318756
312,7300,fashion & retail,anders holch povlsen,50.0,denmark,aarhus,fashion retail,fashion & retail,denmark,False,d,m,1972-11-04 00:00:00,povlsen,anders holch,2023-04-04 05:01:00,1972.0,11.0,4.0,110.35,0.8,348078018464,80.6,101.3,81.0,32.4,23.8,5818553.0,56.26392,9.501785
312,7300,logistics,enrique razon jr.,63.0,philippines,manila,ports,logistics,philippines,False,u,m,1960-03-03 00:00:00,razon jr.,enrique,2023-04-04 05:01:00,1960.0,3.0,3.0,129.61,2.5,376795508680,35.5,107.5,71.1,14.0,43.1,108116615.0,12.879721,121.774017
312,7300,technology,wang laichun,55.0,china,shenzhen,electronics components,technology,hong kong,True,d,f,1967-06-03 00:00:00,wang,laichun,2023-04-04 05:01:00,1967.0,6.0,3.0,125.08,2.9,19910000000000,50.6,100.2,77.0,9.4,59.2,1397715000.0,35.86166,104.195397
317,7200,finance & investments,arthur dantchik,65.0,united states,gladwyne,"trading, investments",finance & investments,united states,True,n,m,1957-11-25 00:00:00,dantchik,arthur,2023-04-04 05:01:00,1957.0,11.0,25.0,117.24,7.5,21427700000000,88.2,101.8,78.5,9.6,36.6,328239523.0,37.09024,-95.712891
317,7200,technology,terry gou,72.0,taiwan,taipei,electronics,technology,taiwan,True,u,m,1950-10-18 00:00:00,gou,terry,2023-04-04 05:01:00,1950.0,10.0,18.0,117.24,2.9,21427700000000,65.6,101.8,78.5,9.6,41.2,328239523.0,37.09024,10.451526
317,7200,real estate,jeff greene,68.0,united states,palm beach,"real estate, investments",real estate,united states,True,u,m,1954-12-10 00:00:00,greene,jeff,2023-04-04 05:01:00,1954.0,12.0,10.0,117.24,7.5,21427700000000,88.2,101.8,78.5,9.6,36.6,328239523.0,37.09024,-95.712891
317,7200,finance & investments,don hankey,79.0,united states,malibu,auto loans,finance & investments,united states,True,u,m,1943-06-13 00:00:00,hankey,don,2023-04-04 05:01:00,1943.0,6.0,13.0,117.24,7.5,21427700000000,88.2,101.8,78.5,9.6,36.6,328239523.0,37.09024,-95.712891
317,7200,energy,richard kinder,78.0,united states,houston,pipelines,energy,united states,True,d,m,1944-10-19 00:00:00,kinder,richard,2023-04-04 05:01:00,1944.0,10.0,19.0,117.24,7.5,21427700000000,88.2,101.8,78.5,9.6,36.6,328239523.0,37.09024,-95.712891
317,7200,finance & investments,guillaume pousaz,41.0,united arab emirates,dubai,fintech,finance & investments,switzerland,True,d,m,1981-08-15 00:00:00,pousaz,guillaume,2023-04-04 05:01:00,1981.0,8.0,15.0,114.52,-1.9,421142267938,36.8,108.4,77.8,0.1,15.9,9770529.0,23.424076,53.847818
317,7200,fashion & retail,takahisa takahara,61.0,japan,tokyo,personal care goods,fashion & retail,japan,False,u,m,1961-07-12 00:00:00,takahara,takahisa,2023-04-04 05:01:00,1961.0,7.0,12.0,105.48,0.5,5081769542380,63.2,98.8,84.2,11.9,46.7,126226568.0,36.204824,138.252924
317,7200,food & beverage,zong qinghou,77.0,china,hangzhou,beverages,food & beverage,china,True,d,m,1945-10-01 00:00:00,zong,qinghou,2023-04-04 05:01:00,1945.0,10.0,1.0,125.08,2.9,19910000000000,50.6,100.2,77.0,9.4,59.2,1397715000.0,35.86166,104.195397
325,7100,technology,judy faulkner,79.0,united states,madison,healthcare software,technology,united states,True,u,f,1943-08-01 00:00:00,faulkner,judy,2023-04-04 05:01:00,1943.0,8.0,1.0,117.24,7.5,21427700000000,88.2,101.8,78.5,9.6,36.6,328239523.0,37.09024,-95.712891
325,7100,gambling & casinos,johann graf,76.0,austria,vienna,gambling,gambling & casinos,austria,True,u,m,1947-01-03 00:00:00,graf,johann,2023-04-04 05:01:00,1947.0,1.0,3.0,118.06,1.5,446314739528,85.1,103.1,81.6,25.4,51.4,8877067.0,47.516231,14.550072
325,7100,service,tamara gustavson,61.0,united states,lexington,self storage,service,united states,False,d,f,1961-11-16 00:00:00,gustavson,tamara,2023-04-04 05:01:00,1961.0,11.0,16.0,117.24,7.5,21427700000000,88.2,101.8,78.5,9.6,36.6,328239523.0,37.09024,-95.712891
325,7100,manufacturing,liang wengen,66.0,china,changsha,construction equipment,manufacturing,china,True,d,m,1956-12-14 00:00:00,liang,wengen,2023-04-04 05:01:00,1956.0,12.0,14.0,125.08,2.9,19910000000000,50.6,100.2,77.0,9.4,59.2,1397715000.0,35.86166,104.195397
325,7100,healthcare,frederik paulsen,72.0,switzerland,lausanne,health care,healthcare,sweden,False,d,m,1950-10-30 00:00:00,paulsen,frederik,2023-04-04 05:01:00,1950.0,10.0,30.0,99.55,0.4,703082435360,59.6,105.2,83.6,10.1,28.8,8574832.0,46.818188,8.227512
325,7100,finance & investments,wee cho yaw,94.0,singapore,singapore,banking,finance & investments,singapore,False,d,m,1929-01-10 00:00:00,wee,cho yaw,2023-04-04 05:01:00,1929.0,1.0,10.0,114.41,0.6,372062527489,84.8,100.6,83.1,13.1,21.0,5703569.0,1.352083,103.819836
325,7100,manufacturing,zhang hejun,71.0,china,ningbo,electronics,manufacturing,china,True,u,m,1952-01-01 00:00:00,zhang,hejun,2023-04-04 05:01:00,1952.0,1.0,1.0,125.08,2.9,19910000000000,50.6,100.2,77.0,9.4,59.2,1397715000.0,35.86166,104.195397
332,7000,technology,marc benioff,58.0,united states,san francisco,business software,technology,united states,True,d,m,1964-09-25 00:00:00,benioff,marc,2023-04-04 05:01:00,1964.0,9.0,25.0,117.24,7.5,21427700000000,88.2,101.8,78.5,9.6,36.6,328239523.0,37.09024,-95.712891
332,7000,media & entertainment,dmitri bukhman,37.0,united kingdom,london,online games,media & entertainment,israel,True,d,m,1985-05-27 00:00:00,bukhman,dmitri,2023-04-04 05:01:00,1985.0,5.0,27.0,119.62,1.7,2827113184696,60.0,101.2,81.3,25.5,30.6,66834405.0,55.378051,-3.435973
332,7000,media & entertainment,igor bukhman,41.0,united kingdom,london,online games,media & entertainment,israel,True,d,m,1982-03-29 00:00:00,bukhman,igor,2023-04-04 05:01:00,1982.0,3.0,29.0,119.62,1.7,2827113184696,60.0,101.2,81.3,25.5,30.6,66834405.0,55.378051,-3.435973
332,7000,technology,jack dangermond,77.0,united states,redlands,mapping software,technology,united states,True,u,m,1945-07-23 00:00:00,dangermond,jack,2023-04-04 05:01:00,1945.0,7.0,23.0,117.24,7.5,21427700000000,88.2,101.8,78.5,9.6,36.6,328239523.0,37.09024,-95.712891
332,7000,manufacturing,ashwin dani & family,80.0,india,mumbai,paints,manufacturing,india,False,d,m,1942-10-24 00:00:00,dani,ashwin,2023-04-04 05:01:00,1942.0,10.0,24.0,180.44,7.7,2611000000000,28.1,113.0,69.4,11.2,49.7,1366417754.0,20.593684,78.96288
332,7000,fashion & retail,ralph lauren,83.0,united states,new york,apparel,fashion & retail,united states,True,u,m,1939-10-14 00:00:00,lauren,ralph,2023-04-04 05:01:00,1939.0,10.0,14.0,117.24,7.5,21427700000000,88.2,101.8,78.5,9.6,36.6,328239523.0,37.09024,-95.712891
332,7000,real estate,law kar po,74.0,hong kong,hong kong,real estate,real estate,hong kong,False,u,m,1948-08-02 00:00:00,law,kar po,2023-04-04 05:01:00,1948.0,8.0,2.0,117.24,2.9,21427700000000,65.6,101.8,78.5,9.6,41.2,328239523.0,37.09024,10.451526
332,7000,diversified,rohiqa cyrus mistry,55.0,india,mumbai,diversified,diversified,india,False,n,f,1967-06-06 00:00:00,mistry,rohiqa cyrus,2023-04-04 05:01:00,1967.0,6.0,6.0,180.44,7.7,2611000000000,28.1,113.0,69.4,11.2,49.7,1366417754.0,20.593684,78.96288
332,7000,diversified,shapoor mistry,58.0,india,mumbai,diversified,diversified,ireland,False,n,m,1964-09-06 00:00:00,mistry,shapoor,2023-04-04 05:01:00,1964.0,9.0,6.0,180.44,7.7,2611000000000,28.1,113.0,69.4,11.2,49.7,1366417754.0,20.593684,78.96288
332,7000,food & beverage,j. christopher reyes,69.0,united states,hobe sound,food distribution,food & beverage,united states,True,d,m,1953-12-29 00:00:00,reyes,j. christopher,2023-04-04 05:01:00,1953.0,12.0,29.0,117.24,7.5,21427700000000,88.2,101.8,78.5,9.6,36.6,328239523.0,37.09024,-95.712891
332,7000,food & beverage,jude reyes,67.0,united states,palm beach,food distribution,food & beverage,united states,True,d,m,1955-09-16 00:00:00,reyes,jude,2023-04-04 05:01:00,1955.0,9.0,16.0,117.24,7.5,21427700000000,88.2,101.8,78.5,9.6,36.6,328239523.0,37.09024,-95.712891
332,7000,food & beverage,don vultaggio & family,71.0,united states,port washington,beverages,food & beverage,united states,True,u,m,1952-02-26 00:00:00,vultaggio,don,2023-04-04 05:01:00,1952.0,2.0,26.0,117.24,7.5,21427700000000,88.2,101.8,78.5,9.6,36.6,328239523.0,37.09024,-95.712891
344,6900,diversified,edythe broad & family,87.0,united states,los angeles,"homebuilding, insurance",diversified,united states,False,e,f,1936-01-01 00:00:00,broad,edythe,2023-04-04 05:01:00,1936.0,1.0,1.0,117.24,7.5,21427700000000,88.2,101.8,78.5,9.6,36.6,328239523.0,37.09024,-95.712891
344,6900,food & beverage,pauline macmillan keinath,89.0,united states,st. louis,cargill,food & beverage,united states,False,d,f,1934-01-01 00:00:00,keinath,pauline macmillan,2023-04-04 05:01:00,1934.0,1.0,1.0,117.24,7.5,21427700000000,88.2,101.8,78.5,9.6,36.6,328239523.0,37.09024,-95.712891
344,6900,finance & investments,philippe laffont,55.0,united states,new york,hedge fund,finance & investments,united states,True,u,m,1967-09-16 00:00:00,laffont,philippe,2023-04-04 05:01:00,1967.0,9.0,16.0,117.24,7.5,21427700000000,88.2,101.8,78.5,9.6,36.6,328239523.0,37.09024,-95.712891
344,6900,technology,liu jincheng & family,58.0,china,huizhou,lithium batteries,technology,china,True,d,m,1964-09-22 00:00:00,liu,jincheng,2023-04-04 05:01:00,1964.0,9.0,22.0,125.08,2.9,19910000000000,50.6,100.2,77.0,9.4,59.2,1397715000.0,35.86166,104.195397
344,6900,real estate,igor olenicoff,80.0,united states,lighthouse point,real estate,real estate,united states,True,u,m,1942-09-20 00:00:00,olenicoff,igor,2023-04-04 05:01:00,1942.0,9.0,20.0,117.24,7.5,21427700000000,88.2,101.8,78.5,9.6,36.6,328239523.0,37.09024,-95.712891
344,6900,fashion & retail,sandra ortega mera,54.0,spain,la coruna,zara,fashion & retail,spain,False,u,f,1968-07-09 00:00:00,ortega mera,sandra,2023-04-04 05:01:00,1968.0,7.0,9.0,110.96,0.7,1394116310769,88.9,102.7,83.3,14.2,47.0,47076781.0,40.463667,-3.74922
344,6900,healthcare,ronda stryker,68.0,united states,portage,medical equipment,healthcare,united states,False,u,f,1954-05-01 00:00:00,stryker,ronda,2023-04-04 05:01:00,1954.0,5.0,1.0,117.24,7.5,21427700000000,88.2,101.8,78.5,9.6,36.6,328239523.0,37.09024,-95.712891
352,6800,energy,dannine avara,59.0,united states,houston,pipelines,energy,united states,False,u,f,1964-03-09 00:00:00,avara,dannine,2023-04-04 05:01:00,1964.0,3.0,9.0,117.24,7.5,21427700000000,88.2,101.8,78.5,9.6,36.6,328239523.0,37.09024,-95.712891
352,6800,diversified,silvio berlusconi & family,86.0,italy,milan,media,diversified,italy,True,d,m,1936-09-29 00:00:00,berlusconi,silvio,2023-04-04 05:01:00,1936.0,9.0,29.0,110.62,0.6,2001244392042,61.9,101.9,82.9,24.3,59.1,60297396.0,41.87194,12.56738
352,6800,gambling & casinos,denise coates,55.0,united kingdom,stoke-on-trent,online gambling,gambling & casinos,united kingdom,True,u,f,1967-09-26 00:00:00,coates,denise,2023-04-04 05:01:00,1967.0,9.0,26.0,119.62,1.7,2827113184696,60.0,101.2,81.3,25.5,30.6,66834405.0,55.378051,-3.435973
352,6800,energy,scott duncan,40.0,united states,houston,pipelines,energy,united states,False,u,m,1982-11-01 00:00:00,duncan,scott,2023-04-04 05:01:00,1982.0,11.0,1.0,117.24,7.5,21427700000000,88.2,101.8,78.5,9.6,36.6,328239523.0,37.09024,-95.712891
352,6800,energy,milane frantz,53.0,united states,houston,pipelines,energy,united states,False,u,f,1969-08-12 00:00:00,frantz,milane,2023-04-04 05:01:00,1969.0,8.0,12.0,117.24,7.5,21427700000000,88.2,101.8,78.5,9.6,36.6,328239523.0,37.09024,-95.712891
352,6800,finance & investments,"edward johnson, iv.",58.0,united states,boston,fidelity,finance & investments,united states,False,u,m,1964-11-18 00:00:00,johnson,edward,2023-04-04 05:01:00,1964.0,11.0,18.0,117.24,7.5,21427700000000,88.2,101.8,78.5,9.6,36.6,328239523.0,37.09024,-95.712891
352,6800,finance & investments,yuri milner,61.0,united states,los altos,tech investments,finance & investments,israel,True,d,m,1961-11-11 00:00:00,milner,yuri,2023-04-04 05:01:00,1961.0,11.0,11.0,117.24,7.5,21427700000000,88.2,101.8,78.5,9.6,36.6,328239523.0,37.09024,-95.712891
352,6800,technology,gordon moore,94.0,united states,woodside,intel,technology,united states,True,d,m,1929-01-03 00:00:00,moore,gordon,2023-04-04 05:01:00,1929.0,1.0,3.0,117.24,7.5,21427700000000,88.2,101.8,78.5,9.6,36.6,328239523.0,37.09024,-95.712891
352,6800,finance & investments,john overdeck,53.0,united states,millburn,hedge funds,finance & investments,united states,True,u,m,1969-12-21 00:00:00,overdeck,john,2023-04-04 05:01:00,1969.0,12.0,21.0,117.24,7.5,21427700000000,88.2,101.8,78.5,9.6,36.6,328239523.0,37.09024,-95.712891
352,6800,finance & investments,david siegel,61.0,united states,scarsdale,hedge funds,finance & investments,united states,True,u,m,1961-07-15 00:00:00,siegel,david,2023-04-04 05:01:00,1961.0,7.0,15.0,117.24,7.5,21427700000000,88.2,101.8,78.5,9.6,36.6,328239523.0,37.09024,-95.712891
352,6800,diversified,viktor vekselberg,65.0,russia,moscow,"metals, investments",diversified,russia,True,u,m,1957-04-14 00:00:00,vekselberg,viktor,2023-04-04 05:01:00,1957.0,4.0,14.0,180.75,4.5,1699876578871,81.9,102.6,72.7,11.4,46.2,144373535.0,61.52401,105.318756
352,6800,technology,wang laisheng,58.0,china,shenzhen,electronics components,technology,hong kong,True,d,m,1964-12-14 00:00:00,wang,laisheng,2023-04-04 05:01:00,1964.0,12.0,14.0,125.08,2.9,19910000000000,50.6,100.2,77.0,9.4,59.2,1397715000.0,35.86166,104.195397
352,6800,energy,randa duncan williams,61.0,united states,houston,pipelines,energy,united states,False,u,f,1961-08-28 00:00:00,williams,randa duncan,2023-04-04 05:01:00,1961.0,8.0,28.0,117.24,7.5,21427700000000,88.2,101.8,78.5,9.6,36.6,328239523.0,37.09024,-95.712891
365,6700,finance & investments,ken fisher,72.0,united states,dallas,money management,finance & investments,united states,True,u,m,1950-11-29 00:00:00,fisher,ken,2023-04-04 05:01:00,1950.0,11.0,29.0,117.24,7.5,21427700000000,88.2,101.8,78.5,9.6,36.6,328239523.0,37.09024,-95.712891
365,6700,finance & investments,christopher hohn,56.0,united kingdom,london,hedge funds,finance & investments,united kingdom,True,d,m,1966-10-27 00:00:00,hohn,christopher,2023-04-04 05:01:00,1966.0,10.0,27.0,119.62,1.7,2827113184696,60.0,101.2,81.3,25.5,30.6,66834405.0,55.378051,-3.435973
365,6700,manufacturing,kjeld kirk kristiansen,75.0,denmark,billund,lego,manufacturing,denmark,False,d,m,1947-12-27 00:00:00,kristiansen,kjeld kirk,2023-04-04 05:01:00,1947.0,12.0,27.0,110.35,0.8,348078018464,80.6,101.3,81.0,32.4,23.8,5818553.0,56.26392,9.501785
365,6700,manufacturing,sofie kirk kristiansen,47.0,denmark,billund,lego,manufacturing,denmark,False,d,f,1976-01-01 00:00:00,kristiansen,sofie kirk,2023-04-04 05:01:00,1976.0,1.0,1.0,110.35,0.8,348078018464,80.6,101.3,81.0,32.4,23.8,5818553.0,56.26392,9.501785
365,6700,manufacturing,thomas kirk kristiansen,44.0,denmark,billund,lego,manufacturing,denmark,False,d,m,1979-01-01 00:00:00,kristiansen,thomas kirk,2023-04-04 05:01:00,1979.0,1.0,1.0,110.35,0.8,348078018464,80.6,101.3,81.0,32.4,23.8,5818553.0,56.26392,9.501785
365,6700,healthcare,massimiliana landini aleotti & family,80.0,italy,fiesole,pharmaceuticals,healthcare,italy,False,u,f,1943-01-01 00:00:00,landini aleotti,massimiliana,2023-04-04 05:01:00,1943.0,1.0,1.0,110.62,0.6,2001244392042,61.9,101.9,82.9,24.3,59.1,60297396.0,41.87194,12.56738
365,6700,automotive,li ping,55.0,china,ningde,batteries,automotive,hong kong,True,d,m,1968-01-01 00:00:00,li,ping,2023-04-04 05:01:00,1968.0,1.0,1.0,125.08,2.9,19910000000000,50.6,100.2,77.0,9.4,59.2,1397715000.0,35.86166,104.195397
365,6700,manufacturing,lin jianhua,60.0,china,hangzhou,solar panel components,manufacturing,china,True,split family fortune,m,1962-08-01 00:00:00,lin,jianhua,2023-04-04 05:01:00,1962.0,8.0,1.0,125.08,2.9,19910000000000,50.6,100.2,77.0,9.4,59.2,1397715000.0,35.86166,104.195397
365,6700,manufacturing,magdalena martullo-blocher,54.0,switzerland,feldmeilen,chemicals,manufacturing,switzerland,False,d,f,1969-01-01 00:00:00,martullo-blocher,magdalena,2023-04-04 05:01:00,1969.0,1.0,1.0,99.55,0.4,703082435360,59.6,105.2,83.6,10.1,28.8,8574832.0,46.818188,8.227512
365,6700,telecom,xavier niel,55.0,france,paris,"internet, telecom",telecom,france,True,d,m,1967-08-25 00:00:00,niel,xavier,2023-04-04 05:01:00,1967.0,8.0,25.0,110.05,1.1,2715518274227,65.6,102.5,82.5,24.2,60.7,67059887.0,46.227638,2.213749
365,6700,energy,terrence pegula,72.0,united states,boca raton,natural gas,energy,united states,True,u,m,1951-03-27 00:00:00,pegula,terrence,2023-04-04 05:01:00,1951.0,3.0,27.0,117.24,7.5,21427700000000,88.2,101.8,78.5,9.6,36.6,328239523.0,37.09024,-95.712891
365,6700,real estate,"edward roski, jr.",84.0,united states,los angeles,real estate,real estate,united states,False,u,m,1938-12-25 00:00:00,roski,edward,2023-04-04 05:01:00,1938.0,12.0,25.0,117.24,7.5,21427700000000,88.2,101.8,78.5,9.6,36.6,328239523.0,37.09024,-95.712891
365,6700,real estate,john a. sobrato & family,83.0,united states,atherton,real estate,real estate,united states,True,u,m,1939-05-23 00:00:00,sobrato,john a.,2023-04-04 05:01:00,1939.0,5.0,23.0,117.24,7.5,21427700000000,88.2,101.8,78.5,9.6,36.6,328239523.0,37.09024,-95.712891
365,6700,finance & investments,george soros,92.0,united states,katonah,hedge funds,finance & investments,united states,True,d,m,1930-08-12 00:00:00,soros,george,2023-04-04 05:01:00,1930.0,8.0,12.0,117.24,7.5,21427700000000,88.2,101.8,78.5,9.6,36.6,328239523.0,37.09024,-95.712891
365,6700,technology,david sun,71.0,united states,irvine,computer hardware,technology,united states,True,u,m,1951-10-12 00:00:00,sun,david,2023-04-04 05:01:00,1951.0,10.0,12.0,117.24,7.5,21427700000000,88.2,101.8,78.5,9.6,36.6,328239523.0,37.09024,-95.712891
365,6700,manufacturing,agnete kirk thinggaard,39.0,denmark,billund,lego,manufacturing,denmark,False,d,f,1983-05-18 00:00:00,thinggaard,agnete kirk,2023-04-04 05:01:00,1983.0,5.0,18.0,110.35,0.8,348078018464,80.6,101.3,81.0,32.4,23.8,5818553.0,56.26392,9.501785
365,6700,technology,john tu,81.0,united states,rolling hills,computer hardware,technology,united states,True,u,m,1941-08-12 00:00:00,tu,john,2023-04-04 05:01:00,1941.0,8.0,12.0,117.24,7.5,21427700000000,88.2,101.8,78.5,9.6,36.6,328239523.0,37.09024,-95.712891
365,6700,food & beverage,xu shihui,65.0,china,quanzhou,"snacks, beverages",food & beverage,china,True,d,m,1958-01-01 00:00:00,xu,shihui,2023-04-04 05:01:00,1958.0,1.0,1.0,125.08,2.9,19910000000000,50.6,100.2,77.0,9.4,59.2,1397715000.0,35.86166,104.195397
383,6600,manufacturing,rahel blocher,47.0,switzerland,wilen bei wollerau,chemicals,manufacturing,switzerland,False,d,f,1976-01-01 00:00:00,blocher,rahel,2023-04-04 05:01:00,1976.0,1.0,1.0,99.55,0.4,703082435360,59.6,105.2,83.6,10.1,28.8,8574832.0,46.818188,8.227512
383,6600,food & beverage,bubba cathy,68.0,united states,atlanta,chick-fil-a,food & beverage,united states,False,u,m,1954-04-22 00:00:00,cathy,bubba,2023-04-04 05:01:00,1954.0,4.0,22.0,117.24,7.5,21427700000000,88.2,101.8,78.5,9.6,36.6,328239523.0,37.09024,-95.712891
383,6600,food & beverage,dan cathy,70.0,united states,atlanta,chick-fil-a,food & beverage,united states,False,u,m,1953-03-01 00:00:00,cathy,dan,2023-04-04 05:01:00,1953.0,3.0,1.0,117.24,7.5,21427700000000,88.2,101.8,78.5,9.6,36.6,328239523.0,37.09024,-95.712891
383,6600,food & beverage,trudy cathy white,67.0,united states,hampton,chick-fil-a,food & beverage,united states,False,u,f,1955-12-17 00:00:00,cathy white,trudy,2023-04-04 05:01:00,1955.0,12.0,17.0,117.24,7.5,21427700000000,88.2,101.8,78.5,9.6,36.6,328239523.0,37.09024,-95.712891
383,6600,finance & investments,bruce kovner,78.0,united states,new york,hedge funds,finance & investments,united states,True,u,m,1945-02-25 00:00:00,kovner,bruce,2023-04-04 05:01:00,1945.0,2.0,25.0,117.24,7.5,21427700000000,88.2,101.8,78.5,9.6,36.6,328239523.0,37.09024,-95.712891
383,6600,technology,"henry nicholas, iii.",63.0,united states,newport coast,semiconductors,technology,united states,True,u,m,1959-10-08 00:00:00,nicholas,henry,2023-04-04 05:01:00,1959.0,10.0,8.0,117.24,7.5,21427700000000,88.2,101.8,78.5,9.6,36.6,328239523.0,37.09024,-95.712891
383,6600,finance & investments,nadia thiele,47.0,germany,munich,investments,finance & investments,germany,False,u,f,1976-01-07 00:00:00,thiele,nadia,2023-04-04 05:01:00,1976.0,1.0,7.0,112.85,1.4,3845630030824,70.2,104.0,80.9,11.5,48.8,83132799.0,51.165691,10.451526
390,6500,finance & investments,david bonderman,80.0,united states,fort worth,private equity,finance & investments,united states,True,u,m,1942-11-27 00:00:00,bonderman,david,2023-04-04 05:01:00,1942.0,11.0,27.0,117.24,7.5,21427700000000,88.2,101.8,78.5,9.6,36.6,328239523.0,37.09024,-95.712891
390,6500,technology,melinda french gates,58.0,united states,medina,microsoft,technology,united states,False,u,f,1964-08-15 00:00:00,french gates,melinda,2023-04-04 05:01:00,1964.0,8.0,15.0,117.24,7.5,21427700000000,88.2,101.8,78.5,9.6,36.6,328239523.0,37.09024,-95.712891
390,6500,fashion & retail,nathan kirsh,91.0,eswatini (swaziland),ezulwini,"retail, real estate",fashion & retail,eswatini (swaziland),True,u,m,1932-01-06 00:00:00,kirsh,nathan,2023-04-04 05:01:00,1932.0,1.0,6.0,117.24,2.9,21427700000000,65.6,101.8,78.5,9.6,41.2,328239523.0,37.09024,10.451526
390,6500,real estate,annette lerner & family,93.0,united states,chevy chase,real estate,real estate,united states,False,n,f,1930-02-27 00:00:00,lerner,annette,2023-04-04 05:01:00,1930.0,2.0,27.0,117.24,7.5,21427700000000,88.2,101.8,78.5,9.6,36.6,328239523.0,37.09024,-95.712891
390,6500,real estate,david reuben,84.0,united kingdom,london,"investments, real estate",real estate,united kingdom,True,d,m,1938-09-01 00:00:00,reuben,david,2023-04-04 05:01:00,1938.0,9.0,1.0,119.62,1.7,2827113184696,60.0,101.2,81.3,25.5,30.6,66834405.0,55.378051,-3.435973
390,6500,diversified,simon reuben,81.0,monaco,monaco,"real estate, investments",diversified,united kingdom,True,d,m,1941-05-01 00:00:00,reuben,simon,2023-04-04 05:01:00,1941.0,5.0,1.0,117.24,2.9,7184844193,65.6,101.8,78.5,9.6,41.2,38964.0,43.7384176,7.4246158
390,6500,real estate,radovan vitek,51.0,switzerland,crans montana,real estate,real estate,czech republic,True,u,m,1971-04-22 00:00:00,vitek,radovan,2023-04-04 05:01:00,1971.0,4.0,22.0,99.55,0.4,703082435360,59.6,105.2,83.6,10.1,28.8,8574832.0,46.818188,8.227512
397,6400,finance & investments,carl bennet,71.0,sweden,gothenberg,investments,finance & investments,sweden,True,d,m,1951-08-19 00:00:00,bennet,carl,2023-04-04 05:01:00,1951.0,8.0,19.0,110.51,1.8,530832908738,67.0,126.6,82.5,27.9,49.1,10285453.0,60.128161,18.643501
397,6400,sports,stephen bisciotti,62.0,united states,hobe sound,"staffing, baltimore ravens",sports,united states,True,u,m,1960-04-10 00:00:00,bisciotti,stephen,2023-04-04 05:01:00,1960.0,4.0,10.0,117.24,7.5,21427700000000,88.2,101.8,78.5,9.6,36.6,328239523.0,37.09024,-95.712891
397,6400,finance & investments,stanley druckenmiller,69.0,united states,new york,hedge funds,finance & investments,united states,True,d,m,1953-06-14 00:00:00,druckenmiller,stanley,2023-04-04 05:01:00,1953.0,6.0,14.0,117.24,7.5,21427700000000,88.2,101.8,78.5,9.6,36.6,328239523.0,37.09024,-95.712891
397,6400,healthcare,jian jun,59.0,china,beijing,biomedical products,healthcare,china,True,u,f,1963-11-01 00:00:00,jian,jun,2023-04-04 05:01:00,1963.0,11.0,1.0,125.08,2.9,19910000000000,50.6,100.2,77.0,9.4,59.2,1397715000.0,35.86166,104.195397
397,6400,energy,alexei kuzmichev,60.0,france,paris,"oil, banking, telecom",energy,russia,True,u,m,1962-10-15 00:00:00,kuzmichev,alexei,2023-04-04 05:01:00,1962.0,10.0,15.0,110.05,1.1,2715518274227,65.6,102.5,82.5,24.2,60.7,67059887.0,46.227638,2.213749
397,6400,manufacturing,dmitry rybolovlev & family,56.0,monaco,monaco,fertilizer,manufacturing,russia,True,d,m,1966-11-22 00:00:00,rybolovlev,dmitry,2023-04-04 05:01:00,1966.0,11.0,22.0,117.24,2.9,7184844193,65.6,101.8,78.5,9.6,41.2,38964.0,43.7384176,7.4246158
397,6400,finance & investments,luis carlos sarmiento,90.0,colombia,bogota,banking,finance & investments,colombia,True,d,m,1933-01-27 00:00:00,sarmiento,luis carlos,2023-04-04 05:01:00,1933.0,1.0,27.0,140.95,3.5,323802808108,55.3,114.5,77.1,14.4,71.2,50339443.0,4.570868,-74.297333
397,6400,logistics,dennis washington,88.0,united states,missoula,"construction, mining",logistics,united states,True,d,m,1934-07-27 00:00:00,washington,dennis,2023-04-04 05:01:00,1934.0,7.0,27.0,117.24,7.5,21427700000000,88.2,101.8,78.5,9.6,36.6,328239523.0,37.09024,-95.712891
405,6300,construction & engineering,anthony bamford & family,77.0,united kingdom,gloucestershire,construction equipment,construction & engineering,united kingdom,False,u,m,1945-10-23 00:00:00,bamford,anthony,2023-04-04 05:01:00,1945.0,10.0,23.0,119.62,1.7,2827113184696,60.0,101.2,81.3,25.5,30.6,66834405.0,55.378051,-3.435973
405,6300,energy,gao jifan & family,58.0,china,changzhou,solar equipment,energy,china,True,d,m,1965-01-01 00:00:00,gao,jifan,2023-04-04 05:01:00,1965.0,1.0,1.0,125.08,2.9,19910000000000,50.6,100.2,77.0,9.4,59.2,1397715000.0,35.86166,104.195397
405,6300,finance & investments,john grayken,66.0,united kingdom,london,private equity,finance & investments,ireland,True,d,m,1956-06-01 00:00:00,grayken,john,2023-04-04 05:01:00,1956.0,6.0,1.0,119.62,1.7,2827113184696,60.0,101.2,81.3,25.5,30.6,66834405.0,55.378051,-3.435973
405,6300,healthcare,alain merieux & family,85.0,france,lyon,pharmaceuticals,healthcare,france,False,d,m,1938-01-01 00:00:00,merieux,alain,2023-04-04 05:01:00,1938.0,1.0,1.0,110.05,1.1,2715518274227,65.6,102.5,82.5,24.2,60.7,67059887.0,46.227638,2.213749
405,6300,energy,wang yusuo & family,59.0,china,langfang,natural gas distribution,energy,china,True,u,m,1964-03-11 00:00:00,wang,yusuo,2023-04-04 05:01:00,1964.0,3.0,11.0,125.08,2.9,19910000000000,50.6,100.2,77.0,9.4,59.2,1397715000.0,35.86166,104.195397
405,6300,manufacturing,stef wertheimer & family,96.0,israel,tel aviv,metalworking tools,manufacturing,israel,True,u,m,1926-07-16 00:00:00,wertheimer,stef,2023-04-04 05:01:00,1926.0,7.0,16.0,108.15,0.8,395098666122,63.4,104.9,82.8,23.1,25.3,9053300.0,31.046051,34.851612
411,6200,food & beverage,maria asuncion aramburuzabala & family,59.0,mexico,mexico city,"beer, investments",food & beverage,mexico,False,e,f,1963-05-02 00:00:00,aramburuzabala,maria asuncion,2023-04-04 05:01:00,1963.0,5.0,2.0,141.54,3.6,1258286717125,40.2,105.8,75.0,13.1,55.1,126014024.0,23.634501,-102.552784
411,6200,diversified,gustaf douglas,85.0,sweden,stockholm,investments,diversified,sweden,True,d,m,1938-03-03 00:00:00,douglas,gustaf,2023-04-04 05:01:00,1938.0,3.0,3.0,110.51,1.8,530832908738,67.0,126.6,82.5,27.9,49.1,10285453.0,60.128161,18.643501
411,6200,service,frits goldschmeding,89.0,netherlands,amsterdam,temp agency,service,netherlands,True,u,m,1933-08-02 00:00:00,goldschmeding,frits,2023-04-04 05:01:00,1933.0,8.0,2.0,115.91,2.6,909070395161,85.0,104.2,81.8,23.0,41.2,17332850.0,52.132633,5.291266
411,6200,food & beverage,lin muqin & family,59.0,china,shenzhen,beverages,food & beverage,china,True,u,m,1964-01-01 00:00:00,lin,muqin,2023-04-04 05:01:00,1964.0,1.0,1.0,125.08,2.9,19910000000000,50.6,100.2,77.0,9.4,59.2,1397715000.0,35.86166,104.195397
411,6200,manufacturing,ruan liping,59.0,china,ningbo,power strips,manufacturing,hong kong,True,u,m,1964-01-01 00:00:00,ruan,liping,2023-04-04 05:01:00,1964.0,1.0,1.0,125.08,2.9,19910000000000,50.6,100.2,77.0,9.4,59.2,1397715000.0,35.86166,104.195397
411,6200,manufacturing,ruan xueping,51.0,china,ningbo,power strip,manufacturing,hong kong,True,u,m,1972-01-01 00:00:00,ruan,xueping,2023-04-04 05:01:00,1972.0,1.0,1.0,125.08,2.9,19910000000000,50.6,100.2,77.0,9.4,59.2,1397715000.0,35.86166,104.195397
411,6200,finance & investments,michal solowow,60.0,poland,kielce,investments,finance & investments,poland,True,e,m,1962-07-11 00:00:00,solowow,michal,2023-04-04 05:01:00,1962.0,7.0,11.0,114.11,2.2,592164400688,67.8,100.0,77.6,17.4,40.8,37970874.0,51.919438,19.145136
418,6100,diversified,mike adenuga,69.0,nigeria,lagos,"telecom, oil",diversified,nigeria,True,d,m,1953-04-29 00:00:00,adenuga,mike,2023-04-04 05:01:00,1953.0,4.0,29.0,267.51,11.4,448120428859,10.2,84.7,54.3,1.5,34.8,200963599.0,9.081999,8.675277
418,6100,finance & investments,tom gores,58.0,united states,beverly hills,private equity,finance & investments,united states,True,u,m,1964-07-31 00:00:00,gores,tom,2023-04-04 05:01:00,1964.0,7.0,31.0,117.24,7.5,21427700000000,88.2,101.8,78.5,9.6,36.6,328239523.0,37.09024,-95.712891
418,6100,fashion & retail,michael herz,79.0,germany,hamburg,coffee,fashion & retail,germany,False,u,m,1943-09-28 00:00:00,herz,michael,2023-04-04 05:01:00,1943.0,9.0,28.0,112.85,1.4,3845630030824,70.2,104.0,80.9,11.5,48.8,83132799.0,51.165691,10.451526
418,6100,fashion & retail,wolfgang herz,72.0,germany,hamburg,coffee,fashion & retail,germany,False,u,m,1951-01-01 00:00:00,herz,wolfgang,2023-04-04 05:01:00,1951.0,1.0,1.0,112.85,1.4,3845630030824,70.2,104.0,80.9,11.5,48.8,83132799.0,51.165691,10.451526
418,6100,energy,michael kadoorie,81.0,hong kong,hong kong,"hotels, energy",energy,hong kong,False,d,m,1941-07-19 00:00:00,kadoorie,michael,2023-04-04 05:01:00,1941.0,7.0,19.0,117.24,2.9,21427700000000,65.6,101.8,78.5,9.6,41.2,328239523.0,37.09024,10.451526
425,6000,metals & mining,alexander abramov,64.0,russia,moscow,"steel, mining",metals & mining,russia,True,u,m,1959-02-20 00:00:00,abramov,alexander,2023-04-04 05:01:00,1959.0,2.0,20.0,180.75,4.5,1699876578871,81.9,102.6,72.7,11.4,46.2,144373535.0,61.52401,105.318756
425,6000,real estate,neil bluhm,85.0,united states,chicago,real estate,real estate,united states,True,u,m,1938-01-12 00:00:00,bluhm,neil,2023-04-04 05:01:00,1938.0,1.0,12.0,117.24,7.5,21427700000000,88.2,101.8,78.5,9.6,36.6,328239523.0,37.09024,-95.712891
425,6000,fashion & retail,alain bouchard,74.0,canada,montreal,convinience stores,fashion & retail,canada,True,u,m,1949-02-18 00:00:00,bouchard,alain,2023-04-04 05:01:00,1949.0,2.0,18.0,116.76,1.9,1736425629520,68.9,100.9,81.9,12.8,24.5,36991981.0,56.130366,-106.346771
425,6000,technology,jay chaudhry,63.0,united states,reno,security software,technology,united states,True,d,m,1959-08-26 00:00:00,chaudhry,jay,2023-04-04 05:01:00,1959.0,8.0,26.0,117.24,7.5,21427700000000,88.2,101.8,78.5,9.6,36.6,328239523.0,37.09024,-95.712891
425,6000,fashion & retail,gopikishan damani,65.0,india,mumbai,"retail, investments",fashion & retail,india,True,d,m,1958-01-01 00:00:00,damani,gopikishan,2023-04-04 05:01:00,1958.0,1.0,1.0,180.44,7.7,2611000000000,28.1,113.0,69.4,11.2,49.7,1366417754.0,20.593684,78.96288
425,6000,diversified,sumet jiaravanon,88.0,thailand,bangkok,diversified,diversified,thailand,False,u,m,1934-11-02 00:00:00,jiaravanon,sumet,2023-04-04 05:01:00,1934.0,11.0,2.0,113.27,0.7,543649976166,49.3,99.8,76.9,14.9,29.5,69625582.0,15.870032,100.992541
425,6000,finance & investments,joe lewis,86.0,bahamas,albany,investments,finance & investments,united kingdom,True,u,m,1937-02-05 00:00:00,lewis,joe,2023-04-04 05:01:00,1937.0,2.0,5.0,117.24,2.9,21427700000000,65.6,101.8,78.5,9.6,41.2,328239523.0,37.09024,10.451526
425,6000,finance & investments,frank lowy,92.0,israel,tel aviv,investments,finance & investments,australia,True,d,m,1930-10-22 00:00:00,lowy,frank,2023-04-04 05:01:00,1930.0,10.0,22.0,108.15,0.8,395098666122,63.4,104.9,82.8,23.1,25.3,9053300.0,31.046051,34.851612
425,6000,finance & investments,michael milken,76.0,united states,los angeles,investments,finance & investments,united states,True,u,m,1946-07-04 00:00:00,milken,michael,2023-04-04 05:01:00,1946.0,7.0,4.0,117.24,7.5,21427700000000,88.2,101.8,78.5,9.6,36.6,328239523.0,37.09024,-95.712891
425,6000,technology,david steward,71.0,united states,st. louis,it provider,technology,united states,True,u,m,1951-07-02 00:00:00,steward,david,2023-04-04 05:01:00,1951.0,7.0,2.0,117.24,7.5,21427700000000,88.2,101.8,78.5,9.6,36.6,328239523.0,37.09024,-95.712891
425,6000,fashion & retail,les wexner & family,85.0,united states,new albany,retail,fashion & retail,united states,True,u,m,1937-09-08 00:00:00,wexner,les,2023-04-04 05:01:00,1937.0,9.0,8.0,117.24,7.5,21427700000000,88.2,101.8,78.5,9.6,36.6,328239523.0,37.09024,-95.712891
437,5900,real estate,cai kui,60.0,china,chengdu,real estate,real estate,china,True,d,m,1963-01-01 00:00:00,cai,kui,2023-04-04 05:01:00,1963.0,1.0,1.0,125.08,2.9,19910000000000,50.6,100.2,77.0,9.4,59.2,1397715000.0,35.86166,104.195397
437,5900,diversified,jaran chiaravanont,93.0,thailand,bangkok,diversified,diversified,thailand,False,u,m,1930-04-01 00:00:00,chiaravanont,jaran,2023-04-04 05:01:00,1930.0,4.0,1.0,113.27,0.7,543649976166,49.3,99.8,76.9,14.9,29.5,69625582.0,15.870032,100.992541
437,5900,finance & investments,andreas halvorsen,61.0,united states,darien,hedge funds,finance & investments,norway,True,d,m,1961-04-23 00:00:00,halvorsen,andreas,2023-04-04 05:01:00,1961.0,4.0,23.0,117.24,7.5,21427700000000,88.2,101.8,78.5,9.6,36.6,328239523.0,37.09024,-95.712891
437,5900,finance & investments,antony ressler,62.0,united states,los angeles,finance,finance & investments,united states,True,u,m,1960-10-12 00:00:00,ressler,antony,2023-04-04 05:01:00,1960.0,10.0,12.0,117.24,7.5,21427700000000,88.2,101.8,78.5,9.6,36.6,328239523.0,37.09024,-95.712891
437,5900,food & beverage,tsai eng-meng,66.0,china,shanghai,"food, beverages",food & beverage,taiwan,False,d,m,1957-01-15 00:00:00,tsai,eng-meng,2023-04-04 05:01:00,1957.0,1.0,15.0,125.08,2.9,19910000000000,50.6,100.2,77.0,9.4,59.2,1397715000.0,35.86166,104.195397
442,5800,finance & investments,josh harris,58.0,united states,miami,private equity,finance & investments,united states,True,e,m,1964-12-29 00:00:00,harris,josh,2023-04-04 05:01:00,1964.0,12.0,29.0,117.24,7.5,21427700000000,88.2,101.8,78.5,9.6,36.6,328239523.0,37.09024,-95.712891
442,5800,healthcare,niels peter louis-hansen,75.0,denmark,humlebaek,medical devices,healthcare,denmark,False,d,m,1947-10-25 00:00:00,louis-hansen,niels peter,2023-04-04 05:01:00,1947.0,10.0,25.0,110.35,0.8,348078018464,80.6,101.3,81.0,32.4,23.8,5818553.0,56.26392,9.501785
442,5800,healthcare,patrick soon-shiong,70.0,united states,los angeles,pharmaceuticals,healthcare,united states,True,d,m,1952-07-29 00:00:00,soon-shiong,patrick,2023-04-04 05:01:00,1952.0,7.0,29.0,117.24,7.5,21427700000000,88.2,101.8,78.5,9.6,36.6,328239523.0,37.09024,-95.712891
445,5700,metals & mining,rinat akhmetov,56.0,ukraine,donetsk,"steel, coal",metals & mining,ukraine,True,u,m,1966-09-21 00:00:00,akhmetov,rinat,2023-04-04 05:01:00,1966.0,9.0,21.0,281.66,7.9,153781069118,82.7,99.0,71.6,20.1,45.2,44385155.0,48.379433,31.16558
445,5700,healthcare,john brown,88.0,united states,atlanta,medical equipment,healthcare,united states,True,u,m,1934-09-15 00:00:00,brown,john,2023-04-04 05:01:00,1934.0,9.0,15.0,117.24,7.5,21427700000000,88.2,101.8,78.5,9.6,36.6,328239523.0,37.09024,-95.712891
445,5700,media & entertainment,clive calder,76.0,cayman islands,grand cayman,record label,media & entertainment,united kingdom,True,e,m,1946-12-13 00:00:00,calder,clive,2023-04-04 05:01:00,1946.0,12.0,13.0,117.24,2.9,21427700000000,65.6,101.8,78.5,9.6,41.2,328239523.0,37.09024,10.451526
445,5700,energy,arthur irving,93.0,canada,saint john,oil,energy,canada,False,u,m,1930-01-01 00:00:00,irving,arthur,2023-04-04 05:01:00,1930.0,1.0,1.0,116.76,1.9,1736425629520,68.9,100.9,81.9,12.8,24.5,36991981.0,56.130366,-106.346771
445,5700,real estate,fredrik lundberg,71.0,sweden,stockholm,"real estate, investments",real estate,sweden,False,d,m,1951-08-05 00:00:00,lundberg,fredrik,2023-04-04 05:01:00,1951.0,8.0,5.0,110.51,1.8,530832908738,67.0,126.6,82.5,27.9,49.1,10285453.0,60.128161,18.643501
445,5700,construction & engineering,thomas schmidheiny,77.0,switzerland,jona,cement,construction & engineering,switzerland,False,u,m,1945-12-17 00:00:00,schmidheiny,thomas,2023-04-04 05:01:00,1945.0,12.0,17.0,99.55,0.4,703082435360,59.6,105.2,83.6,10.1,28.8,8574832.0,46.818188,8.227512
445,5700,logistics,helmut sohmen,83.0,hong kong,hong kong,shipping,logistics,austria,False,u,m,1939-12-10 00:00:00,sohmen,helmut,2023-04-04 05:01:00,1939.0,12.0,10.0,117.24,2.9,21427700000000,65.6,101.8,78.5,9.6,41.2,328239523.0,37.09024,10.451526
445,5700,finance & investments,daniel ziff,51.0,united states,new york,investments,finance & investments,united states,False,u,m,1971-11-02 00:00:00,ziff,daniel,2023-04-04 05:01:00,1971.0,11.0,2.0,117.24,7.5,21427700000000,88.2,101.8,78.5,9.6,36.6,328239523.0,37.09024,-95.712891
445,5700,finance & investments,dirk ziff,59.0,united states,north palm beach,investments,finance & investments,united states,False,u,m,1964-04-01 00:00:00,ziff,dirk,2023-04-04 05:01:00,1964.0,4.0,1.0,117.24,7.5,21427700000000,88.2,101.8,78.5,9.6,36.6,328239523.0,37.09024,-95.712891
445,5700,finance & investments,robert ziff,56.0,united states,new york,investments,finance & investments,united states,False,u,m,1966-08-12 00:00:00,ziff,robert,2023-04-04 05:01:00,1966.0,8.0,12.0,117.24,7.5,21427700000000,88.2,101.8,78.5,9.6,36.6,328239523.0,37.09024,-95.712891
455,5600,energy,ray lee hunt,79.0,united states,dallas,"oil, real estate",energy,united states,False,d,m,1943-04-06 00:00:00,hunt,ray lee,2023-04-04 05:01:00,1943.0,4.0,6.0,117.24,7.5,21427700000000,88.2,101.8,78.5,9.6,36.6,328239523.0,37.09024,-95.712891
455,5600,logistics,lai meisong,52.0,china,shanghai,package delivery,logistics,china,True,u,m,1970-12-01 00:00:00,lai,meisong,2023-04-04 05:01:00,1970.0,12.0,1.0,125.08,2.9,19910000000000,50.6,100.2,77.0,9.4,59.2,1397715000.0,35.86166,104.195397
455,5600,automotive,vikram lal & family,81.0,india,delhi,motorcycles,automotive,india,False,u,m,1942-03-05 00:00:00,lal,vikram,2023-04-04 05:01:00,1942.0,3.0,5.0,180.44,7.7,2611000000000,28.1,113.0,69.4,11.2,49.7,1366417754.0,20.593684,78.96288
455,5600,finance & investments,ken langone,87.0,united states,sands point,investments,finance & investments,united states,True,d,m,1935-09-16 00:00:00,langone,ken,2023-04-04 05:01:00,1935.0,9.0,16.0,117.24,7.5,21427700000000,88.2,101.8,78.5,9.6,36.6,328239523.0,37.09024,-95.712891
455,5600,healthcare,li ge,56.0,china,shanghai,pharmaceutical ingredients,healthcare,united states,True,split family fortune,m,1967-01-01 00:00:00,li,ge,2023-04-04 05:01:00,1967.0,1.0,1.0,125.08,2.9,19910000000000,50.6,100.2,77.0,9.4,59.2,1397715000.0,35.86166,104.195397
455,5600,finance & investments,karen pritzker,65.0,united states,branford,"hotels, investments",finance & investments,united states,False,d,f,1958-01-07 00:00:00,pritzker,karen,2023-04-04 05:01:00,1958.0,1.0,7.0,117.24,7.5,21427700000000,88.2,101.8,78.5,9.6,36.6,328239523.0,37.09024,-95.712891
455,5600,service,robert rowling,69.0,united states,dallas,"hotels, investments",service,united states,False,u,m,1953-09-26 00:00:00,rowling,robert,2023-04-04 05:01:00,1953.0,9.0,26.0,117.24,7.5,21427700000000,88.2,101.8,78.5,9.6,36.6,328239523.0,37.09024,-95.712891
455,5600,gambling & casinos,teddy sagi,51.0,israel,tel aviv,gambling software,gambling & casinos,israel,True,e,m,1971-11-01 00:00:00,sagi,teddy,2023-04-04 05:01:00,1971.0,11.0,1.0,108.15,0.8,395098666122,63.4,104.9,82.8,23.1,25.3,9053300.0,31.046051,34.851612
455,5600,healthcare,seo jung-jin,65.0,south korea,seoul,biotech,healthcare,south korea,True,d,m,1957-10-23 00:00:00,seo,jung-jin,2023-04-04 05:01:00,1957.0,10.0,23.0,115.16,0.4,2029000000000,94.3,98.1,82.6,15.6,33.2,51709098.0,35.907757,127.766922
455,5600,automotive,wu jianshu,59.0,china,ningbo,auto parts,automotive,hong kong,True,d,m,1964-01-01 00:00:00,wu,jianshu,2023-04-04 05:01:00,1964.0,1.0,1.0,125.08,2.9,19910000000000,50.6,100.2,77.0,9.4,59.2,1397715000.0,35.86166,104.195397
466,5500,service,micky arison,73.0,united states,bal harbour,carnival cruises,service,united states,False,d,m,1949-06-29 00:00:00,arison,micky,2023-04-04 05:01:00,1949.0,6.0,29.0,117.24,7.5,21427700000000,88.2,101.8,78.5,9.6,36.6,328239523.0,37.09024,-95.712891
466,5500,media & entertainment,james chambers,65.0,united states,palisades,"media, automotive",media & entertainment,united states,False,u,m,1957-04-12 00:00:00,chambers,james,2023-04-04 05:01:00,1957.0,4.0,12.0,117.24,7.5,21427700000000,88.2,101.8,78.5,9.6,36.6,328239523.0,37.09024,-95.712891
466,5500,technology,pierre chen,66.0,taiwan,taipei,electronics,technology,taiwan,True,u,m,1956-09-28 00:00:00,chen,pierre,2023-04-04 05:01:00,1956.0,9.0,28.0,117.24,2.9,21427700000000,65.6,101.8,78.5,9.6,41.2,328239523.0,37.09024,10.451526
466,5500,technology,john collison,32.0,united states,san francisco,payments software,technology,ireland,True,d,m,1990-08-06 00:00:00,collison,john,2023-04-04 05:01:00,1990.0,8.0,6.0,117.24,7.5,21427700000000,88.2,101.8,78.5,9.6,36.6,328239523.0,37.09024,-95.712891
466,5500,technology,patrick collison,34.0,united states,san francisco,payment software,technology,ireland,True,d,m,1988-09-09 00:00:00,collison,patrick,2023-04-04 05:01:00,1988.0,9.0,9.0,117.24,7.5,21427700000000,88.2,101.8,78.5,9.6,36.6,328239523.0,37.09024,-95.712891
466,5500,manufacturing,archie aldis emmerson & family,93.0,united states,redding,"timberland, lumber mills",manufacturing,united states,True,u,m,1929-04-10 00:00:00,emmerson,archie aldis,2023-04-04 05:01:00,1929.0,4.0,10.0,117.24,7.5,21427700000000,88.2,101.8,78.5,9.6,36.6,328239523.0,37.09024,-95.712891
466,5500,automotive,piero ferrari,77.0,italy,modena,automobiles,automotive,italy,False,u,m,1945-05-22 00:00:00,ferrari,piero,2023-04-04 05:01:00,1945.0,5.0,22.0,110.62,0.6,2001244392042,61.9,101.9,82.9,24.3,59.1,60297396.0,41.87194,12.56738
466,5500,automotive,dan friedkin,58.0,united states,houston,toyota dealerships,automotive,united states,False,u,m,1965-02-27 00:00:00,friedkin,dan,2023-04-04 05:01:00,1965.0,2.0,27.0,117.24,7.5,21427700000000,88.2,101.8,78.5,9.6,36.6,328239523.0,37.09024,-95.712891
466,5500,diversified,james irving,95.0,canada,saint john,diversified,diversified,canada,False,u,m,1928-03-20 00:00:00,irving,james,2023-04-04 05:01:00,1928.0,3.0,20.0,116.76,1.9,1736425629520,68.9,100.9,81.9,12.8,24.5,36991981.0,56.130366,-106.346771
466,5500,manufacturing,jiang weiping & family,68.0,china,chengdu,chemicals,manufacturing,china,True,d,m,1955-03-01 00:00:00,jiang,weiping,2023-04-04 05:01:00,1955.0,3.0,1.0,125.08,2.9,19910000000000,50.6,100.2,77.0,9.4,59.2,1397715000.0,35.86166,104.195397
466,5500,healthcare,wolfgang marguerre & family,81.0,germany,heidelberg,pharmaceuticals,healthcare,germany,True,u,m,1941-06-04 00:00:00,marguerre,wolfgang,2023-04-04 05:01:00,1941.0,6.0,4.0,112.85,1.4,3845630030824,70.2,104.0,80.9,11.5,48.8,83132799.0,51.165691,10.451526
466,5500,finance & investments,ludwig merckle,58.0,germany,ulm,pharmaceuticals,finance & investments,germany,False,d,m,1965-01-01 00:00:00,merckle,ludwig,2023-04-04 05:01:00,1965.0,1.0,1.0,112.85,1.4,3845630030824,70.2,104.0,80.9,11.5,48.8,83132799.0,51.165691,10.451526
466,5500,manufacturing,mitchell rales,66.0,united states,potomac,"manufacturing, investments",manufacturing,united states,True,d,m,1956-08-21 00:00:00,rales,mitchell,2023-04-04 05:01:00,1956.0,8.0,21.0,117.24,7.5,21427700000000,88.2,101.8,78.5,9.6,36.6,328239523.0,37.09024,-95.712891
466,5500,media & entertainment,katharine rayner,78.0,united states,east hampton,"media, automotive",media & entertainment,united states,False,u,f,1945-01-12 00:00:00,rayner,katharine,2023-04-04 05:01:00,1945.0,1.0,12.0,117.24,7.5,21427700000000,88.2,101.8,78.5,9.6,36.6,328239523.0,37.09024,-95.712891
466,5500,finance & investments,jean salata,57.0,hong kong,hong kong,finance,finance & investments,chile,True,u,m,1965-12-01 00:00:00,salata,jean,2023-04-04 05:01:00,1965.0,12.0,1.0,117.24,2.9,21427700000000,65.6,101.8,78.5,9.6,41.2,328239523.0,37.09024,10.451526
466,5500,finance & investments,paul singer,78.0,united states,new york,hedge funds,finance & investments,united states,True,u,m,1944-08-22 00:00:00,singer,paul,2023-04-04 05:01:00,1944.0,8.0,22.0,117.24,7.5,21427700000000,88.2,101.8,78.5,9.6,36.6,328239523.0,37.09024,-95.712891
466,5500,healthcare,sergio stevanato & family,80.0,italy,venice,medical packaging,healthcare,italy,True,u,m,1943-03-20 00:00:00,stevanato,sergio,2023-04-04 05:01:00,1943.0,3.0,20.0,110.62,0.6,2001244392042,61.9,101.9,82.9,24.3,59.1,60297396.0,41.87194,12.56738
466,5500,media & entertainment,margaretta taylor,80.0,united states,southampton,"media, automotive",media & entertainment,united states,False,u,f,1942-04-15 00:00:00,taylor,margaretta,2023-04-04 05:01:00,1942.0,4.0,15.0,117.24,7.5,21427700000000,88.2,101.8,78.5,9.6,36.6,328239523.0,37.09024,-95.712891
466,5500,technology,richard white,68.0,australia,sydney,software,technology,australia,True,u,m,1955-04-01 00:00:00,white,richard,2023-04-04 05:01:00,1955.0,4.0,1.0,119.8,1.6,1392680589329,113.1,100.3,82.7,23.0,47.4,25766605.0,-25.274398,133.775136
466,5500,diversified,zhao yan,56.0,china,beijing,biotech,diversified,china,True,d,f,1967-01-01 00:00:00,zhao,yan,2023-04-04 05:01:00,1967.0,1.0,1.0,125.08,2.9,19910000000000,50.6,100.2,77.0,9.4,59.2,1397715000.0,35.86166,104.195397
486,5400,fashion & retail,patrizio bertelli,77.0,italy,milan,luxury goods,fashion & retail,italy,True,u,m,1946-01-01 00:00:00,bertelli,patrizio,2023-04-04 05:01:00,1946.0,1.0,1.0,110.62,0.6,2001244392042,61.9,101.9,82.9,24.3,59.1,60297396.0,41.87194,12.56738
486,5400,manufacturing,mahendra choksi & family,81.0,india,mumbai,paints,manufacturing,india,False,d,m,1941-04-19 00:00:00,choksi,mahendra,2023-04-04 05:01:00,1941.0,4.0,19.0,180.44,7.7,2611000000000,28.1,113.0,69.4,11.2,49.7,1366417754.0,20.593684,78.96288
486,5400,finance & investments,mat ishbia,43.0,united states,bloomfield hills,mortgage lender,finance & investments,united states,False,u,m,1980-01-06 00:00:00,ishbia,mat,2023-04-04 05:01:00,1980.0,1.0,6.0,117.24,7.5,21427700000000,88.2,101.8,78.5,9.6,36.6,328239523.0,37.09024,-95.712891
486,5400,technology,leo koguan,68.0,singapore,singapore,it provider,technology,united states,True,d,m,1955-02-15 00:00:00,koguan,leo,2023-04-04 05:01:00,1955.0,2.0,15.0,114.41,0.6,372062527489,84.8,100.6,83.1,13.1,21.0,5703569.0,1.352083,103.819836
486,5400,diversified,miao hangen,58.0,china,suzhou,"textiles, petrochemicals",diversified,china,True,d,m,1965-01-01 00:00:00,miao,hangen,2023-04-04 05:01:00,1965.0,1.0,1.0,125.08,2.9,19910000000000,50.6,100.2,77.0,9.4,59.2,1397715000.0,35.86166,104.195397
486,5400,manufacturing,michael pieper,77.0,switzerland,lucerne,kitchen appliances,manufacturing,switzerland,True,u,m,1946-02-05 00:00:00,pieper,michael,2023-04-04 05:01:00,1946.0,2.0,5.0,99.55,0.4,703082435360,59.6,105.2,83.6,10.1,28.8,8574832.0,46.818188,8.227512
486,5400,fashion & retail,miuccia prada,73.0,italy,milan,luxury goods,fashion & retail,italy,False,u,f,1949-05-10 00:00:00,prada,miuccia,2023-04-04 05:01:00,1949.0,5.0,10.0,110.62,0.6,2001244392042,61.9,101.9,82.9,24.3,59.1,60297396.0,41.87194,12.56738
486,5400,fashion & retail,wolfgang reimann,70.0,germany,passau,consumer goods,fashion & retail,germany,False,d,m,1952-10-04 00:00:00,reimann,wolfgang,2023-04-04 05:01:00,1952.0,10.0,4.0,112.85,1.4,3845630030824,70.2,104.0,80.9,11.5,48.8,83132799.0,51.165691,10.451526
486,5400,fashion & retail,matthias reimann-andersen,58.0,germany,munich,consumer goods,fashion & retail,germany,False,d,m,1965-03-30 00:00:00,reimann-andersen,matthias,2023-04-04 05:01:00,1965.0,3.0,30.0,112.85,1.4,3845630030824,70.2,104.0,80.9,11.5,48.8,83132799.0,51.165691,10.451526
486,5400,fashion & retail,stefan reimann-andersen,59.0,austria,vienna,consumer goods,fashion & retail,germany,False,d,m,1963-07-13 00:00:00,reimann-andersen,stefan,2023-04-04 05:01:00,1963.0,7.0,13.0,118.06,1.5,446314739528,85.1,103.1,81.6,25.4,51.4,8877067.0,47.516231,14.550072
486,5400,fashion & retail,renate reimann-haas,71.0,austria,vienna,consumer goods,fashion & retail,germany,False,d,f,1951-10-08 00:00:00,reimann-haas,renate,2023-04-04 05:01:00,1951.0,10.0,8.0,118.06,1.5,446314739528,85.1,103.1,81.6,25.4,51.4,8877067.0,47.516231,14.550072
497,5300,finance & investments,todd boehly,49.0,united states,darien,finance,finance & investments,united states,True,u,m,1973-09-20 00:00:00,boehly,todd,2023-04-04 05:01:00,1973.0,9.0,20.0,117.24,7.5,21427700000000,88.2,101.8,78.5,9.6,36.6,328239523.0,37.09024,-95.712891
497,5300,real estate,rick caruso,64.0,united states,los angeles,real estate,real estate,united states,True,u,m,1959-01-07 00:00:00,caruso,rick,2023-04-04 05:01:00,1959.0,1.0,7.0,117.24,7.5,21427700000000,88.2,101.8,78.5,9.6,36.6,328239523.0,37.09024,-95.712891
497,5300,manufacturing,ibrahim erdemoglu,60.0,turkey,istanbul,carpet,manufacturing,turkey,True,u,m,1962-09-26 00:00:00,erdemoglu,ibrahim,2023-04-04 05:01:00,1962.0,9.0,26.0,234.44,15.2,754411708203,23.9,93.2,77.4,17.9,42.3,83429615.0,38.963745,35.243322
497,5300,finance & investments,elizabeth johnson,59.0,united states,boston,fidelity,finance & investments,united states,False,u,f,1963-05-07 00:00:00,johnson,elizabeth,2023-04-04 05:01:00,1963.0,5.0,7.0,117.24,7.5,21427700000000,88.2,101.8,78.5,9.6,36.6,328239523.0,37.09024,-95.712891
497,5300,finance & investments,douglas leone,65.0,united states,atherton,venture capital,finance & investments,united states,True,d,m,1957-07-04 00:00:00,leone,douglas,2023-04-04 05:01:00,1957.0,7.0,4.0,117.24,7.5,21427700000000,88.2,101.8,78.5,9.6,36.6,328239523.0,37.09024,-95.712891
497,5300,diversified,prajogo pangestu,78.0,indonesia,jakarta,petrochemicals,diversified,indonesia,False,d,m,1944-05-13 00:00:00,pangestu,prajogo,2023-04-04 05:01:00,1944.0,5.0,13.0,151.18,3.0,1119190780753,36.3,106.4,71.5,10.2,30.1,270203917.0,-0.789275,113.921327
497,5300,finance & investments,thomas pritzker,72.0,united states,chicago,"hotels, investments",finance & investments,united states,False,u,m,1950-06-06 00:00:00,pritzker,thomas,2023-04-04 05:01:00,1950.0,6.0,6.0,117.24,7.5,21427700000000,88.2,101.8,78.5,9.6,36.6,328239523.0,37.09024,-95.712891
497,5300,food & beverage,lynda resnick,80.0,united states,beverly hills,agriculture,food & beverage,united states,True,split family fortune,f,1943-01-02 00:00:00,resnick,lynda,2023-04-04 05:01:00,1943.0,1.0,2.0,117.24,7.5,21427700000000,88.2,101.8,78.5,9.6,36.6,328239523.0,37.09024,-95.712891
497,5300,food & beverage,stewart resnick,86.0,united states,beverly hills,agriculture,food & beverage,united states,True,split family fortune,m,1936-12-24 00:00:00,resnick,stewart,2023-04-04 05:01:00,1936.0,12.0,24.0,117.24,7.5,21427700000000,88.2,101.8,78.5,9.6,36.6,328239523.0,37.09024,-95.712891
497,5300,service,gary rollins,78.0,united states,atlanta,pest control,service,united states,False,e,m,1944-08-30 00:00:00,rollins,gary,2023-04-04 05:01:00,1944.0,8.0,30.0,117.24,7.5,21427700000000,88.2,101.8,78.5,9.6,36.6,328239523.0,37.09024,-95.712891
497,5300,finance & investments,mark walter,62.0,united states,chicago,"finance, asset management",finance & investments,united states,True,u,m,1960-05-22 00:00:00,walter,mark,2023-04-04 05:01:00,1960.0,5.0,22.0,117.24,7.5,21427700000000,88.2,101.8,78.5,9.6,36.6,328239523.0,37.09024,-95.712891
497,5300,manufacturing,ronald wanek,81.0,united states,saint petersburg,furniture,manufacturing,united states,True,d,m,1941-05-19 00:00:00,wanek,ronald,2023-04-04 05:01:00,1941.0,5.0,19.0,117.24,7.5,21427700000000,88.2,101.8,78.5,9.6,36.6,328239523.0,37.09024,-95.712891
497,5300,food & beverage,erich wesjohann & family,77.0,germany,visbek,poultry genetics,food & beverage,germany,True,d,m,1945-06-02 00:00:00,wesjohann,erich,2023-04-04 05:01:00,1945.0,6.0,2.0,112.85,1.4,3845630030824,70.2,104.0,80.9,11.5,48.8,83132799.0,51.165691,10.451526
497,5300,fashion & retail,m.a. yusuff ali,67.0,united arab emirates,abu dhabi,retail,fashion & retail,india,True,d,m,1955-11-15 00:00:00,yusuff ali,m.a.,2023-04-04 05:01:00,1955.0,11.0,15.0,114.52,-1.9,421142267938,36.8,108.4,77.8,0.1,15.9,9770529.0,23.424076,53.847818
511,5200,finance & investments,alexandre behring,56.0,united states,greenwich,investments,finance & investments,brazil,True,u,m,1967-02-20 00:00:00,behring,alexandre,2023-04-04 05:01:00,1967.0,2.0,20.0,117.24,7.5,21427700000000,88.2,101.8,78.5,9.6,36.6,328239523.0,37.09024,-95.712891
511,5200,food & beverage,cheng xue,53.0,china,foshan,soy sauce,food & beverage,china,True,d,f,1970-02-26 00:00:00,cheng,xue,2023-04-04 05:01:00,1970.0,2.0,26.0,125.08,2.9,19910000000000,50.6,100.2,77.0,9.4,59.2,1397715000.0,35.86166,104.195397
511,5200,real estate,robert faith,59.0,united states,charleston,real estate management,real estate,united states,True,n,m,1963-10-03 00:00:00,faith,robert,2023-04-04 05:01:00,1963.0,10.0,3.0,117.24,7.5,21427700000000,88.2,101.8,78.5,9.6,36.6,328239523.0,37.09024,-95.712891
511,5200,fashion & retail,gao dekang & family,71.0,china,changshu,apparel,fashion & retail,china,True,u,m,1952-02-01 00:00:00,gao,dekang,2023-04-04 05:01:00,1952.0,2.0,1.0,125.08,2.9,19910000000000,50.6,100.2,77.0,9.4,59.2,1397715000.0,35.86166,104.195397
511,5200,fashion & retail,micky jagtiani,71.0,united arab emirates,dubai,retail,fashion & retail,india,False,u,m,1951-09-28 00:00:00,jagtiani,micky,2023-04-04 05:01:00,1951.0,9.0,28.0,114.52,-1.9,421142267938,36.8,108.4,77.8,0.1,15.9,9770529.0,23.424076,53.847818
511,5200,telecom,ananda krishnan,85.0,malaysia,kuala lumpur,"telecoms, media, oil-services",telecom,malaysia,True,d,m,1938-04-01 00:00:00,krishnan,ananda,2023-04-04 05:01:00,1938.0,4.0,1.0,121.46,0.7,364701517788,45.1,105.3,76.0,12.0,38.7,32447385.0,4.210484,101.975766
511,5200,technology,barry lam,73.0,taiwan,taipei,electronics,technology,taiwan,True,d,m,1949-04-24 00:00:00,lam,barry,2023-04-04 05:01:00,1949.0,4.0,24.0,117.24,2.9,21427700000000,65.6,101.8,78.5,9.6,41.2,328239523.0,37.09024,10.451526
511,5200,food & beverage,"robert rich, jr.",82.0,united states,islamorada,frozen foods,food & beverage,united states,False,u,m,1941-01-25 00:00:00,rich,robert,2023-04-04 05:01:00,1941.0,1.0,25.0,117.24,7.5,21427700000000,88.2,101.8,78.5,9.6,36.6,328239523.0,37.09024,-95.712891
511,5200,gambling & casinos,mark scheinberg,49.0,united kingdom,isle of man,online gambling,gambling & casinos,canada,True,d,m,1973-12-27 00:00:00,scheinberg,mark,2023-04-04 05:01:00,1973.0,12.0,27.0,119.62,1.7,2827113184696,60.0,101.2,81.3,25.5,30.6,66834405.0,55.378051,-3.435973
511,5200,technology,charles simonyi,74.0,united states,medina,microsoft,technology,united states,True,d,m,1948-09-10 00:00:00,simonyi,charles,2023-04-04 05:01:00,1948.0,9.0,10.0,117.24,7.5,21427700000000,88.2,101.8,78.5,9.6,36.6,328239523.0,37.09024,-95.712891
511,5200,real estate,ty warner,78.0,united states,oak brook,"plush toys, real estate",real estate,united states,True,u,m,1944-09-03 00:00:00,warner,ty,2023-04-04 05:01:00,1944.0,9.0,3.0,117.24,7.5,21427700000000,88.2,101.8,78.5,9.6,36.6,328239523.0,37.09024,-95.712891
511,5200,real estate,sam zell,81.0,united states,chicago,"real estate, private equity",real estate,united states,True,d,m,1941-09-28 00:00:00,zell,sam,2023-04-04 05:01:00,1941.0,9.0,28.0,117.24,7.5,21427700000000,88.2,101.8,78.5,9.6,36.6,328239523.0,37.09024,-95.712891
523,5100,manufacturing,fang wei,49.0,china,beijing,steel,manufacturing,china,True,u,m,1973-09-04 00:00:00,fang,wei,2023-04-04 05:01:00,1973.0,9.0,4.0,125.08,2.9,19910000000000,50.6,100.2,77.0,9.4,59.2,1397715000.0,35.86166,104.195397
523,5100,finance & investments,rekha jhunjhunwala,59.0,india,mumbai,investments,finance & investments,india,False,n,f,1963-09-12 00:00:00,jhunjhunwala,rekha,2023-04-04 05:01:00,1963.0,9.0,12.0,180.44,7.7,2611000000000,28.1,113.0,69.4,11.2,49.7,1366417754.0,20.593684,78.96288
523,5100,finance & investments,charles b. johnson,90.0,united states,palm beach,franklin templeton,finance & investments,united states,False,e,m,1933-01-06 00:00:00,johnson,charles b.,2023-04-04 05:01:00,1933.0,1.0,6.0,117.24,7.5,21427700000000,88.2,101.8,78.5,9.6,36.6,328239523.0,37.09024,-95.712891
523,5100,media & entertainment,kwon hyuk-bin,49.0,south korea,seoul,online games,media & entertainment,south korea,True,d,m,1974-01-01 00:00:00,kwon,hyuk-bin,2023-04-04 05:01:00,1974.0,1.0,1.0,115.16,0.4,2029000000000,94.3,98.1,82.6,15.6,33.2,51709098.0,35.907757,127.766922
523,5100,finance & investments,sami mnaymneh,61.0,united states,miami beach,private equity,finance & investments,united states,True,u,m,1961-07-13 00:00:00,mnaymneh,sami,2023-04-04 05:01:00,1961.0,7.0,13.0,117.24,7.5,21427700000000,88.2,101.8,78.5,9.6,36.6,328239523.0,37.09024,-95.712891
523,5100,logistics,kjell inge rokke,64.0,norway,vettre,"shipping, seafood",logistics,norway,True,d,m,1958-10-25 00:00:00,rokke,kjell inge,2023-04-04 05:01:00,1958.0,10.0,25.0,120.27,2.2,403336363636,82.0,100.3,82.8,23.9,36.2,5347896.0,60.472024,8.468946
523,5100,finance & investments,tony tamer,65.0,united states,new york,private equity,finance & investments,united states,True,u,m,1957-10-12 00:00:00,tamer,tony,2023-04-04 05:01:00,1957.0,10.0,12.0,117.24,7.5,21427700000000,88.2,101.8,78.5,9.6,36.6,328239523.0,37.09024,-95.712891
523,5100,healthcare,tse ping & family,71.0,hong kong,hong kong,pharmaceuticals,healthcare,china,True,d,m,1952-01-03 00:00:00,tse,ping,2023-04-04 05:01:00,1952.0,1.0,3.0,117.24,2.9,21427700000000,65.6,101.8,78.5,9.6,41.2,328239523.0,37.09024,10.451526
523,5100,technology,romesh t. wadhwani,75.0,united states,palo alto,software,technology,united states,True,u,m,1947-08-25 00:00:00,wadhwani,romesh t.,2023-04-04 05:01:00,1947.0,8.0,25.0,117.24,7.5,21427700000000,88.2,101.8,78.5,9.6,36.6,328239523.0,37.09024,-95.712891
523,5100,healthcare,hansjoerg wyss,88.0,united states,wilson,medical devices,healthcare,switzerland,True,u,m,1935-01-01 00:00:00,wyss,hansjoerg,2023-04-04 05:01:00,1935.0,1.0,1.0,117.24,7.5,21427700000000,88.2,101.8,78.5,9.6,36.6,328239523.0,37.09024,-95.712891
523,5100,sports,denise york & family,72.0,united states,youngstown,san francisco 49ers,sports,united states,False,u,f,1950-10-21 00:00:00,york,denise,2023-04-04 05:01:00,1950.0,10.0,21.0,117.24,7.5,21427700000000,88.2,101.8,78.5,9.6,36.6,328239523.0,37.09024,-95.712891
534,5000,finance & investments,ron baron,79.0,united states,new york,money management,finance & investments,united states,True,u,m,1943-05-23 00:00:00,baron,ron,2023-04-04 05:01:00,1943.0,5.0,23.0,117.24,7.5,21427700000000,88.2,101.8,78.5,9.6,36.6,328239523.0,37.09024,-95.712891
534,5000,energy,robert bass,75.0,united states,fort worth,"oil, investments",energy,united states,False,d,m,1948-03-19 00:00:00,bass,robert,2023-04-04 05:01:00,1948.0,3.0,19.0,117.24,7.5,21427700000000,88.2,101.8,78.5,9.6,36.6,328239523.0,37.09024,-95.712891
534,5000,healthcare,dona bertarelli,55.0,switzerland,gstaad,biotech and investments,healthcare,switzerland,False,u,f,1968-01-01 00:00:00,bertarelli,dona,2023-04-04 05:01:00,1968.0,1.0,1.0,99.55,0.4,703082435360,59.6,105.2,83.6,10.1,28.8,8574832.0,46.818188,8.227512
534,5000,finance & investments,alexander gerko,43.0,united kingdom,london,trading,finance & investments,united kingdom,True,n,m,1979-12-03 00:00:00,gerko,alexander,2023-04-04 05:01:00,1979.0,12.0,3.0,119.62,1.7,2827113184696,60.0,101.2,81.3,25.5,30.6,66834405.0,55.378051,-3.435973
534,5000,technology,martin haefner,69.0,switzerland,zurich,"software, investments",technology,switzerland,False,u,m,1954-01-01 00:00:00,haefner,martin,2023-04-04 05:01:00,1954.0,1.0,1.0,99.55,0.4,703082435360,59.6,105.2,83.6,10.1,28.8,8574832.0,46.818188,8.227512
534,5000,telecom,"robert hale, jr.",56.0,united states,boston,telecom,telecom,united states,True,u,m,1966-07-08 00:00:00,hale,robert,2023-04-04 05:01:00,1966.0,7.0,8.0,117.24,7.5,21427700000000,88.2,101.8,78.5,9.6,36.6,328239523.0,37.09024,-95.712891
534,5000,healthcare,viktor kharitonin,50.0,russia,moscow,pharmaceuticals,healthcare,russia,True,u,m,1972-11-20 00:00:00,kharitonin,viktor,2023-04-04 05:01:00,1972.0,11.0,20.0,180.75,4.5,1699876578871,81.9,102.6,72.7,11.4,46.2,144373535.0,61.52401,105.318756
534,5000,technology,kim beom-su,57.0,south korea,seoul,online services,technology,south korea,True,d,m,1966-03-27 00:00:00,kim,beom-su,2023-04-04 05:01:00,1966.0,3.0,27.0,115.16,0.4,2029000000000,94.3,98.1,82.6,15.6,33.2,51709098.0,35.907757,127.766922
534,5000,fashion & retail,jane lauder,50.0,united states,new york,estée lauder,fashion & retail,united states,False,d,f,1973-01-01 00:00:00,lauder,jane,2023-04-04 05:01:00,1973.0,1.0,1.0,117.24,7.5,21427700000000,88.2,101.8,78.5,9.6,36.6,328239523.0,37.09024,-95.712891
534,5000,fashion & retail,michel leclercq & family,83.0,france,lille,sporting goods,fashion & retail,france,False,u,m,1939-05-27 00:00:00,leclercq,michel,2023-04-04 05:01:00,1939.0,5.0,27.0,110.05,1.1,2715518274227,65.6,102.5,82.5,24.2,60.7,67059887.0,46.227638,2.213749
534,5000,media & entertainment,george lucas,78.0,united states,san anselmo,star wars,media & entertainment,united states,True,d,m,1944-05-14 00:00:00,lucas,george,2023-04-04 05:01:00,1944.0,5.0,14.0,117.24,7.5,21427700000000,88.2,101.8,78.5,9.6,36.6,328239523.0,37.09024,-95.712891
534,5000,sports,janice mcnair,86.0,united states,houston,"energy, sports",sports,united states,False,u,f,1936-09-30 00:00:00,mcnair,janice,2023-04-04 05:01:00,1936.0,9.0,30.0,117.24,7.5,21427700000000,88.2,101.8,78.5,9.6,36.6,328239523.0,37.09024,-95.712891
534,5000,healthcare,ugur sahin,57.0,germany,mainz,biotechnology,healthcare,germany,True,d,m,1965-09-19 00:00:00,sahin,ugur,2023-04-04 05:01:00,1965.0,9.0,19.0,112.85,1.4,3845630030824,70.2,104.0,80.9,11.5,48.8,83132799.0,51.165691,10.451526
534,5000,real estate,alexandra schoerghuber & family,64.0,germany,munich,real estate,real estate,germany,False,u,f,1958-07-24 00:00:00,schoerghuber,alexandra,2023-04-04 05:01:00,1958.0,7.0,24.0,112.85,1.4,3845630030824,70.2,104.0,80.9,11.5,48.8,83132799.0,51.165691,10.451526
534,5000,healthcare,thomas straumann,59.0,switzerland,basel,dental implants,healthcare,switzerland,False,d,m,1963-07-22 00:00:00,straumann,thomas,2023-04-04 05:01:00,1963.0,7.0,22.0,99.55,0.4,703082435360,59.6,105.2,83.6,10.1,28.8,8574832.0,46.818188,8.227512
534,5000,food & beverage,murat ulker,64.0,turkey,istanbul,food,food & beverage,turkey,False,u,m,1959-03-23 00:00:00,ulker,murat,2023-04-04 05:01:00,1959.0,3.0,23.0,234.44,15.2,754411708203,23.9,93.2,77.4,17.9,42.3,83429615.0,38.963745,35.243322
534,5000,fashion & retail,chip wilson,66.0,canada,vancouver,lululemon,fashion & retail,canada,True,d,m,1957-01-01 00:00:00,wilson,chip,2023-04-04 05:01:00,1957.0,1.0,1.0,116.76,1.9,1736425629520,68.9,100.9,81.9,12.8,24.5,36991981.0,56.130366,-106.346771
552,4900,manufacturing,jim davis & family,79.0,united states,newton,new balance,manufacturing,united states,True,d,m,1943-05-17 00:00:00,davis,jim,2023-04-04 05:01:00,1943.0,5.0,17.0,117.24,7.5,21427700000000,88.2,101.8,78.5,9.6,36.6,328239523.0,37.09024,-95.712891
552,4900,healthcare,murali divi & family,72.0,india,hyderabad,pharmaceuticals,healthcare,india,True,d,m,1951-03-17 00:00:00,divi,murali,2023-04-04 05:01:00,1951.0,3.0,17.0,180.44,7.7,2611000000000,28.1,113.0,69.4,11.2,49.7,1366417754.0,20.593684,78.96288
552,4900,technology,dagmar dolby & family,81.0,united states,san francisco,dolby laboratories,technology,united states,False,u,f,1941-06-28 00:00:00,dolby,dagmar,2023-04-04 05:01:00,1941.0,6.0,28.0,117.24,7.5,21427700000000,88.2,101.8,78.5,9.6,36.6,328239523.0,37.09024,-95.712891
552,4900,service,tom golisano,81.0,united states,naples,payroll services,service,united states,True,d,m,1941-11-14 00:00:00,golisano,tom,2023-04-04 05:01:00,1941.0,11.0,14.0,117.24,7.5,21427700000000,88.2,101.8,78.5,9.6,36.6,328239523.0,37.09024,-95.712891
552,4900,finance & investments,jonathan gray,53.0,united states,new york,investments,finance & investments,united states,True,d,m,1970-02-04 00:00:00,gray,jonathan,2023-04-04 05:01:00,1970.0,2.0,4.0,117.24,7.5,21427700000000,88.2,101.8,78.5,9.6,36.6,328239523.0,37.09024,-95.712891
552,4900,finance & investments,bidzina ivanishvili,67.0,georgia,tbilisi,investments,finance & investments,georgia,True,u,m,1956-02-18 00:00:00,ivanishvili,bidzina,2023-04-04 05:01:00,1956.0,2.0,18.0,133.61,4.9,17743195770,63.9,98.6,73.6,21.7,9.9,3720382.0,42.315407,43.356892
552,4900,metals & mining,lim hariyanto wijaya sarwono,94.0,indonesia,jakarta,"palm oil, nickel mining",metals & mining,indonesia,True,u,m,1928-11-01 00:00:00,lim,hariyanto wijaya sarwono,2023-04-04 05:01:00,1928.0,11.0,1.0,151.18,3.0,1119190780753,36.3,106.4,71.5,10.2,30.1,270203917.0,-0.789275,113.921327
552,4900,healthcare,rudolf maag,77.0,switzerland,binningen,medical devices,healthcare,switzerland,True,d,m,1946-01-31 00:00:00,maag,rudolf,2023-04-04 05:01:00,1946.0,1.0,31.0,99.55,0.4,703082435360,59.6,105.2,83.6,10.1,28.8,8574832.0,46.818188,8.227512
552,4900,food & beverage,emanuele (lino) saputo & family,86.0,canada,montreal,cheese,food & beverage,canada,False,u,m,1937-01-01 00:00:00,saputo,emanuele (lino),2023-04-04 05:01:00,1937.0,1.0,1.0,116.76,1.9,1736425629520,68.9,100.9,81.9,12.8,24.5,36991981.0,56.130366,-106.346771
552,4900,automotive,mark shoen,72.0,united states,phoenix,u-haul,automotive,united states,False,u,m,1950-11-20 00:00:00,shoen,mark,2023-04-04 05:01:00,1950.0,11.0,20.0,117.24,7.5,21427700000000,88.2,101.8,78.5,9.6,36.6,328239523.0,37.09024,-95.712891
552,4900,sports,dan snyder,58.0,united states,potomac,washington commanders,sports,united states,True,u,m,1964-11-23 00:00:00,snyder,dan,2023-04-04 05:01:00,1964.0,11.0,23.0,117.24,7.5,21427700000000,88.2,101.8,78.5,9.6,36.6,328239523.0,37.09024,-95.712891
552,4900,diversified,chairul tanjung,60.0,indonesia,jakarta,diversified,diversified,indonesia,True,d,m,1962-06-18 00:00:00,tanjung,chairul,2023-04-04 05:01:00,1962.0,6.0,18.0,151.18,3.0,1119190780753,36.3,106.4,71.5,10.2,30.1,270203917.0,-0.789275,113.921327
552,4900,energy,kelcy warren,67.0,united states,dallas,pipelines,energy,united states,True,u,m,1955-11-09 00:00:00,warren,kelcy,2023-04-04 05:01:00,1955.0,11.0,9.0,117.24,7.5,21427700000000,88.2,101.8,78.5,9.6,36.6,328239523.0,37.09024,-95.712891
552,4900,fashion & retail,zhang tao,50.0,china,beijing,e-commerce,fashion & retail,china,True,d,m,1972-11-01 00:00:00,zhang,tao,2023-04-04 05:01:00,1972.0,11.0,1.0,125.08,2.9,19910000000000,50.6,100.2,77.0,9.4,59.2,1397715000.0,35.86166,104.195397
567,4800,fashion & retail,michael ashley,58.0,united kingdom,hertfordshire,sports retailing,fashion & retail,united kingdom,True,u,m,1964-09-12 00:00:00,ashley,michael,2023-04-04 05:01:00,1964.0,9.0,12.0,119.62,1.7,2827113184696,60.0,101.2,81.3,25.5,30.6,66834405.0,55.378051,-3.435973
567,4800,fashion & retail,tomasz biernacki,50.0,poland,"krotoszyn,",supermarkets,fashion & retail,poland,True,u,m,1973-01-01 00:00:00,biernacki,tomasz,2023-04-04 05:01:00,1973.0,1.0,1.0,114.11,2.2,592164400688,67.8,100.0,77.6,17.4,40.8,37970874.0,51.919438,19.145136
567,4800,healthcare,bernard broermann,79.0,germany,koenigstein,hospitals,healthcare,germany,True,u,m,1943-11-22 00:00:00,broermann,bernard,2023-04-04 05:01:00,1943.0,11.0,22.0,112.85,1.4,3845630030824,70.2,104.0,80.9,11.5,48.8,83132799.0,51.165691,10.451526
567,4800,fashion & retail,jimmy haslam,69.0,united states,knoxville,"gas stations, retail",fashion & retail,united states,False,u,m,1954-03-09 00:00:00,haslam,jimmy,2023-04-04 05:01:00,1954.0,3.0,9.0,117.24,7.5,21427700000000,88.2,101.8,78.5,9.6,36.6,328239523.0,37.09024,-95.712891
567,4800,manufacturing,h. fisk johnson,64.0,united states,racine,cleaning products,manufacturing,united states,False,u,m,1958-05-19 00:00:00,johnson,h. fisk,2023-04-04 05:01:00,1958.0,5.0,19.0,117.24,7.5,21427700000000,88.2,101.8,78.5,9.6,36.6,328239523.0,37.09024,-95.712891
567,4800,manufacturing,s. curtis johnson,67.0,united states,racine,cleaning products,manufacturing,united states,False,u,m,1955-05-05 00:00:00,johnson,s. curtis,2023-04-04 05:01:00,1955.0,5.0,5.0,117.24,7.5,21427700000000,88.2,101.8,78.5,9.6,36.6,328239523.0,37.09024,-95.712891
567,4800,manufacturing,helen johnson-leipold,66.0,united states,racine,cleaning products,manufacturing,united states,False,u,f,1956-12-30 00:00:00,johnson-leipold,helen,2023-04-04 05:01:00,1956.0,12.0,30.0,117.24,7.5,21427700000000,88.2,101.8,78.5,9.6,36.6,328239523.0,37.09024,-95.712891
567,4800,technology,vinod khosla,68.0,united states,portola valley,venture capital,technology,united states,True,d,m,1955-01-28 00:00:00,khosla,vinod,2023-04-04 05:01:00,1955.0,1.0,28.0,117.24,7.5,21427700000000,88.2,101.8,78.5,9.6,36.6,328239523.0,37.09024,-95.712891
567,4800,technology,thai lee,64.0,united states,austin,it provider,technology,united states,True,u,f,1958-11-27 00:00:00,lee,thai,2023-04-04 05:01:00,1958.0,11.0,27.0,117.24,7.5,21427700000000,88.2,101.8,78.5,9.6,36.6,328239523.0,37.09024,-95.712891
567,4800,manufacturing,winifred j. marquart,63.0,united states,virginia beach,cleaning products,manufacturing,united states,False,u,f,1959-04-06 00:00:00,marquart,winifred j.,2023-04-04 05:01:00,1959.0,4.0,6.0,117.24,7.5,21427700000000,88.2,101.8,78.5,9.6,36.6,328239523.0,37.09024,-95.712891
567,4800,healthcare,pankaj patel,70.0,india,ahmedabad,pharmaceuticals,healthcare,india,False,u,m,1953-03-19 00:00:00,patel,pankaj,2023-04-04 05:01:00,1953.0,3.0,19.0,180.44,7.7,2611000000000,28.1,113.0,69.4,11.2,49.7,1366417754.0,20.593684,78.96288
567,4800,manufacturing,horst julius pudwill,78.0,hong kong,hong kong,manufacturing,manufacturing,germany,True,d,m,1944-10-23 00:00:00,pudwill,horst julius,2023-04-04 05:01:00,1944.0,10.0,23.0,117.24,2.9,21427700000000,65.6,101.8,78.5,9.6,41.2,328239523.0,37.09024,10.451526
567,4800,finance & investments,yu yong,62.0,china,shanghai,mining,finance & investments,china,True,u,m,1961-02-01 00:00:00,yu,yong,2023-04-04 05:01:00,1961.0,2.0,1.0,125.08,2.9,19910000000000,50.6,100.2,77.0,9.4,59.2,1397715000.0,35.86166,104.195397
580,4700,diversified,maria fernanda amorim & family,88.0,portugal,grijo,"energy, investments",diversified,portugal,False,e,f,1935-01-16 00:00:00,amorim,maria fernanda,2023-04-04 05:01:00,1935.0,1.0,16.0,110.62,0.3,237686075635,63.9,106.2,81.3,22.8,39.8,10269417.0,39.399872,-8.224454
580,4700,sports,gayle benson,76.0,united states,new orleans,new orleans saints,sports,united states,False,u,f,1947-01-26 00:00:00,benson,gayle,2023-04-04 05:01:00,1947.0,1.0,26.0,117.24,7.5,21427700000000,88.2,101.8,78.5,9.6,36.6,328239523.0,37.09024,-95.712891
580,4700,technology,jason chang,78.0,taiwan,taipei,electronics,technology,singapore,True,u,m,1944-05-01 00:00:00,chang,jason,2023-04-04 05:01:00,1944.0,5.0,1.0,117.24,2.9,21427700000000,65.6,101.8,78.5,9.6,41.2,328239523.0,37.09024,10.451526
580,4700,manufacturing,ali erdemoglu,63.0,turkey,istanbul,carpet,manufacturing,turkey,True,u,m,1959-11-20 00:00:00,erdemoglu,ali,2023-04-04 05:01:00,1959.0,11.0,20.0,234.44,15.2,754411708203,23.9,93.2,77.4,17.9,42.3,83429615.0,38.963745,35.243322
580,4700,finance & investments,andre esteves,54.0,brazil,sao paulo,banking,finance & investments,brazil,True,d,m,1968-07-12 00:00:00,esteves,andre,2023-04-04 05:01:00,1968.0,7.0,12.0,167.4,3.7,1839758040766,51.3,115.4,75.7,14.2,65.1,212559417.0,-14.235004,-51.92528
580,4700,real estate,carlo fidani,68.0,canada,toronto,real estate,real estate,canada,False,u,m,1955-01-01 00:00:00,fidani,carlo,2023-04-04 05:01:00,1955.0,1.0,1.0,116.76,1.9,1736425629520,68.9,100.9,81.9,12.8,24.5,36991981.0,56.130366,-106.346771
580,4700,technology,hong ra-hee,77.0,south korea,seoul,samsung,technology,south korea,False,d,f,1945-07-15 00:00:00,hong,ra-hee,2023-04-04 05:01:00,1945.0,7.0,15.0,115.16,0.4,2029000000000,94.3,98.1,82.6,15.6,33.2,51709098.0,35.907757,127.766922
580,4700,manufacturing,li gaiteng,50.0,china,shanghai,hair dryers,manufacturing,china,True,u,m,1972-04-08 00:00:00,li,gaiteng,2023-04-04 05:01:00,1972.0,4.0,8.0,125.08,2.9,19910000000000,50.6,100.2,77.0,9.4,59.2,1397715000.0,35.86166,104.195397
580,4700,media & entertainment,thomas secunda,68.0,united states,croton-on-hudson,bloomberg lp,media & entertainment,united states,True,u,m,1954-06-23 00:00:00,secunda,thomas,2023-04-04 05:01:00,1954.0,6.0,23.0,117.24,7.5,21427700000000,88.2,101.8,78.5,9.6,36.6,328239523.0,37.09024,-95.712891
580,4700,diversified,zuowen song,76.0,china,longkou,"aluminum, diversified",diversified,china,True,u,m,1947-03-19 00:00:00,song,zuowen,2023-04-04 05:01:00,1947.0,3.0,19.0,125.08,2.9,19910000000000,50.6,100.2,77.0,9.4,59.2,1397715000.0,35.86166,104.195397
580,4700,media & entertainment,tim sweeney,52.0,united states,cary,video games,media & entertainment,united states,True,d,m,1970-12-13 00:00:00,sweeney,tim,2023-04-04 05:01:00,1970.0,12.0,13.0,117.24,7.5,21427700000000,88.2,101.8,78.5,9.6,36.6,328239523.0,37.09024,-95.712891
591,4600,food & beverage,bert beveridge,61.0,united states,austin,vodka,food & beverage,united states,True,u,m,1962-01-01 00:00:00,beveridge,bert,2023-04-04 05:01:00,1962.0,1.0,1.0,117.24,7.5,21427700000000,88.2,101.8,78.5,9.6,36.6,328239523.0,37.09024,-95.712891
591,4600,media & entertainment,mark cuban,64.0,united states,dallas,"online media, dallas mavericks",media & entertainment,united states,True,d,m,1958-07-31 00:00:00,cuban,mark,2023-04-04 05:01:00,1958.0,7.0,31.0,117.24,7.5,21427700000000,88.2,101.8,78.5,9.6,36.6,328239523.0,37.09024,-95.712891
591,4600,media & entertainment,charles dolan & family,96.0,united states,oyster bay,cable television,media & entertainment,united states,True,d,m,1926-10-16 00:00:00,dolan,charles,2023-04-04 05:01:00,1926.0,10.0,16.0,117.24,7.5,21427700000000,88.2,101.8,78.5,9.6,36.6,328239523.0,37.09024,-95.712891
591,4600,technology,jack dorsey,46.0,united states,san francisco,"twitter, square",technology,united states,True,d,m,1976-11-19 00:00:00,dorsey,jack,2023-04-04 05:01:00,1976.0,11.0,19.0,117.24,7.5,21427700000000,88.2,101.8,78.5,9.6,36.6,328239523.0,37.09024,-95.712891
591,4600,energy,fan hongwei,56.0,china,wujiang,petrochemicals,energy,china,True,d,f,1967-01-01 00:00:00,fan,hongwei,2023-04-04 05:01:00,1967.0,1.0,1.0,125.08,2.9,19910000000000,50.6,100.2,77.0,9.4,59.2,1397715000.0,35.86166,104.195397
591,4600,metals & mining,vladimir kim,62.0,kazakhstan,almaty,mining,metals & mining,kazakhstan,True,d,m,1960-10-29 00:00:00,kim,vladimir,2023-04-04 05:01:00,1960.0,10.0,29.0,182.75,5.2,180161741180,61.7,104.4,73.2,11.7,28.4,18513930.0,48.019573,66.923684
591,4600,finance & investments,"andre koo, sr.",55.0,taiwan,taipei,financial services,finance & investments,taiwan,False,d,m,1967-05-25 00:00:00,koo,andre,2023-04-04 05:01:00,1967.0,5.0,25.0,117.24,2.9,21427700000000,65.6,101.8,78.5,9.6,41.2,328239523.0,37.09024,10.451526
591,4600,fashion & retail,ronald lauder,79.0,united states,new york,estee lauder,fashion & retail,united states,False,d,m,1944-02-26 00:00:00,lauder,ronald,2023-04-04 05:01:00,1944.0,2.0,26.0,117.24,7.5,21427700000000,88.2,101.8,78.5,9.6,36.6,328239523.0,37.09024,-95.712891
591,4600,manufacturing,li chunan,54.0,china,fushun,renewable energy,manufacturing,china,True,d,m,1968-10-10 00:00:00,li,chunan,2023-04-04 05:01:00,1968.0,10.0,10.0,125.08,2.9,19910000000000,50.6,100.2,77.0,9.4,59.2,1397715000.0,35.86166,104.195397
591,4600,media & entertainment,forrest li,45.0,singapore,singapore,gaming,media & entertainment,singapore,True,d,m,1978-01-01 00:00:00,li,forrest,2023-04-04 05:01:00,1978.0,1.0,1.0,114.41,0.6,372062527489,84.8,100.6,83.1,13.1,21.0,5703569.0,1.352083,103.819836
591,4600,telecom,richard li,56.0,hong kong,hong kong,telecom,telecom,hong kong,False,d,m,1966-11-08 00:00:00,li,richard,2023-04-04 05:01:00,1966.0,11.0,8.0,117.24,2.9,21427700000000,65.6,101.8,78.5,9.6,41.2,328239523.0,37.09024,10.451526
591,4600,fashion & retail,doug meijer & family,69.0,united states,grand rapids,supermarkets,fashion & retail,united states,False,split family fortune,m,1954-01-22 00:00:00,meijer,doug,2023-04-04 05:01:00,1954.0,1.0,22.0,117.24,7.5,21427700000000,88.2,101.8,78.5,9.6,36.6,328239523.0,37.09024,-95.712891
591,4600,fashion & retail,hank meijer & family,71.0,united states,grand rapids,supermarkets,fashion & retail,united states,False,split family fortune,m,1952-02-15 00:00:00,meijer,hank,2023-04-04 05:01:00,1952.0,2.0,15.0,117.24,7.5,21427700000000,88.2,101.8,78.5,9.6,36.6,328239523.0,37.09024,-95.712891
591,4600,fashion & retail,mark meijer & family,65.0,united states,grand rapids,supermarkets,fashion & retail,united states,False,split family fortune,m,1957-10-21 00:00:00,meijer,mark,2023-04-04 05:01:00,1957.0,10.0,21.0,117.24,7.5,21427700000000,88.2,101.8,78.5,9.6,36.6,328239523.0,37.09024,-95.712891
591,4600,food & beverage,issad rebrab & family,79.0,algeria,algiers,food,food & beverage,algeria,True,d,m,1944-01-01 00:00:00,rebrab,issad,2023-04-04 05:01:00,1944.0,1.0,1.0,151.36,2.0,169988236398,51.4,109.9,76.7,37.2,66.1,43053054.0,28.033886,1.659626
591,4600,logistics,fred smith,78.0,united states,memphis,fedex,logistics,united states,True,d,m,1944-08-11 00:00:00,smith,fred,2023-04-04 05:01:00,1944.0,8.0,11.0,117.24,7.5,21427700000000,88.2,101.8,78.5,9.6,36.6,328239523.0,37.09024,-95.712891
591,4600,finance & investments,barry sternlicht,62.0,united states,miami,private equity,finance & investments,united states,True,u,m,1960-11-27 00:00:00,sternlicht,barry,2023-04-04 05:01:00,1960.0,11.0,27.0,117.24,7.5,21427700000000,88.2,101.8,78.5,9.6,36.6,328239523.0,37.09024,-95.712891
591,4600,manufacturing,maximilian viessmann,34.0,germany,battenberg,"heating, cooling equipment",manufacturing,germany,False,d,m,1989-02-11 00:00:00,viessmann,maximilian,2023-04-04 05:01:00,1989.0,2.0,11.0,112.85,1.4,3845630030824,70.2,104.0,80.9,11.5,48.8,83132799.0,51.165691,10.451526
591,4600,food & beverage,russ weiner,52.0,united states,delray beach,energy drinks,food & beverage,united states,True,u,m,1970-05-05 00:00:00,weiner,russ,2023-04-04 05:01:00,1970.0,5.0,5.0,117.24,7.5,21427700000000,88.2,101.8,78.5,9.6,36.6,328239523.0,37.09024,-95.712891
591,4600,healthcare,xue min,66.0,china,wuhan,healthcare,healthcare,china,True,n,m,1957-01-01 00:00:00,xue,min,2023-04-04 05:01:00,1957.0,1.0,1.0,125.08,2.9,19910000000000,50.6,100.2,77.0,9.4,59.2,1397715000.0,35.86166,104.195397
611,4500,technology,dietmar hopp & family,82.0,germany,walldorf,software,technology,germany,True,d,m,1940-04-26 00:00:00,hopp,dietmar,2023-04-04 05:01:00,1940.0,4.0,26.0,112.85,1.4,3845630030824,70.2,104.0,80.9,11.5,48.8,83132799.0,51.165691,10.451526
611,4500,technology,jiang bin,56.0,china,weifang,acoustic components,technology,china,True,d,m,1966-09-16 00:00:00,jiang,bin,2023-04-04 05:01:00,1966.0,9.0,16.0,125.08,2.9,19910000000000,50.6,100.2,77.0,9.4,59.2,1397715000.0,35.86166,104.195397
611,4500,technology,joseph liemandt,54.0,united states,austin,software,technology,united states,True,u,m,1968-08-05 00:00:00,liemandt,joseph,2023-04-04 05:01:00,1968.0,8.0,5.0,117.24,7.5,21427700000000,88.2,101.8,78.5,9.6,36.6,328239523.0,37.09024,-95.712891
611,4500,food & beverage,theo mueller,83.0,switzerland,zurich,dairy,food & beverage,germany,False,d,m,1940-01-30 00:00:00,mueller,theo,2023-04-04 05:01:00,1940.0,1.0,30.0,99.55,0.4,703082435360,59.6,105.2,83.6,10.1,28.8,8574832.0,46.818188,8.227512
611,4500,technology,n.r. narayana murthy,76.0,india,bangalore,software services,technology,india,True,u,m,1946-08-20 00:00:00,murthy,n.r. narayana,2023-04-04 05:01:00,1946.0,8.0,20.0,180.44,7.7,2611000000000,28.1,113.0,69.4,11.2,49.7,1366417754.0,20.593684,78.96288
611,4500,fashion & retail,odd reitan & family,71.0,norway,trondheim,"retail, real estate",fashion & retail,norway,False,d,m,1951-09-11 00:00:00,reitan,odd,2023-04-04 05:01:00,1951.0,9.0,11.0,120.27,2.2,403336363636,82.0,100.3,82.8,23.9,36.2,5347896.0,60.472024,8.468946
611,4500,finance & investments,marc rowan,60.0,united states,new york,private equity,finance & investments,united states,True,d,m,1962-08-19 00:00:00,rowan,marc,2023-04-04 05:01:00,1962.0,8.0,19.0,117.24,7.5,21427700000000,88.2,101.8,78.5,9.6,36.6,328239523.0,37.09024,-95.712891
611,4500,real estate,hussain sajwani,70.0,united arab emirates,dubai,real estate,real estate,united arab emirates,True,u,m,1953-03-01 00:00:00,sajwani,hussain,2023-04-04 05:01:00,1953.0,3.0,1.0,114.52,-1.9,421142267938,36.8,108.4,77.8,0.1,15.9,9770529.0,23.424076,53.847818
611,4500,finance & investments,david velez & family,41.0,brazil,sao paulo,fintech,finance & investments,colombia,True,d,m,1981-10-02 00:00:00,velez,david,2023-04-04 05:01:00,1981.0,10.0,2.0,167.4,3.7,1839758040766,51.3,115.4,75.7,14.2,65.1,212559417.0,-14.235004,-51.92528
611,4500,manufacturing,xu jinfu,59.0,china,guangzhou,chemicals,manufacturing,china,True,d,m,1964-01-01 00:00:00,xu,jinfu,2023-04-04 05:01:00,1964.0,1.0,1.0,125.08,2.9,19910000000000,50.6,100.2,77.0,9.4,59.2,1397715000.0,35.86166,104.195397
611,4500,diversified,samuel yin,72.0,taiwan,taipei,retail,diversified,taiwan,False,d,m,1950-08-16 00:00:00,yin,samuel,2023-04-04 05:01:00,1950.0,8.0,16.0,117.24,2.9,21427700000000,65.6,101.8,78.5,9.6,41.2,328239523.0,37.09024,10.451526
611,4500,manufacturing,you xiaoping & family,65.0,china,wenzhou,"chemicals, spandex",manufacturing,china,True,d,m,1958-01-21 00:00:00,you,xiaoping,2023-04-04 05:01:00,1958.0,1.0,21.0,125.08,2.9,19910000000000,50.6,100.2,77.0,9.4,59.2,1397715000.0,35.86166,104.195397
624,4400,healthcare,stéphane bancel,50.0,united states,boston,"biotech, vaccines",healthcare,france,True,d,m,1972-07-20 00:00:00,bancel,stéphane,2023-04-04 05:01:00,1972.0,7.0,20.0,117.24,7.5,21427700000000,88.2,101.8,78.5,9.6,36.6,328239523.0,37.09024,-95.712891
624,4400,technology,margot birmingham perot,89.0,united states,dallas,"computer services, real estate",technology,united states,False,u,f,1933-11-15 00:00:00,birmingham perot,margot,2023-04-04 05:01:00,1933.0,11.0,15.0,117.24,7.5,21427700000000,88.2,101.8,78.5,9.6,36.6,328239523.0,37.09024,-95.712891
624,4400,manufacturing,neal blue & family,88.0,united states,san diego,defense,manufacturing,united states,True,u,m,1935-04-04 00:00:00,blue,neal,2023-04-04 05:01:00,1935.0,4.0,4.0,117.24,7.5,21427700000000,88.2,101.8,78.5,9.6,36.6,328239523.0,37.09024,-95.712891
624,4400,service,jim davis,63.0,united states,cockeysville,staffing & recruiting,service,united states,True,u,m,1960-03-13 00:00:00,davis,jim,2023-04-04 05:01:00,1960.0,3.0,13.0,117.24,7.5,21427700000000,88.2,101.8,78.5,9.6,36.6,328239523.0,37.09024,-95.712891
624,4400,construction & engineering,rafael del pino,64.0,spain,madrid,construction,construction & engineering,spain,False,u,m,1958-07-18 00:00:00,del pino,rafael,2023-04-04 05:01:00,1958.0,7.0,18.0,110.96,0.7,1394116310769,88.9,102.7,83.3,14.2,47.0,47076781.0,40.463667,-3.74922
624,4400,healthcare,peter grogg,81.0,switzerland,liestal,biochemicals,healthcare,switzerland,True,d,m,1942-01-10 00:00:00,grogg,peter,2023-04-04 05:01:00,1942.0,1.0,10.0,99.55,0.4,703082435360,59.6,105.2,83.6,10.1,28.8,8574832.0,46.818188,8.227512
624,4400,fashion & retail,christian haub,58.0,germany,munich,retail,fashion & retail,germany,False,e,m,1964-07-22 00:00:00,haub,christian,2023-04-04 05:01:00,1964.0,7.0,22.0,112.85,1.4,3845630030824,70.2,104.0,80.9,11.5,48.8,83132799.0,51.165691,10.451526
624,4400,real estate,mangal prabhat lodha,67.0,india,mumbai,real estate,real estate,india,True,d,m,1955-12-01 00:00:00,lodha,mangal prabhat,2023-04-04 05:01:00,1955.0,12.0,1.0,180.44,7.7,2611000000000,28.1,113.0,69.4,11.2,49.7,1366417754.0,20.593684,78.96288
624,4400,sports,jeffrey lurie & family,71.0,united states,wynnewood,philadelphia eagles,sports,united states,False,u,m,1951-09-08 00:00:00,lurie,jeffrey,2023-04-04 05:01:00,1951.0,9.0,8.0,117.24,7.5,21427700000000,88.2,101.8,78.5,9.6,36.6,328239523.0,37.09024,-95.712891
624,4400,finance & investments,joe mansueto,66.0,united states,chicago,investment research,finance & investments,united states,True,d,m,1956-09-03 00:00:00,mansueto,joe,2023-04-04 05:01:00,1956.0,9.0,3.0,117.24,7.5,21427700000000,88.2,101.8,78.5,9.6,36.6,328239523.0,37.09024,-95.712891
624,4400,manufacturing,qian dongqi & family,65.0,china,suzhou,home-cleaning robots,manufacturing,china,True,d,m,1958-01-01 00:00:00,qian,dongqi,2023-04-04 05:01:00,1958.0,1.0,1.0,125.08,2.9,19910000000000,50.6,100.2,77.0,9.4,59.2,1397715000.0,35.86166,104.195397
624,4400,metals & mining,mikhail shelkov,54.0,russia,moscow,titanium,metals & mining,russia,True,u,m,1968-05-30 00:00:00,shelkov,mikhail,2023-04-04 05:01:00,1968.0,5.0,30.0,180.75,4.5,1699876578871,81.9,102.6,72.7,11.4,46.2,144373535.0,61.52401,105.318756
636,4300,telecom,patrick drahi,59.0,switzerland,zermatt,telecom,telecom,france,True,d,m,1963-08-20 00:00:00,drahi,patrick,2023-04-04 05:01:00,1963.0,8.0,20.0,99.55,0.4,703082435360,59.6,105.2,83.6,10.1,28.8,8574832.0,46.818188,8.227512
636,4300,finance & investments,behdad eghbali,46.0,united states,los angeles,private equity,finance & investments,united states,True,u,m,1976-05-06 00:00:00,eghbali,behdad,2023-04-04 05:01:00,1976.0,5.0,6.0,117.24,7.5,21427700000000,88.2,101.8,78.5,9.6,36.6,328239523.0,37.09024,-95.712891
636,4300,finance & investments,juan carlos escotet,63.0,spain,a coruña,banking,finance & investments,venezuela,True,u,m,1959-07-23 00:00:00,escotet,juan carlos,2023-04-04 05:01:00,1959.0,7.0,23.0,110.96,0.7,1394116310769,88.9,102.7,83.3,14.2,47.0,47076781.0,40.463667,-3.74922
636,4300,finance & investments,jose e. feliciano,49.0,united states,los angeles,private equity,finance & investments,united states,True,u,m,1973-05-29 00:00:00,feliciano,jose e.,2023-04-04 05:01:00,1973.0,5.0,29.0,117.24,7.5,21427700000000,88.2,101.8,78.5,9.6,36.6,328239523.0,37.09024,-95.712891
636,4300,healthcare,hu kaijun,61.0,china,beijing,pharmaceuticals,healthcare,china,True,u,m,1962-01-01 00:00:00,hu,kaijun,2023-04-04 05:01:00,1962.0,1.0,1.0,125.08,2.9,19910000000000,50.6,100.2,77.0,9.4,59.2,1397715000.0,35.86166,104.195397
636,4300,logistics,johnelle hunt,91.0,united states,fayetteville,trucking,logistics,united states,True,d,f,1932-01-04 00:00:00,hunt,johnelle,2023-04-04 05:01:00,1932.0,1.0,4.0,117.24,7.5,21427700000000,88.2,101.8,78.5,9.6,36.6,328239523.0,37.09024,-95.712891
636,4300,food & beverage,marian ilitch,90.0,united states,bingham farms,little caesars pizza,food & beverage,united states,True,d,f,1933-01-07 00:00:00,ilitch,marian,2023-04-04 05:01:00,1933.0,1.0,7.0,117.24,7.5,21427700000000,88.2,101.8,78.5,9.6,36.6,328239523.0,37.09024,-95.712891
636,4300,diversified,daryl katz,61.0,canada,edmonton,pharmacies,diversified,canada,True,d,m,1961-09-01 00:00:00,katz,daryl,2023-04-04 05:01:00,1961.0,9.0,1.0,116.76,1.9,1736425629520,68.9,100.9,81.9,12.8,24.5,36991981.0,56.130366,-106.346771
636,4300,metals & mining,andrei kozitsyn,62.0,russia,verkhniaya pyshma,metals,metals & mining,russia,True,u,m,1960-06-09 00:00:00,kozitsyn,andrei,2023-04-04 05:01:00,1960.0,6.0,9.0,180.75,4.5,1699876578871,81.9,102.6,72.7,11.4,46.2,144373535.0,61.52401,105.318756
636,4300,finance & investments,timur kulibaev,56.0,kazakhstan,almaty,banking,finance & investments,kazakhstan,True,u,m,1966-09-10 00:00:00,kulibaev,timur,2023-04-04 05:01:00,1966.0,9.0,10.0,182.75,5.2,180161741180,61.7,104.4,73.2,11.7,28.4,18513930.0,48.019573,66.923684
636,4300,finance & investments,dinara kulibaeva,55.0,kazakhstan,almaty,banking,finance & investments,kazakhstan,False,u,f,1967-08-19 00:00:00,kulibaeva,dinara,2023-04-04 05:01:00,1967.0,8.0,19.0,182.75,5.2,180161741180,61.7,104.4,73.2,11.7,28.4,18513930.0,48.019573,66.923684
636,4300,food & beverage,gwendolyn sontheim meyer,61.0,united states,rancho santa fe,cargill,food & beverage,united states,False,d,f,1961-10-27 00:00:00,meyer,gwendolyn sontheim,2023-04-04 05:01:00,1961.0,10.0,27.0,117.24,7.5,21427700000000,88.2,101.8,78.5,9.6,36.6,328239523.0,37.09024,-95.712891
636,4300,real estate,jay paul,75.0,united states,san francisco,real estate,real estate,united states,True,u,m,1947-07-08 00:00:00,paul,jay,2023-04-04 05:01:00,1947.0,7.0,8.0,117.24,7.5,21427700000000,88.2,101.8,78.5,9.6,36.6,328239523.0,37.09024,-95.712891
636,4300,diversified,pham nhat vuong,54.0,vietnam,hanoi,diversified,diversified,vietnam,True,d,m,1968-08-05 00:00:00,pham,nhat vuong,2023-04-04 05:01:00,1968.0,8.0,5.0,163.52,2.8,261921244843,28.5,110.6,75.3,19.1,37.6,96462106.0,14.058324,108.277199
636,4300,healthcare,jon stryker,64.0,united states,new york,medical equipment,healthcare,united states,False,u,m,1958-05-03 00:00:00,stryker,jon,2023-04-04 05:01:00,1958.0,5.0,3.0,117.24,7.5,21427700000000,88.2,101.8,78.5,9.6,36.6,328239523.0,37.09024,-95.712891
636,4300,finance & investments,daniel tsai,66.0,taiwan,taipei,finance,finance & investments,taiwan,False,d,m,1956-04-25 00:00:00,tsai,daniel,2023-04-04 05:01:00,1956.0,4.0,25.0,117.24,2.9,21427700000000,65.6,101.8,78.5,9.6,41.2,328239523.0,37.09024,10.451526
636,4300,finance & investments,richard tsai,65.0,taiwan,taipei,finance,finance & investments,taiwan,False,d,m,1957-06-02 00:00:00,tsai,richard,2023-04-04 05:01:00,1957.0,6.0,2.0,117.24,2.9,21427700000000,65.6,101.8,78.5,9.6,41.2,328239523.0,37.09024,10.451526
636,4300,technology,frank wang,42.0,china,shenzhen,drones,technology,china,True,d,m,1980-10-30 00:00:00,wang,frank,2023-04-04 05:01:00,1980.0,10.0,30.0,125.08,2.9,19910000000000,50.6,100.2,77.0,9.4,59.2,1397715000.0,35.86166,104.195397
636,4300,manufacturing,wang junshi & family,74.0,china,ningbo,solar inverters,manufacturing,china,True,d,m,1949-01-01 00:00:00,wang,junshi,2023-04-04 05:01:00,1949.0,1.0,1.0,125.08,2.9,19910000000000,50.6,100.2,77.0,9.4,59.2,1397715000.0,35.86166,104.195397
636,4300,technology,wang wenjing,58.0,china,beijing,business software,technology,china,True,d,m,1964-12-05 00:00:00,wang,wenjing,2023-04-04 05:01:00,1964.0,12.0,5.0,125.08,2.9,19910000000000,50.6,100.2,77.0,9.4,59.2,1397715000.0,35.86166,104.195397
636,4300,finance & investments,herbert wertheim,83.0,united states,coral gables,investments,finance & investments,united states,True,u,m,1939-05-23 00:00:00,wertheim,herbert,2023-04-04 05:01:00,1939.0,5.0,23.0,117.24,7.5,21427700000000,88.2,101.8,78.5,9.6,36.6,328239523.0,37.09024,-95.712891
659,4200,service,shari arison,65.0,israel,tel aviv,carnival cruises,service,israel,False,d,f,1957-09-09 00:00:00,arison,shari,2023-04-04 05:01:00,1957.0,9.0,9.0,108.15,0.8,395098666122,63.4,104.9,82.8,23.1,25.3,9053300.0,31.046051,34.851612
659,4200,real estate,chan laiwa & family,82.0,china,beijing,real estate,real estate,china,True,d,f,1941-01-01 00:00:00,chan,laiwa,2023-04-04 05:01:00,1941.0,1.0,1.0,125.08,2.9,19910000000000,50.6,100.2,77.0,9.4,59.2,1397715000.0,35.86166,104.195397
659,4200,real estate,chen hua,57.0,china,shenzhen,real estate,real estate,china,True,u,m,1966-01-01 00:00:00,chen,hua,2023-04-04 05:01:00,1966.0,1.0,1.0,125.08,2.9,19910000000000,50.6,100.2,77.0,9.4,59.2,1397715000.0,35.86166,104.195397
659,4200,finance & investments,thomas hagen,87.0,united states,erie,insurance,finance & investments,united states,False,u,m,1936-01-01 00:00:00,hagen,thomas,2023-04-04 05:01:00,1936.0,1.0,1.0,117.24,7.5,21427700000000,88.2,101.8,78.5,9.6,36.6,328239523.0,37.09024,-95.712891
659,4200,finance & investments,"rupert johnson, jr.",82.0,united states,burlingame,franklin templeton,finance & investments,united states,False,d,m,1940-08-10 00:00:00,johnson,rupert,2023-04-04 05:01:00,1940.0,8.0,10.0,117.24,7.5,21427700000000,88.2,101.8,78.5,9.6,36.6,328239523.0,37.09024,-95.712891
659,4200,energy,dewi kam,72.0,indonesia,jakarta,coal,energy,indonesia,True,n,f,1950-07-23 00:00:00,kam,dewi,2023-04-04 05:01:00,1950.0,7.0,23.0,151.18,3.0,1119190780753,36.3,106.4,71.5,10.2,30.1,270203917.0,-0.789275,113.921327
659,4200,technology,min kao & family,74.0,united states,leawood,navigation equipment,technology,united states,True,d,m,1949-01-10 00:00:00,kao,min,2023-04-04 05:01:00,1949.0,1.0,10.0,117.24,7.5,21427700000000,88.2,101.8,78.5,9.6,36.6,328239523.0,37.09024,-95.712891
659,4200,finance & investments,marc ladreit de lacharriere,82.0,france,paris,finance,finance & investments,france,True,u,m,1940-11-06 00:00:00,ladreit de lacharriere,marc,2023-04-04 05:01:00,1940.0,11.0,6.0,110.05,1.1,2715518274227,65.6,102.5,82.5,24.2,60.7,67059887.0,46.227638,2.213749
659,4200,technology,eric lefkofsky,53.0,united states,glencoe,"groupon, investments",technology,united states,True,u,m,1969-09-02 00:00:00,lefkofsky,eric,2023-04-04 05:01:00,1969.0,9.0,2.0,117.24,7.5,21427700000000,88.2,101.8,78.5,9.6,36.6,328239523.0,37.09024,-95.712891
659,4200,technology,lin bin,55.0,china,shenzhen,smartphones,technology,united states,True,d,m,1968-02-01 00:00:00,lin,bin,2023-04-04 05:01:00,1968.0,2.0,1.0,125.08,2.9,19910000000000,50.6,100.2,77.0,9.4,59.2,1397715000.0,35.86166,104.195397
659,4200,finance & investments,lin li,59.0,china,shenzhen,investments,finance & investments,china,True,d,m,1963-05-01 00:00:00,lin,li,2023-04-04 05:01:00,1963.0,5.0,1.0,125.08,2.9,19910000000000,50.6,100.2,77.0,9.4,59.2,1397715000.0,35.86166,104.195397
659,4200,technology,michael moritz,68.0,united states,san francisco,venture capital,technology,united states,True,d,m,1954-09-12 00:00:00,moritz,michael,2023-04-04 05:01:00,1954.0,9.0,12.0,117.24,7.5,21427700000000,88.2,101.8,78.5,9.6,36.6,328239523.0,37.09024,-95.712891
659,4200,service,jean (gigi) pritzker,60.0,united states,los angeles,"hotels, investments",service,united states,False,u,f,1962-07-01 00:00:00,pritzker,jean (gigi),2023-04-04 05:01:00,1962.0,7.0,1.0,117.24,7.5,21427700000000,88.2,101.8,78.5,9.6,36.6,328239523.0,37.09024,-95.712891
659,4200,automotive,e. joe shoen,73.0,united states,phoenix,u-haul,automotive,united states,False,u,m,1949-10-28 00:00:00,shoen,e. joe,2023-04-04 05:01:00,1949.0,10.0,28.0,117.24,7.5,21427700000000,88.2,101.8,78.5,9.6,36.6,328239523.0,37.09024,-95.712891
659,4200,technology,jeff skoll,58.0,united states,los angeles,ebay,technology,united states,True,d,m,1965-01-16 00:00:00,skoll,jeff,2023-04-04 05:01:00,1965.0,1.0,16.0,117.24,7.5,21427700000000,88.2,101.8,78.5,9.6,36.6,328239523.0,37.09024,-95.712891
659,4200,food & beverage,lynsi snyder,40.0,united states,glendora,in-n-out burger,food & beverage,united states,False,e,f,1982-05-05 00:00:00,snyder,lynsi,2023-04-04 05:01:00,1982.0,5.0,5.0,117.24,7.5,21427700000000,88.2,101.8,78.5,9.6,36.6,328239523.0,37.09024,-95.712891
659,4200,fashion & retail,djoko susanto,73.0,indonesia,jakarta,supermarkets,fashion & retail,indonesia,True,u,m,1950-02-09 00:00:00,susanto,djoko,2023-04-04 05:01:00,1950.0,2.0,9.0,151.18,3.0,1119190780753,36.3,106.4,71.5,10.2,30.1,270203917.0,-0.789275,113.921327
659,4200,finance & investments,peter thiel,55.0,united states,los angeles,"facebook, investments",finance & investments,united states,True,d,m,1967-10-11 00:00:00,thiel,peter,2023-04-04 05:01:00,1967.0,10.0,11.0,117.24,7.5,21427700000000,88.2,101.8,78.5,9.6,36.6,328239523.0,37.09024,-95.712891
679,4100,food & beverage,andrej babis,68.0,czech republic,prague,agriculture,food & beverage,czech republic,True,d,m,1954-09-02 00:00:00,babis,andrej,2023-04-04 05:01:00,1954.0,9.0,2.0,116.48,2.8,246489245495,64.1,100.7,79.0,14.9,46.1,10669709.0,49.817492,15.472962
679,4100,service,danielle bellon & family,83.0,france,paris,food services,service,france,False,u,f,1940-02-08 00:00:00,bellon,danielle,2023-04-04 05:01:00,1940.0,2.0,8.0,110.05,1.1,2715518274227,65.6,102.5,82.5,24.2,60.7,67059887.0,46.227638,2.213749
679,4100,media & entertainment,hubert burda,83.0,germany,munich,publishing,media & entertainment,germany,False,u,m,1940-02-09 00:00:00,burda,hubert,2023-04-04 05:01:00,1940.0,2.0,9.0,112.85,1.4,3845630030824,70.2,104.0,80.9,11.5,48.8,83132799.0,51.165691,10.451526
679,4100,food & beverage,nick caporella,87.0,united states,plantation,beverages,food & beverage,united states,True,u,m,1936-01-15 00:00:00,caporella,nick,2023-04-04 05:01:00,1936.0,1.0,15.0,117.24,7.5,21427700000000,88.2,101.8,78.5,9.6,36.6,328239523.0,37.09024,-95.712891
679,4100,energy,john catsimatidis,74.0,united states,new york,"oil, real estate",energy,united states,True,u,m,1948-09-07 00:00:00,catsimatidis,john,2023-04-04 05:01:00,1948.0,9.0,7.0,117.24,7.5,21427700000000,88.2,101.8,78.5,9.6,36.6,328239523.0,37.09024,-95.712891
679,4100,technology,scott cook,70.0,united states,woodside,software,technology,united states,True,d,m,1952-07-26 00:00:00,cook,scott,2023-04-04 05:01:00,1952.0,7.0,26.0,117.24,7.5,21427700000000,88.2,101.8,78.5,9.6,36.6,328239523.0,37.09024,-95.712891
679,4100,food & beverage,luca garavoglia,54.0,italy,milan,spirits,food & beverage,italy,False,u,m,1969-02-27 00:00:00,garavoglia,luca,2023-04-04 05:01:00,1969.0,2.0,27.0,110.62,0.6,2001244392042,61.9,101.9,82.9,24.3,59.1,60297396.0,41.87194,12.56738
679,4100,manufacturing,antti herlin,66.0,finland,kirkkonummi,"elevators, escalators",manufacturing,finland,False,d,m,1956-11-14 00:00:00,herlin,antti,2023-04-04 05:01:00,1956.0,11.0,14.0,112.33,1.0,268761201365,88.2,100.2,81.7,20.8,36.6,5520314.0,61.92411,25.748151
679,4100,manufacturing,hong jie,55.0,china,putian,paint,manufacturing,china,True,u,m,1967-10-01 00:00:00,hong,jie,2023-04-04 05:01:00,1967.0,10.0,1.0,125.08,2.9,19910000000000,50.6,100.2,77.0,9.4,59.2,1397715000.0,35.86166,104.195397
679,4100,service,"jeremy jacobs, sr. & family",83.0,united states,east aurora,food service,service,united states,False,u,m,1940-01-21 00:00:00,jacobs,jeremy,2023-04-04 05:01:00,1940.0,1.0,21.0,117.24,7.5,21427700000000,88.2,101.8,78.5,9.6,36.6,328239523.0,37.09024,-95.712891
679,4100,fashion & retail,igor kesaev,56.0,russia,moscow,"tobacco distribution, retail",fashion & retail,russia,True,u,m,1966-10-30 00:00:00,kesaev,igor,2023-04-04 05:01:00,1966.0,10.0,30.0,180.75,4.5,1699876578871,81.9,102.6,72.7,11.4,46.2,144373535.0,61.52401,105.318756
679,4100,food & beverage,mary alice dorrance malone,73.0,united states,coatesville,campbell soup,food & beverage,united states,False,u,f,1950-02-03 00:00:00,malone,mary alice dorrance,2023-04-04 05:01:00,1950.0,2.0,3.0,117.24,7.5,21427700000000,88.2,101.8,78.5,9.6,36.6,328239523.0,37.09024,-95.712891
679,4100,diversified,joao moreira salles,61.0,brazil,rio de janeiro,"banking, minerals",diversified,brazil,False,u,m,1962-01-01 00:00:00,moreira salles,joao,2023-04-04 05:01:00,1962.0,1.0,1.0,167.4,3.7,1839758040766,51.3,115.4,75.7,14.2,65.1,212559417.0,-14.235004,-51.92528
679,4100,finance & investments,walther moreira salles junior,66.0,brazil,rio de janeiro,"banking, minerals",finance & investments,brazil,False,u,m,1956-04-12 00:00:00,moreira salles junior,walther,2023-04-04 05:01:00,1956.0,4.0,12.0,167.4,3.7,1839758040766,51.3,115.4,75.7,14.2,65.1,212559417.0,-14.235004,-51.92528
679,4100,sports,arturo moreno,76.0,united states,phoenix,"billboards, los angeles angels",sports,united states,True,u,m,1946-08-14 00:00:00,moreno,arturo,2023-04-04 05:01:00,1946.0,8.0,14.0,117.24,7.5,21427700000000,88.2,101.8,78.5,9.6,36.6,328239523.0,37.09024,-95.712891
679,4100,manufacturing,peter spuhler,63.0,switzerland,weiningen,train cars,manufacturing,switzerland,True,d,m,1959-09-01 00:00:00,spuhler,peter,2023-04-04 05:01:00,1959.0,9.0,1.0,99.55,0.4,703082435360,59.6,105.2,83.6,10.1,28.8,8574832.0,46.818188,8.227512
679,4100,real estate,donald sterling,88.0,united states,beverly hills,real estate,real estate,united states,True,u,m,1934-04-26 00:00:00,sterling,donald,2023-04-04 05:01:00,1934.0,4.0,26.0,117.24,7.5,21427700000000,88.2,101.8,78.5,9.6,36.6,328239523.0,37.09024,-95.712891
679,4100,diversified,kerry stokes,82.0,australia,perth,"construction equipment, media",diversified,australia,True,d,m,1940-09-13 00:00:00,stokes,kerry,2023-04-04 05:01:00,1940.0,9.0,13.0,119.8,1.6,1392680589329,113.1,100.3,82.7,23.0,47.4,25766605.0,-25.274398,133.775136
679,4100,technology,ken xie,60.0,united states,los altos hills,cybersecurity,technology,united states,True,d,m,1963-01-26 00:00:00,xie,ken,2023-04-04 05:01:00,1963.0,1.0,26.0,117.24,7.5,21427700000000,88.2,101.8,78.5,9.6,36.6,328239523.0,37.09024,-95.712891
679,4100,healthcare,liangzhi xie & family,57.0,china,beijing,biotech,healthcare,china,True,d,m,1966-01-01 00:00:00,xie,liangzhi,2023-04-04 05:01:00,1966.0,1.0,1.0,125.08,2.9,19910000000000,50.6,100.2,77.0,9.4,59.2,1397715000.0,35.86166,104.195397
699,4000,energy,sid bass,80.0,united states,fort worth,"oil, investments",energy,united states,False,u,m,1942-04-09 00:00:00,bass,sid,2023-04-04 05:01:00,1942.0,4.0,9.0,117.24,7.5,21427700000000,88.2,101.8,78.5,9.6,36.6,328239523.0,37.09024,-95.712891
699,4000,technology,ben chestnut,48.0,united states,atlanta,email marketing,technology,united states,True,d,m,1974-06-15 00:00:00,chestnut,ben,2023-04-04 05:01:00,1974.0,6.0,15.0,117.24,7.5,21427700000000,88.2,101.8,78.5,9.6,36.6,328239523.0,37.09024,-95.712891
699,4000,diversified,guangchang guo,56.0,china,shanghai,conglomerate,diversified,china,True,d,m,1967-02-16 00:00:00,guo,guangchang,2023-04-04 05:01:00,1967.0,2.0,16.0,125.08,2.9,19910000000000,50.6,100.2,77.0,9.4,59.2,1397715000.0,35.86166,104.195397
699,4000,manufacturing,vinod rai gupta,77.0,india,delhi,electrical equipment,manufacturing,india,False,u,f,1945-09-15 00:00:00,gupta,vinod rai,2023-04-04 05:01:00,1945.0,9.0,15.0,180.44,7.7,2611000000000,28.1,113.0,69.4,11.2,49.7,1366417754.0,20.593684,78.96288
699,4000,sports,john henry,73.0,united states,boca raton,sports,sports,united states,True,u,m,1949-09-13 00:00:00,henry,john,2023-04-04 05:01:00,1949.0,9.0,13.0,117.24,7.5,21427700000000,88.2,101.8,78.5,9.6,36.6,328239523.0,37.09024,-95.712891
699,4000,technology,travis kalanick,46.0,united states,los angeles,uber,technology,united states,True,u,m,1976-08-06 00:00:00,kalanick,travis,2023-04-04 05:01:00,1976.0,8.0,6.0,117.24,7.5,21427700000000,88.2,101.8,78.5,9.6,36.6,328239523.0,37.09024,-95.712891
699,4000,manufacturing,koon poh keong,61.0,malaysia,petaling jaya,aluminum,manufacturing,malaysia,True,d,m,1961-04-25 00:00:00,koon,poh keong,2023-04-04 05:01:00,1961.0,4.0,25.0,121.46,0.7,364701517788,45.1,105.3,76.0,12.0,38.7,32447385.0,4.210484,101.975766
699,4000,technology,dan kurzius,51.0,united states,atlanta,email marketing,technology,united states,True,d,m,1971-12-01 00:00:00,kurzius,dan,2023-04-04 05:01:00,1971.0,12.0,1.0,117.24,7.5,21427700000000,88.2,101.8,78.5,9.6,36.6,328239523.0,37.09024,-95.712891
699,4000,manufacturing,paul lee,65.0,china,yuxi,battery separators,manufacturing,united states,True,d,m,1958-01-01 00:00:00,lee,paul,2023-04-04 05:01:00,1958.0,1.0,1.0,125.08,2.9,19910000000000,50.6,100.2,77.0,9.4,59.2,1397715000.0,35.86166,104.195397
699,4000,technology,tobi lutke,42.0,canada,ottawa,e-commerce,technology,canada,True,d,m,1980-07-16 00:00:00,lutke,tobi,2023-04-04 05:01:00,1980.0,7.0,16.0,116.76,1.9,1736425629520,68.9,100.9,81.9,12.8,24.5,36991981.0,56.130366,-106.346771
699,4000,automotive,gail miller,79.0,united states,salt lake city,car dealerships,automotive,united states,True,u,f,1943-10-14 00:00:00,miller,gail,2023-04-04 05:01:00,1943.0,10.0,14.0,117.24,7.5,21427700000000,88.2,101.8,78.5,9.6,36.6,328239523.0,37.09024,-95.712891
699,4000,telecom,rajan mittal,63.0,india,delhi,telecom,telecom,india,False,split family fortune,m,1960-01-05 00:00:00,mittal,rajan,2023-04-04 05:01:00,1960.0,1.0,5.0,180.44,7.7,2611000000000,28.1,113.0,69.4,11.2,49.7,1366417754.0,20.593684,78.96288
699,4000,telecom,rakesh mittal,67.0,india,delhi,telecom,telecom,india,False,split family fortune,m,1955-09-18 00:00:00,mittal,rakesh,2023-04-04 05:01:00,1955.0,9.0,18.0,180.44,7.7,2611000000000,28.1,113.0,69.4,11.2,49.7,1366417754.0,20.593684,78.96288
699,4000,media & entertainment,isaac perlmutter,80.0,united states,palm beach,marvel comics,media & entertainment,united states,True,d,m,1942-12-01 00:00:00,perlmutter,isaac,2023-04-04 05:01:00,1942.0,12.0,1.0,117.24,7.5,21427700000000,88.2,101.8,78.5,9.6,36.6,328239523.0,37.09024,-95.712891
699,4000,finance & investments,"bernard saul, ii.",90.0,united states,chevy chase,"banking, real estate",finance & investments,united states,False,u,m,1932-04-15 00:00:00,saul,bernard,2023-04-04 05:01:00,1932.0,4.0,15.0,117.24,7.5,21427700000000,88.2,101.8,78.5,9.6,36.6,328239523.0,37.09024,-95.712891
699,4000,telecom,shaul shani,68.0,italy,milan,telecom,telecom,israel,True,d,m,1955-01-01 00:00:00,shani,shaul,2023-04-04 05:01:00,1955.0,1.0,1.0,110.62,0.6,2001244392042,61.9,101.9,82.9,24.3,59.1,60297396.0,41.87194,12.56738
699,4000,media & entertainment,steven spielberg,76.0,united states,pacific palisades,movies,media & entertainment,united states,True,u,m,1946-12-18 00:00:00,spielberg,steven,2023-04-04 05:01:00,1946.0,12.0,18.0,117.24,7.5,21427700000000,88.2,101.8,78.5,9.6,36.6,328239523.0,37.09024,-95.712891
699,4000,healthcare,jerzy starak,75.0,poland,konstancin,pharmaceuticals,healthcare,poland,True,e,m,1947-12-12 00:00:00,starak,jerzy,2023-04-04 05:01:00,1947.0,12.0,12.0,114.11,2.2,592164400688,67.8,100.0,77.6,17.4,40.8,37970874.0,51.919438,19.145136
699,4000,energy,torbjorn tornqvist,69.0,switzerland,geneva,oil trading,energy,sweden,True,u,m,1953-11-08 00:00:00,tornqvist,torbjorn,2023-04-04 05:01:00,1953.0,11.0,8.0,99.55,0.4,703082435360,59.6,105.2,83.6,10.1,28.8,8574832.0,46.818188,8.227512
699,4000,metals & mining,rufino vigil gonzalez,74.0,mexico,mexico city,steel,metals & mining,mexico,True,u,m,1948-06-01 00:00:00,vigil gonzalez,rufino,2023-04-04 05:01:00,1948.0,6.0,1.0,141.54,3.6,1258286717125,40.2,105.8,75.0,13.1,55.1,126014024.0,23.634501,-102.552784
699,4000,diversified,zhang daocai,73.0,china,shaoxing,valves,diversified,china,True,u,m,1950-01-01 00:00:00,zhang,daocai,2023-04-04 05:01:00,1950.0,1.0,1.0,125.08,2.9,19910000000000,50.6,100.2,77.0,9.4,59.2,1397715000.0,35.86166,104.195397
721,3900,manufacturing,juergen blickle,76.0,germany,bruchsal,auto parts,manufacturing,germany,False,d,m,1947-01-01 00:00:00,blickle,juergen,2023-04-04 05:01:00,1947.0,1.0,1.0,112.85,1.4,3845630030824,70.2,104.0,80.9,11.5,48.8,83132799.0,51.165691,10.451526
721,3900,food & beverage,"austen cargill, ii.",72.0,united states,livingston,cargill,food & beverage,united states,False,d,m,1951-03-09 00:00:00,cargill,austen,2023-04-04 05:01:00,1951.0,3.0,9.0,117.24,7.5,21427700000000,88.2,101.8,78.5,9.6,36.6,328239523.0,37.09024,-95.712891
721,3900,food & beverage,"james cargill, ii.",73.0,united states,birchwood,cargill,food & beverage,united states,False,d,m,1949-04-07 00:00:00,cargill,james,2023-04-04 05:01:00,1949.0,4.0,7.0,117.24,7.5,21427700000000,88.2,101.8,78.5,9.6,36.6,328239523.0,37.09024,-95.712891
721,3900,finance & investments,vanich chaiyawan,91.0,thailand,bangkok,"insurance, beverages",finance & investments,thailand,True,u,m,1932-01-01 00:00:00,chaiyawan,vanich,2023-04-04 05:01:00,1932.0,1.0,1.0,113.27,0.7,543649976166,49.3,99.8,76.9,14.9,29.5,69625582.0,15.870032,100.992541
721,3900,finance & investments,chen dongsheng,65.0,china,beijing,insurance,finance & investments,china,True,u,m,1957-12-01 00:00:00,chen,dongsheng,2023-04-04 05:01:00,1957.0,12.0,1.0,125.08,2.9,19910000000000,50.6,100.2,77.0,9.4,59.2,1397715000.0,35.86166,104.195397
721,3900,automotive,mong-koo chung,85.0,south korea,seoul,hyundai,automotive,south korea,False,d,m,1938-03-19 00:00:00,chung,mong-koo,2023-04-04 05:01:00,1938.0,3.0,19.0,115.16,0.4,2029000000000,94.3,98.1,82.6,15.6,33.2,51709098.0,35.907757,127.766922
721,3900,finance & investments,kenneth dart,67.0,cayman islands,george town,investments,finance & investments,belize,False,u,m,1955-04-21 00:00:00,dart,kenneth,2023-04-04 05:01:00,1955.0,4.0,21.0,117.24,2.9,21427700000000,65.6,101.8,78.5,9.6,41.2,328239523.0,37.09024,10.451526
721,3900,fashion & retail,giuseppe de'longhi & family,83.0,italy,treviso,coffee makers,fashion & retail,italy,False,d,m,1939-04-24 00:00:00,de'longhi,giuseppe,2023-04-04 05:01:00,1939.0,4.0,24.0,110.62,0.6,2001244392042,61.9,101.9,82.9,24.3,59.1,60297396.0,41.87194,12.56738
721,3900,healthcare,guenther fielmann & family,83.0,germany,hamburg,optometry,healthcare,germany,True,d,m,1939-09-17 00:00:00,fielmann,guenther,2023-04-04 05:01:00,1939.0,9.0,17.0,112.85,1.4,3845630030824,70.2,104.0,80.9,11.5,48.8,83132799.0,51.165691,10.451526
721,3900,energy,w. herbert hunt,94.0,united states,dallas,oil,energy,united states,False,d,m,1929-03-06 00:00:00,hunt,w. herbert,2023-04-04 05:01:00,1929.0,3.0,6.0,117.24,7.5,21427700000000,88.2,101.8,78.5,9.6,36.6,328239523.0,37.09024,-95.712891
721,3900,sports,james irsay,63.0,united states,carmel,indianapolis colts,sports,united states,False,u,m,1959-06-13 00:00:00,irsay,james,2023-04-04 05:01:00,1959.0,6.0,13.0,117.24,7.5,21427700000000,88.2,101.8,78.5,9.6,36.6,328239523.0,37.09024,-95.712891
721,3900,food & beverage,marianne liebmann,69.0,united states,bozeman,cargill,food & beverage,united states,False,d,f,1953-07-11 00:00:00,liebmann,marianne,2023-04-04 05:01:00,1953.0,7.0,11.0,117.24,7.5,21427700000000,88.2,101.8,78.5,9.6,36.6,328239523.0,37.09024,-95.712891
721,3900,healthcare,jorge moll filho & family,78.0,brazil,rio de janeiro,hospitals,healthcare,brazil,True,d,m,1945-01-01 00:00:00,moll filho,jorge,2023-04-04 05:01:00,1945.0,1.0,1.0,167.4,3.7,1839758040766,51.3,115.4,75.7,14.2,65.1,212559417.0,-14.235004,-51.92528
721,3900,diversified,fernando roberto moreira salles,76.0,brazil,sao paulo,"banking, minerals",diversified,brazil,False,u,m,1946-05-29 00:00:00,moreira salles,fernando roberto,2023-04-04 05:01:00,1946.0,5.0,29.0,167.4,3.7,1839758040766,51.3,115.4,75.7,14.2,65.1,212559417.0,-14.235004,-51.92528
721,3900,diversified,pedro moreira salles,63.0,brazil,sao paulo,"banking, minerals",diversified,brazil,False,u,m,1959-10-20 00:00:00,moreira salles,pedro,2023-04-04 05:01:00,1959.0,10.0,20.0,167.4,3.7,1839758040766,51.3,115.4,75.7,14.2,65.1,212559417.0,-14.235004,-51.92528
721,3900,gambling & casinos,gabe newell,60.0,united states,seattle,videogames,gambling & casinos,united states,True,e,m,1962-11-03 00:00:00,newell,gabe,2023-04-04 05:01:00,1962.0,11.0,3.0,117.24,7.5,21427700000000,88.2,101.8,78.5,9.6,36.6,328239523.0,37.09024,-95.712891
721,3900,fashion & retail,alfred oetker,56.0,germany,bielefeld,consumer goods,fashion & retail,germany,False,u,m,1967-01-01 00:00:00,oetker,alfred,2023-04-04 05:01:00,1967.0,1.0,1.0,112.85,1.4,3845630030824,70.2,104.0,80.9,11.5,48.8,83132799.0,51.165691,10.451526
721,3900,fashion & retail,carl ferdinand oetker,50.0,germany,bielefeld,consumer goods,fashion & retail,germany,False,u,m,1972-10-03 00:00:00,oetker,carl ferdinand,2023-04-04 05:01:00,1972.0,10.0,3.0,112.85,1.4,3845630030824,70.2,104.0,80.9,11.5,48.8,83132799.0,51.165691,10.451526
721,3900,fashion & retail,julia oetker,44.0,germany,bielefeld,consumer goods,fashion & retail,germany,False,u,f,1979-01-26 00:00:00,oetker,julia,2023-04-04 05:01:00,1979.0,1.0,26.0,112.85,1.4,3845630030824,70.2,104.0,80.9,11.5,48.8,83132799.0,51.165691,10.451526
721,3900,manufacturing,ruan hongliang & family,62.0,china,jiaxing,glass,manufacturing,china,True,d,m,1961-01-01 00:00:00,ruan,hongliang,2023-04-04 05:01:00,1961.0,1.0,1.0,125.08,2.9,19910000000000,50.6,100.2,77.0,9.4,59.2,1397715000.0,35.86166,104.195397
721,3900,finance & investments,mark stevens,63.0,united states,steamboat springs,venture capital,finance & investments,united states,True,d,m,1960-02-17 00:00:00,stevens,mark,2023-04-04 05:01:00,1960.0,2.0,17.0,117.24,7.5,21427700000000,88.2,101.8,78.5,9.6,36.6,328239523.0,37.09024,-95.712891
721,3900,finance & investments,tsai hong-tu,70.0,taiwan,taipei,finance,finance & investments,taiwan,False,d,m,1952-08-01 00:00:00,tsai,hong-tu,2023-04-04 05:01:00,1952.0,8.0,1.0,117.24,2.9,21427700000000,65.6,101.8,78.5,9.6,41.2,328239523.0,37.09024,10.451526
721,3900,food & beverage,nusli wadia,79.0,india,mumbai,consumer goods,food & beverage,india,False,u,m,1944-02-15 00:00:00,wadia,nusli,2023-04-04 05:01:00,1944.0,2.0,15.0,180.44,7.7,2611000000000,28.1,113.0,69.4,11.2,49.7,1366417754.0,20.593684,78.96288
721,3900,healthcare,wu yiling,73.0,china,shijiazhuang,pharmaceuticals,healthcare,china,True,e,m,1949-10-24 00:00:00,wu,yiling,2023-04-04 05:01:00,1949.0,10.0,24.0,125.08,2.9,19910000000000,50.6,100.2,77.0,9.4,59.2,1397715000.0,35.86166,104.195397
721,3900,manufacturing,yu renrong,57.0,china,ningbo,semiconductors,manufacturing,china,True,d,m,1966-04-01 00:00:00,yu,renrong,2023-04-04 05:01:00,1966.0,4.0,1.0,125.08,2.9,19910000000000,50.6,100.2,77.0,9.4,59.2,1397715000.0,35.86166,104.195397
721,3900,healthcare,zhu baoguo & family,60.0,china,shenzhen,pharmaceuticals,healthcare,china,True,d,m,1962-04-25 00:00:00,zhu,baoguo,2023-04-04 05:01:00,1962.0,4.0,25.0,125.08,2.9,19910000000000,50.6,100.2,77.0,9.4,59.2,1397715000.0,35.86166,104.195397
748,3800,service,rahul bhatia,63.0,india,delhi,aviation,service,india,False,split family fortune,m,1959-06-10 00:00:00,bhatia,rahul,2023-04-04 05:01:00,1959.0,6.0,10.0,180.44,7.7,2611000000000,28.1,113.0,69.4,11.2,49.7,1366417754.0,20.593684,78.96288
748,3800,construction & engineering,francesco gaetano caltagirone,80.0,italy,rome,"cement, diversified",construction & engineering,italy,True,d,m,1943-03-21 00:00:00,caltagirone,francesco gaetano,2023-04-04 05:01:00,1943.0,3.0,21.0,110.62,0.6,2001244392042,61.9,101.9,82.9,24.3,59.1,60297396.0,41.87194,12.56738
748,3800,media & entertainment,barry diller,81.0,united states,new york,online media,media & entertainment,united states,True,d,m,1942-02-02 00:00:00,diller,barry,2023-04-04 05:01:00,1942.0,2.0,2.0,117.24,7.5,21427700000000,88.2,101.8,78.5,9.6,36.6,328239523.0,37.09024,-95.712891
748,3800,finance & investments,wesley edens,61.0,united states,new york,investments,finance & investments,united states,True,u,m,1961-10-31 00:00:00,edens,wesley,2023-04-04 05:01:00,1961.0,10.0,31.0,117.24,7.5,21427700000000,88.2,101.8,78.5,9.6,36.6,328239523.0,37.09024,-95.712891
748,3800,finance & investments,stephen feinberg,63.0,united states,new york,private equity,finance & investments,united states,True,u,m,1960-03-29 00:00:00,feinberg,stephen,2023-04-04 05:01:00,1960.0,3.0,29.0,117.24,7.5,21427700000000,88.2,101.8,78.5,9.6,36.6,328239523.0,37.09024,-95.712891
748,3800,service,rakesh gangwal,69.0,united states,miami,airline,service,united states,True,d,m,1953-07-25 00:00:00,gangwal,rakesh,2023-04-04 05:01:00,1953.0,7.0,25.0,117.24,7.5,21427700000000,88.2,101.8,78.5,9.6,36.6,328239523.0,37.09024,-95.712891
748,3800,food & beverage,joseph grendys,61.0,united states,chicago,poultry processing,food & beverage,united states,True,u,m,1961-12-01 00:00:00,grendys,joseph,2023-04-04 05:01:00,1961.0,12.0,1.0,117.24,7.5,21427700000000,88.2,101.8,78.5,9.6,36.6,328239523.0,37.09024,-95.712891
748,3800,media & entertainment,martha ingram & family,87.0,united states,nashville,"book distribution, transportation",media & entertainment,united states,False,d,f,1935-08-20 00:00:00,ingram,martha,2023-04-04 05:01:00,1935.0,8.0,20.0,117.24,7.5,21427700000000,88.2,101.8,78.5,9.6,36.6,328239523.0,37.09024,-95.712891
748,3800,automotive,li xiang,41.0,china,beijing,electric vehicles,automotive,china,True,d,m,1981-10-01 00:00:00,li,xiang,2023-04-04 05:01:00,1981.0,10.0,1.0,125.08,2.9,19910000000000,50.6,100.2,77.0,9.4,59.2,1397715000.0,35.86166,104.195397
748,3800,real estate,"h. ross perot, jr.",64.0,united states,dallas,real estate,real estate,united states,False,u,m,1958-11-07 00:00:00,perot,h. ross,2023-04-04 05:01:00,1958.0,11.0,7.0,117.24,7.5,21427700000000,88.2,101.8,78.5,9.6,36.6,328239523.0,37.09024,-95.712891
748,3800,real estate,chandru raheja,82.0,india,mumbai,real estate,real estate,india,False,u,m,1940-10-01 00:00:00,raheja,chandru,2023-04-04 05:01:00,1940.0,10.0,1.0,180.44,7.7,2611000000000,28.1,113.0,69.4,11.2,49.7,1366417754.0,20.593684,78.96288
748,3800,energy,trevor rees-jones,71.0,united states,dallas,oil & gas,energy,united states,True,d,m,1951-08-12 00:00:00,rees-jones,trevor,2023-04-04 05:01:00,1951.0,8.0,12.0,117.24,7.5,21427700000000,88.2,101.8,78.5,9.6,36.6,328239523.0,37.09024,-95.712891
748,3800,telecom,yasumitsu shigeta,58.0,japan,tokyo,mobile phone retailer,telecom,japan,True,u,m,1965-02-25 00:00:00,shigeta,yasumitsu,2023-04-04 05:01:00,1965.0,2.0,25.0,105.48,0.5,5081769542380,63.2,98.8,84.2,11.9,46.7,126226568.0,36.204824,138.252924
748,3800,healthcare,su qingcan,54.0,china,xiamen,healthcare,healthcare,china,True,n,m,1969-01-01 00:00:00,su,qingcan,2023-04-04 05:01:00,1969.0,1.0,1.0,125.08,2.9,19910000000000,50.6,100.2,77.0,9.4,59.2,1397715000.0,35.86166,104.195397
748,3800,finance & investments,tsai cheng-ta,73.0,taiwan,taipei,finance,finance & investments,taiwan,False,d,m,1950-04-01 00:00:00,tsai,cheng-ta,2023-04-04 05:01:00,1950.0,4.0,1.0,117.24,2.9,21427700000000,65.6,101.8,78.5,9.6,41.2,328239523.0,37.09024,10.451526
748,3800,service,steven udvar-hazy,77.0,united states,westlake,aircraft leasing,service,united states,True,d,m,1946-02-23 00:00:00,udvar-hazy,steven,2023-04-04 05:01:00,1946.0,2.0,23.0,117.24,7.5,21427700000000,88.2,101.8,78.5,9.6,36.6,328239523.0,37.09024,-95.712891
748,3800,manufacturing,elizabeth uihlein,77.0,united states,lake forest,packaging materials,manufacturing,united states,True,n,f,1945-07-07 00:00:00,uihlein,elizabeth,2023-04-04 05:01:00,1945.0,7.0,7.0,117.24,7.5,21427700000000,88.2,101.8,78.5,9.6,36.6,328239523.0,37.09024,-95.712891
748,3800,manufacturing,richard uihlein,77.0,united states,lake forest,packaging materials,manufacturing,united states,True,n,m,1945-08-27 00:00:00,uihlein,richard,2023-04-04 05:01:00,1945.0,8.0,27.0,117.24,7.5,21427700000000,88.2,101.8,78.5,9.6,36.6,328239523.0,37.09024,-95.712891
766,3700,finance & investments,hayes barnard,51.0,united states,austin,fintech,finance & investments,united states,True,n,m,1972-02-15 00:00:00,barnard,hayes,2023-04-04 05:01:00,1972.0,2.0,15.0,117.24,7.5,21427700000000,88.2,101.8,78.5,9.6,36.6,328239523.0,37.09024,-95.712891
766,3700,finance & investments,william berkley,76.0,united states,coconut grove,insurance,finance & investments,united states,True,e,m,1946-09-01 00:00:00,berkley,william,2023-04-04 05:01:00,1946.0,9.0,1.0,117.24,7.5,21427700000000,88.2,101.8,78.5,9.6,36.6,328239523.0,37.09024,-95.712891
766,3700,real estate,charles cohen,71.0,united states,new york,real estate,real estate,united states,False,u,m,1952-02-08 00:00:00,cohen,charles,2023-04-04 05:01:00,1952.0,2.0,8.0,117.24,7.5,21427700000000,88.2,101.8,78.5,9.6,36.6,328239523.0,37.09024,-95.712891
766,3700,real estate,yakir gabay,56.0,united kingdom,london,real estate,real estate,cyprus,True,d,m,1966-04-13 00:00:00,gabay,yakir,2023-04-04 05:01:00,1966.0,4.0,13.0,119.62,1.7,2827113184696,60.0,101.2,81.3,25.5,30.6,66834405.0,55.378051,-3.435973
766,3700,technology,huang li,59.0,china,wuhan,imaging systems,technology,china,True,d,m,1963-06-27 00:00:00,huang,li,2023-04-04 05:01:00,1963.0,6.0,27.0,125.08,2.9,19910000000000,50.6,100.2,77.0,9.4,59.2,1397715000.0,35.86166,104.195397
766,3700,logistics,brad jacobs,66.0,united states,greenwich,logistics,logistics,united states,True,e,m,1956-07-01 00:00:00,jacobs,brad,2023-04-04 05:01:00,1956.0,7.0,1.0,117.24,7.5,21427700000000,88.2,101.8,78.5,9.6,36.6,328239523.0,37.09024,-95.712891
766,3700,real estate,ji qi,56.0,china,shanghai,"hotels, motels",real estate,china,True,u,m,1966-10-01 00:00:00,ji,qi,2023-04-04 05:01:00,1966.0,10.0,1.0,125.08,2.9,19910000000000,50.6,100.2,77.0,9.4,59.2,1397715000.0,35.86166,104.195397
766,3700,media & entertainment,jason jiang,50.0,china,shanghai,advertising,media & entertainment,singapore,True,d,m,1973-01-01 00:00:00,jiang,jason,2023-04-04 05:01:00,1973.0,1.0,1.0,125.08,2.9,19910000000000,50.6,100.2,77.0,9.4,59.2,1397715000.0,35.86166,104.195397
766,3700,technology,jim kavanaugh,60.0,united states,st. louis,it provider,technology,united states,True,u,m,1962-10-17 00:00:00,kavanaugh,jim,2023-04-04 05:01:00,1962.0,10.0,17.0,117.24,7.5,21427700000000,88.2,101.8,78.5,9.6,36.6,328239523.0,37.09024,-95.712891
766,3700,real estate,richard lefrak & family,77.0,united states,new york,real estate,real estate,united states,False,e,m,1945-08-29 00:00:00,lefrak,richard,2023-04-04 05:01:00,1945.0,8.0,29.0,117.24,7.5,21427700000000,88.2,101.8,78.5,9.6,36.6,328239523.0,37.09024,-95.712891
766,3700,finance & investments,mikhail lomtadze,47.0,kazakhstan,almaty,fintech,finance & investments,georgia,True,u,m,1975-10-17 00:00:00,lomtadze,mikhail,2023-04-04 05:01:00,1975.0,10.0,17.0,182.75,5.2,180161741180,61.7,104.4,73.2,11.7,28.4,18513930.0,48.019573,66.923684
766,3700,fashion & retail,tom morris,68.0,united kingdom,merseyside,retail,fashion & retail,united kingdom,True,u,m,1954-10-02 00:00:00,morris,tom,2023-04-04 05:01:00,1954.0,10.0,2.0,119.62,1.7,2827113184696,60.0,101.2,81.3,25.5,30.6,66834405.0,55.378051,-3.435973
766,3700,manufacturing,shigenobu nagamori,78.0,japan,kyoto,motors,manufacturing,japan,True,d,m,1944-08-28 00:00:00,nagamori,shigenobu,2023-04-04 05:01:00,1944.0,8.0,28.0,105.48,0.5,5081769542380,63.2,98.8,84.2,11.9,46.7,126226568.0,36.204824,138.252924
766,3700,finance & investments,daniel och,62.0,united states,miami beach,hedge funds,finance & investments,united states,True,d,m,1961-01-27 00:00:00,och,daniel,2023-04-04 05:01:00,1961.0,1.0,27.0,117.24,7.5,21427700000000,88.2,101.8,78.5,9.6,36.6,328239523.0,37.09024,-95.712891
766,3700,fashion & retail,horst paulmann & family,88.0,chile,santiago,retail,fashion & retail,chile,True,u,m,1935-01-01 00:00:00,paulmann,horst,2023-04-04 05:01:00,1935.0,1.0,1.0,131.91,2.6,282318159745,88.5,101.4,80.0,18.2,34.0,18952038.0,-35.675147,-71.542969
766,3700,service,anthony pritzker,62.0,united states,los angeles,"hotels, investments",service,united states,False,e,m,1961-01-07 00:00:00,pritzker,anthony,2023-04-04 05:01:00,1961.0,1.0,7.0,117.24,7.5,21427700000000,88.2,101.8,78.5,9.6,36.6,328239523.0,37.09024,-95.712891
766,3700,technology,john sall,75.0,united states,cary,software,technology,united states,True,u,m,1948-04-04 00:00:00,sall,john,2023-04-04 05:01:00,1948.0,4.0,4.0,117.24,7.5,21427700000000,88.2,101.8,78.5,9.6,36.6,328239523.0,37.09024,-95.712891
766,3700,food & beverage,howard schultz,69.0,united states,seattle,starbucks,food & beverage,united states,True,d,m,1953-07-19 00:00:00,schultz,howard,2023-04-04 05:01:00,1953.0,7.0,19.0,117.24,7.5,21427700000000,88.2,101.8,78.5,9.6,36.6,328239523.0,37.09024,-95.712891
766,3700,fashion & retail,richard schulze,82.0,united states,naples,best buy,fashion & retail,united states,True,d,m,1941-01-02 00:00:00,schulze,richard,2023-04-04 05:01:00,1941.0,1.0,2.0,117.24,7.5,21427700000000,88.2,101.8,78.5,9.6,36.6,328239523.0,37.09024,-95.712891
766,3700,real estate,yitzhak tshuva,74.0,israel,netanya,real estate,real estate,israel,True,d,m,1948-07-07 00:00:00,tshuva,yitzhak,2023-04-04 05:01:00,1948.0,7.0,7.0,108.15,0.8,395098666122,63.4,104.9,82.8,23.1,25.3,9053300.0,31.046051,34.851612
766,3700,manufacturing,wang yanqing & family,56.0,china,wuxi,electrical equipment,manufacturing,china,True,d,m,1966-04-07 00:00:00,wang,yanqing,2023-04-04 05:01:00,1966.0,4.0,7.0,125.08,2.9,19910000000000,50.6,100.2,77.0,9.4,59.2,1397715000.0,35.86166,104.195397
787,3600,diversified,rajiv bajaj,56.0,india,pune,diversified,diversified,india,False,split family fortune,m,1966-12-21 00:00:00,bajaj,rajiv,2023-04-04 05:01:00,1966.0,12.0,21.0,180.44,7.7,2611000000000,28.1,113.0,69.4,11.2,49.7,1366417754.0,20.593684,78.96288
787,3600,diversified,sanjiv bajaj,53.0,india,pune,diversified,diversified,india,False,split family fortune,m,1969-11-02 00:00:00,bajaj,sanjiv,2023-04-04 05:01:00,1969.0,11.0,2.0,180.44,7.7,2611000000000,28.1,113.0,69.4,11.2,49.7,1366417754.0,20.593684,78.96288
787,3600,finance & investments,leonid boguslavsky,71.0,italy,florence,venture capital,finance & investments,canada,True,d,m,1951-06-17 00:00:00,boguslavsky,leonid,2023-04-04 05:01:00,1951.0,6.0,17.0,110.62,0.6,2001244392042,61.9,101.9,82.9,24.3,59.1,60297396.0,41.87194,12.56738
787,3600,finance & investments,jim coulter,63.0,united states,san francisco,private equity,finance & investments,united states,True,u,m,1959-12-01 00:00:00,coulter,jim,2023-04-04 05:01:00,1959.0,12.0,1.0,117.24,7.5,21427700000000,88.2,101.8,78.5,9.6,36.6,328239523.0,37.09024,-95.712891
787,3600,automotive,nicolas d'ieteren,47.0,switzerland,anzere,"auto parts, distribution",automotive,belgium,False,n,m,1975-04-13 00:00:00,d'ieteren,nicolas,2023-04-04 05:01:00,1975.0,4.0,13.0,99.55,0.4,703082435360,59.6,105.2,83.6,10.1,28.8,8574832.0,46.818188,8.227512
787,3600,real estate,bob gaglardi,82.0,canada,vancouver,hotels,real estate,canada,True,u,m,1941-02-19 00:00:00,gaglardi,bob,2023-04-04 05:01:00,1941.0,2.0,19.0,116.76,1.9,1736425629520,68.9,100.9,81.9,12.8,24.5,36991981.0,56.130366,-106.346771
787,3600,finance & investments,jaime gilinski bacal,65.0,united kingdom,london,banking,finance & investments,colombia,False,d,m,1957-12-14 00:00:00,gilinski bacal,jaime,2023-04-04 05:01:00,1957.0,12.0,14.0,119.62,1.7,2827113184696,60.0,101.2,81.3,25.5,30.6,66834405.0,55.378051,-3.435973
787,3600,gambling & casinos,pansy ho,60.0,hong kong,hong kong,casinos,gambling & casinos,hong kong,False,u,f,1962-08-26 00:00:00,ho,pansy,2023-04-04 05:01:00,1962.0,8.0,26.0,117.24,2.9,21427700000000,65.6,101.8,78.5,9.6,41.2,328239523.0,37.09024,10.451526
787,3600,finance & investments,alan howard,59.0,switzerland,geneva,hedge funds,finance & investments,united kingdom,True,u,m,1963-09-01 00:00:00,howard,alan,2023-04-04 05:01:00,1963.0,9.0,1.0,99.55,0.4,703082435360,59.6,105.2,83.6,10.1,28.8,8574832.0,46.818188,8.227512
787,3600,automotive,huang yi,61.0,china,beijing,car dealerships,automotive,hong kong,True,d,m,1962-01-01 00:00:00,huang,yi,2023-04-04 05:01:00,1962.0,1.0,1.0,125.08,2.9,19910000000000,50.6,100.2,77.0,9.4,59.2,1397715000.0,35.86166,104.195397
787,3600,finance & investments,peter kellogg,80.0,united states,short hills,investments,finance & investments,united states,False,e,m,1942-09-01 00:00:00,kellogg,peter,2023-04-04 05:01:00,1942.0,9.0,1.0,117.24,7.5,21427700000000,88.2,101.8,78.5,9.6,36.6,328239523.0,37.09024,-95.712891
787,3600,finance & investments,vyacheslav kim,53.0,kazakhstan,almaty,fintech,finance & investments,kazakhstan,True,u,m,1969-06-12 00:00:00,kim,vyacheslav,2023-04-04 05:01:00,1969.0,6.0,12.0,182.75,5.2,180161741180,61.7,104.4,73.2,11.7,28.4,18513930.0,48.019573,66.923684
787,3600,finance & investments,josh kushner,37.0,united states,new york city,venture capital,finance & investments,united states,True,u,m,1985-06-12 00:00:00,kushner,josh,2023-04-04 05:01:00,1985.0,6.0,12.0,117.24,7.5,21427700000000,88.2,101.8,78.5,9.6,36.6,328239523.0,37.09024,-95.712891
787,3600,real estate,samuel tak lee,83.0,hong kong,hong kong,real estate,real estate,hong kong,False,d,m,1939-04-09 00:00:00,lee,samuel tak,2023-04-04 05:01:00,1939.0,4.0,9.0,117.24,2.9,21427700000000,65.6,101.8,78.5,9.6,41.2,328239523.0,37.09024,10.451526
787,3600,real estate,edwin leong,71.0,hong kong,hong kong,real estate,real estate,hong kong,True,d,m,1951-12-04 00:00:00,leong,edwin,2023-04-04 05:01:00,1951.0,12.0,4.0,117.24,2.9,21427700000000,65.6,101.8,78.5,9.6,41.2,328239523.0,37.09024,10.451526
787,3600,finance & investments,"stephen mandel, jr.",67.0,united states,greenwich,hedge funds,finance & investments,united states,True,d,m,1956-03-12 00:00:00,mandel,stephen,2023-04-04 05:01:00,1956.0,3.0,12.0,117.24,7.5,21427700000000,88.2,101.8,78.5,9.6,36.6,328239523.0,37.09024,-95.712891
787,3600,diversified,mohamed mansour,75.0,united kingdom,london,diversified,diversified,egypt,True,u,m,1948-01-23 00:00:00,mansour,mohamed,2023-04-04 05:01:00,1948.0,1.0,23.0,119.62,1.7,2827113184696,60.0,101.2,81.3,25.5,30.6,66834405.0,55.378051,-3.435973
787,3600,fashion & retail,masahiro miki,67.0,japan,tokyo,shoes,fashion & retail,japan,True,u,m,1955-07-26 00:00:00,miki,masahiro,2023-04-04 05:01:00,1955.0,7.0,26.0,105.48,0.5,5081769542380,63.2,98.8,84.2,11.9,46.7,126226568.0,36.204824,138.252924
787,3600,technology,masahiro noda,84.0,japan,tokyo,software,technology,japan,True,u,m,1938-08-24 00:00:00,noda,masahiro,2023-04-04 05:01:00,1938.0,8.0,24.0,105.48,0.5,5081769542380,63.2,98.8,84.2,11.9,46.7,126226568.0,36.204824,138.252924
787,3600,technology,cliff obrecht,37.0,australia,sydney,software,technology,australia,True,d,m,1985-12-28 00:00:00,obrecht,cliff,2023-04-04 05:01:00,1985.0,12.0,28.0,119.8,1.6,1392680589329,113.1,100.3,82.7,23.0,47.4,25766605.0,-25.274398,133.775136
787,3600,technology,melanie perkins,35.0,australia,sydney,software,technology,australia,True,d,f,1987-05-13 00:00:00,perkins,melanie,2023-04-04 05:01:00,1987.0,5.0,13.0,119.8,1.6,1392680589329,113.1,100.3,82.7,23.0,47.4,25766605.0,-25.274398,133.775136
787,3600,finance & investments,j.b. pritzker,58.0,united states,springfield,"hotels, investments",finance & investments,united states,False,e,m,1965-01-19 00:00:00,pritzker,j.b.,2023-04-04 05:01:00,1965.0,1.0,19.0,117.24,7.5,21427700000000,88.2,101.8,78.5,9.6,36.6,328239523.0,37.09024,-95.712891
787,3600,fashion & retail,juan roig,73.0,spain,valencia,supermarkets,fashion & retail,spain,False,d,m,1949-10-08 00:00:00,roig,juan,2023-04-04 05:01:00,1949.0,10.0,8.0,110.96,0.7,1394116310769,88.9,102.7,83.3,14.2,47.0,47076781.0,40.463667,-3.74922
787,3600,real estate,jerry speyer & family,82.0,united states,new york,real estate,real estate,united states,True,e,m,1940-06-23 00:00:00,speyer,jerry,2023-04-04 05:01:00,1940.0,6.0,23.0,117.24,7.5,21427700000000,88.2,101.8,78.5,9.6,36.6,328239523.0,37.09024,-95.712891
787,3600,fashion & retail,lawrence stroll,63.0,switzerland,geneva,fashion investments,fashion & retail,canada,True,u,m,1959-07-11 00:00:00,stroll,lawrence,2023-04-04 05:01:00,1959.0,7.0,11.0,99.55,0.4,703082435360,59.6,105.2,83.6,10.1,28.8,8574832.0,46.818188,8.227512
787,3600,logistics,tung chee chen,80.0,hong kong,hong kong,shipping,logistics,hong kong,False,e,m,1942-12-15 00:00:00,tung,chee chen,2023-04-04 05:01:00,1942.0,12.0,15.0,117.24,2.9,21427700000000,65.6,101.8,78.5,9.6,41.2,328239523.0,37.09024,10.451526
787,3600,food & beverage,wang junlin,60.0,china,chengdu,liquor,food & beverage,china,True,d,m,1962-09-01 00:00:00,wang,junlin,2023-04-04 05:01:00,1962.0,9.0,1.0,125.08,2.9,19910000000000,50.6,100.2,77.0,9.4,59.2,1397715000.0,35.86166,104.195397
787,3600,automotive,xia zuoquan,61.0,china,shenzhen,"automobiles, batteries",automotive,china,True,u,m,1962-01-01 00:00:00,xia,zuoquan,2023-04-04 05:01:00,1962.0,1.0,1.0,125.08,2.9,19910000000000,50.6,100.2,77.0,9.4,59.2,1397715000.0,35.86166,104.195397
787,3600,technology,zeng fangqin,57.0,china,shenzhen,smartphone components,technology,china,True,d,f,1965-12-25 00:00:00,zeng,fangqin,2023-04-04 05:01:00,1965.0,12.0,25.0,125.08,2.9,19910000000000,50.6,100.2,77.0,9.4,59.2,1397715000.0,35.86166,104.195397
787,3600,manufacturing,zhang jian,54.0,china,tianjin,"electric bikes, scooters",manufacturing,china,True,u,m,1969-01-01 00:00:00,zhang,jian,2023-04-04 05:01:00,1969.0,1.0,1.0,125.08,2.9,19910000000000,50.6,100.2,77.0,9.4,59.2,1397715000.0,35.86166,104.195397
818,3500,fashion & retail,rocco basilico,33.0,united states,los angeles,eyeglasses,fashion & retail,italy,False,n,m,1989-07-11 00:00:00,basilico,rocco,2023-04-04 05:01:00,1989.0,7.0,11.0,117.24,7.5,21427700000000,88.2,101.8,78.5,9.6,36.6,328239523.0,37.09024,-95.712891
818,3500,healthcare,maurizio billi,65.0,brazil,sao paulo,generic drugs,healthcare,brazil,False,u,m,1957-11-22 00:00:00,billi,maurizio,2023-04-04 05:01:00,1957.0,11.0,22.0,167.4,3.7,1839758040766,51.3,115.4,75.7,14.2,65.1,212559417.0,-14.235004,-51.92528
818,3500,finance & investments,fashu chen,62.0,china,fuzhou,investments,finance & investments,china,True,d,m,1960-10-26 00:00:00,chen,fashu,2023-04-04 05:01:00,1960.0,10.0,26.0,125.08,2.9,19910000000000,50.6,100.2,77.0,9.4,59.2,1397715000.0,35.86166,104.195397
818,3500,manufacturing,giuseppe crippa & family,87.0,italy,cernusco lombardone,microchip testing,manufacturing,italy,True,u,m,1935-05-05 00:00:00,crippa,giuseppe,2023-04-04 05:01:00,1935.0,5.0,5.0,110.62,0.6,2001244392042,61.9,101.9,82.9,24.3,59.1,60297396.0,41.87194,12.56738
818,3500,finance & investments,daniel d'aniello,76.0,united states,vienna,private equity,finance & investments,united states,True,d,m,1946-09-14 00:00:00,d'aniello,daniel,2023-04-04 05:01:00,1946.0,9.0,14.0,117.24,7.5,21427700000000,88.2,101.8,78.5,9.6,36.6,328239523.0,37.09024,-95.712891
818,3500,fashion & retail,claudio del vecchio,66.0,united states,muttontown,eyeglasses,fashion & retail,italy,False,n,m,1957-02-26 00:00:00,del vecchio,claudio,2023-04-04 05:01:00,1957.0,2.0,26.0,117.24,7.5,21427700000000,88.2,101.8,78.5,9.6,36.6,328239523.0,37.09024,-95.712891
818,3500,fashion & retail,clemente del vecchio,18.0,italy,milan,eyeglases,fashion & retail,italy,False,n,m,2004-05-06 00:00:00,del vecchio,clemente,2023-04-04 05:01:00,2004.0,5.0,6.0,110.62,0.6,2001244392042,61.9,101.9,82.9,24.3,59.1,60297396.0,41.87194,12.56738
818,3500,fashion & retail,leonardo maria del vecchio,27.0,italy,milan,eyeglasses,fashion & retail,italy,False,n,m,1995-05-06 00:00:00,del vecchio,leonardo maria,2023-04-04 05:01:00,1995.0,5.0,6.0,110.62,0.6,2001244392042,61.9,101.9,82.9,24.3,59.1,60297396.0,41.87194,12.56738
818,3500,fashion & retail,luca del vecchio,21.0,italy,milan,eyeglasses,fashion & retail,italy,False,n,m,2001-08-31 00:00:00,del vecchio,luca,2023-04-04 05:01:00,2001.0,8.0,31.0,110.62,0.6,2001244392042,61.9,101.9,82.9,24.3,59.1,60297396.0,41.87194,12.56738
818,3500,fashion & retail,marisa del vecchio,64.0,italy,rome,eyeglasses,fashion & retail,italy,False,n,f,1958-07-10 00:00:00,del vecchio,marisa,2023-04-04 05:01:00,1958.0,7.0,10.0,110.62,0.6,2001244392042,61.9,101.9,82.9,24.3,59.1,60297396.0,41.87194,12.56738
818,3500,fashion & retail,paola del vecchio,61.0,luxembourg,luxembourg,eyeglasses,fashion & retail,italy,False,n,f,1961-05-14 00:00:00,del vecchio,paola,2023-04-04 05:01:00,1961.0,5.0,14.0,115.09,1.7,71104919108,19.2,102.3,82.1,26.5,20.4,645397.0,49.815273,6.129583
818,3500,finance & investments,walter p.j. droege,70.0,germany,dusseldorf,investing,finance & investments,germany,True,d,m,1952-11-25 00:00:00,droege,walter p.j.,2023-04-04 05:01:00,1952.0,11.0,25.0,112.85,1.4,3845630030824,70.2,104.0,80.9,11.5,48.8,83132799.0,51.165691,10.451526
818,3500,fashion & retail,fan daidi,57.0,china,xian,skincare,fashion & retail,china,True,n,f,1966-01-01 00:00:00,fan,daidi,2023-04-04 05:01:00,1966.0,1.0,1.0,125.08,2.9,19910000000000,50.6,100.2,77.0,9.4,59.2,1397715000.0,35.86166,104.195397
818,3500,technology,peter gassner,58.0,united states,pleasanton,software,technology,united states,True,u,m,1965-02-26 00:00:00,gassner,peter,2023-04-04 05:01:00,1965.0,2.0,26.0,117.24,7.5,21427700000000,88.2,101.8,78.5,9.6,36.6,328239523.0,37.09024,-95.712891
818,3500,energy,mikhail gutseriev,65.0,russia,moscow,"oil, coal, real estate",energy,russia,True,u,m,1958-03-09 00:00:00,gutseriev,mikhail,2023-04-04 05:01:00,1958.0,3.0,9.0,180.75,4.5,1699876578871,81.9,102.6,72.7,11.4,46.2,144373535.0,61.52401,105.318756
818,3500,manufacturing,patrick lee,81.0,hong kong,hong kong,paper,manufacturing,hong kong,True,d,m,1942-01-01 00:00:00,lee,patrick,2023-04-04 05:01:00,1942.0,1.0,1.0,117.24,2.9,21427700000000,65.6,101.8,78.5,9.6,41.2,328239523.0,37.09024,10.451526
818,3500,food & beverage,leng youbin,54.0,china,beijing,infant formula,food & beverage,china,True,d,m,1969-01-01 00:00:00,leng,youbin,2023-04-04 05:01:00,1969.0,1.0,1.0,125.08,2.9,19910000000000,50.6,100.2,77.0,9.4,59.2,1397715000.0,35.86166,104.195397
818,3500,finance & investments,daniel loeb,61.0,united states,new york,hedge funds,finance & investments,united states,True,d,m,1961-12-18 00:00:00,loeb,daniel,2023-04-04 05:01:00,1961.0,12.0,18.0,117.24,7.5,21427700000000,88.2,101.8,78.5,9.6,36.6,328239523.0,37.09024,-95.712891
818,3500,food & beverage,margarita louis-dreyfus & family,60.0,switzerland,davos,commodities,food & beverage,switzerland,False,d,f,1962-06-01 00:00:00,louis-dreyfus,margarita,2023-04-04 05:01:00,1962.0,6.0,1.0,99.55,0.4,703082435360,59.6,105.2,83.6,10.1,28.8,8574832.0,46.818188,8.227512
818,3500,healthcare,prasert prasarttong-osoth,90.0,thailand,bangkok,hospitals,healthcare,thailand,True,u,m,1933-03-26 00:00:00,prasarttong-osoth,prasert,2023-04-04 05:01:00,1933.0,3.0,26.0,113.27,0.7,543649976166,49.3,99.8,76.9,14.9,29.5,69625582.0,15.870032,100.992541
818,3500,finance & investments,ira rennert,88.0,united states,new york,investments,finance & investments,united states,True,d,m,1934-05-31 00:00:00,rennert,ira,2023-04-04 05:01:00,1934.0,5.0,31.0,117.24,7.5,21427700000000,88.2,101.8,78.5,9.6,36.6,328239523.0,37.09024,-95.712891
818,3500,fashion & retail,dirk rossmann & family,76.0,germany,lower-saxony,drugstores,fashion & retail,germany,True,u,m,1946-09-07 00:00:00,rossmann,dirk,2023-04-04 05:01:00,1946.0,9.0,7.0,112.85,1.4,3845630030824,70.2,104.0,80.9,11.5,48.8,83132799.0,51.165691,10.451526
818,3500,construction & engineering,arkady rotenberg,71.0,russia,moscow,"construction, pipes, banking",construction & engineering,russia,True,u,m,1951-12-15 00:00:00,rotenberg,arkady,2023-04-04 05:01:00,1951.0,12.0,15.0,180.75,4.5,1699876578871,81.9,102.6,72.7,11.4,46.2,144373535.0,61.52401,105.318756
818,3500,fashion & retail,remo ruffini,61.0,italy,como,winter jackets,fashion & retail,italy,True,u,m,1961-08-27 00:00:00,ruffini,remo,2023-04-04 05:01:00,1961.0,8.0,27.0,110.62,0.6,2001244392042,61.9,101.9,82.9,24.3,59.1,60297396.0,41.87194,12.56738
818,3500,automotive,vivek chaand sehgal,66.0,india,delhi,auto parts,automotive,australia,True,u,m,1956-09-28 00:00:00,sehgal,vivek chaand,2023-04-04 05:01:00,1956.0,9.0,28.0,180.44,7.7,2611000000000,28.1,113.0,69.4,11.2,49.7,1366417754.0,20.593684,78.96288
818,3500,finance & investments,scott shleifer,45.0,united states,new york,private equity,finance & investments,united states,True,d,m,1977-06-14 00:00:00,shleifer,scott,2023-04-04 05:01:00,1977.0,6.0,14.0,117.24,7.5,21427700000000,88.2,101.8,78.5,9.6,36.6,328239523.0,37.09024,-95.712891
818,3500,technology,thomas siebel,70.0,united states,woodside,business software,technology,united states,True,e,m,1952-11-22 00:00:00,siebel,thomas,2023-04-04 05:01:00,1952.0,11.0,22.0,117.24,7.5,21427700000000,88.2,101.8,78.5,9.6,36.6,328239523.0,37.09024,-95.712891
818,3500,manufacturing,wim van der leegte & family,75.0,netherlands,eindhoven,manufacturing,manufacturing,netherlands,False,u,m,1947-08-23 00:00:00,van der leegte,wim,2023-04-04 05:01:00,1947.0,8.0,23.0,115.91,2.6,909070395161,85.0,104.2,81.8,23.0,41.2,17332850.0,52.132633,5.291266
818,3500,diversified,xiao yongming & family,58.0,china,beijing,fertilizer,diversified,china,True,d,m,1964-07-01 00:00:00,xiao,yongming,2023-04-04 05:01:00,1964.0,7.0,1.0,125.08,2.9,19910000000000,50.6,100.2,77.0,9.4,59.2,1397715000.0,35.86166,104.195397
818,3500,technology,michael xie,54.0,united states,los altos hills,cybersecurity,technology,united states,True,u,m,1969-02-20 00:00:00,xie,michael,2023-04-04 05:01:00,1969.0,2.0,20.0,117.24,7.5,21427700000000,88.2,101.8,78.5,9.6,36.6,328239523.0,37.09024,-95.712891
818,3500,logistics,yang shaopeng,65.0,china,qingdao,shipping,logistics,china,True,d,m,1958-01-01 00:00:00,yang,shaopeng,2023-04-04 05:01:00,1958.0,1.0,1.0,125.08,2.9,19910000000000,50.6,100.2,77.0,9.4,59.2,1397715000.0,35.86166,104.195397
818,3500,fashion & retail,nicoletta zampillo,65.0,monaco,monaco,eyeglasses,fashion & retail,italy,False,n,f,1958-03-28 00:00:00,zampillo,nicoletta,2023-04-04 05:01:00,1958.0,3.0,28.0,117.24,2.9,7184844193,65.6,101.8,78.5,9.6,41.2,38964.0,43.7384176,7.4246158
818,3500,manufacturing,barry zekelman,56.0,canada,windsor,steel,manufacturing,canada,False,u,m,1967-01-03 00:00:00,zekelman,barry,2023-04-04 05:01:00,1967.0,1.0,3.0,116.76,1.9,1736425629520,68.9,100.9,81.9,12.8,24.5,36991981.0,56.130366,-106.346771
852,3400,finance & investments,william ackman,56.0,united states,new york,hedge funds,finance & investments,united states,True,u,m,1966-05-11 00:00:00,ackman,william,2023-04-04 05:01:00,1966.0,5.0,11.0,117.24,7.5,21427700000000,88.2,101.8,78.5,9.6,36.6,328239523.0,37.09024,-95.712891
852,3400,energy,somphote ahunai,55.0,thailand,bangkok,renewable energy,energy,thailand,True,d,m,1967-06-01 00:00:00,ahunai,somphote,2023-04-04 05:01:00,1967.0,6.0,1.0,113.27,0.7,543649976166,49.3,99.8,76.9,14.9,29.5,69625582.0,15.870032,100.992541
852,3400,metals & mining,igor altushkin,52.0,russia,yekaterinburg,metals,metals & mining,russia,True,u,m,1970-09-10 00:00:00,altushkin,igor,2023-04-04 05:01:00,1970.0,9.0,10.0,180.75,4.5,1699876578871,81.9,102.6,72.7,11.4,46.2,144373535.0,61.52401,105.318756
852,3400,food & beverage,ramon ang,69.0,philippines,manila,diversified,food & beverage,philippines,True,u,m,1954-01-14 00:00:00,ang,ramon,2023-04-04 05:01:00,1954.0,1.0,14.0,129.61,2.5,376795508680,35.5,107.5,71.1,14.0,43.1,108116615.0,12.879721,121.774017
852,3400,food & beverage,acharya balkrishna,50.0,india,haridwar,consumer goods,food & beverage,india,True,u,m,1972-07-25 00:00:00,balkrishna,acharya,2023-04-04 05:01:00,1972.0,7.0,25.0,180.44,7.7,2611000000000,28.1,113.0,69.4,11.2,49.7,1366417754.0,20.593684,78.96288
852,3400,manufacturing,markus blocher,52.0,switzerland,wilen bei wollerau,chemicals,manufacturing,switzerland,False,u,m,1971-01-01 00:00:00,blocher,markus,2023-04-04 05:01:00,1971.0,1.0,1.0,99.55,0.4,703082435360,59.6,105.2,83.6,10.1,28.8,8574832.0,46.818188,8.227512
852,3400,diversified,richard branson,72.0,british virgin islands,necker island,virgin,diversified,united kingdom,True,d,m,1950-07-18 00:00:00,branson,richard,2023-04-04 05:01:00,1950.0,7.0,18.0,117.24,2.9,21427700000000,65.6,101.8,78.5,9.6,41.2,328239523.0,37.09024,10.451526
852,3400,finance & investments,cho jung-ho,64.0,south korea,seoul,finance,finance & investments,south korea,False,u,m,1958-10-05 00:00:00,cho,jung-ho,2023-04-04 05:01:00,1958.0,10.0,5.0,115.16,0.4,2029000000000,94.3,98.1,82.6,15.6,33.2,51709098.0,35.907757,127.766922
852,3400,food & beverage,alessandra garavoglia,63.0,italy,milan,spirits,food & beverage,italy,False,u,f,1960-02-06 00:00:00,garavoglia,alessandra,2023-04-04 05:01:00,1960.0,2.0,6.0,110.62,0.6,2001244392042,61.9,101.9,82.9,24.3,59.1,60297396.0,41.87194,12.56738
852,3400,fashion & retail,laurence graff & family,84.0,switzerland,gstaad,diamond jewelry,fashion & retail,united kingdom,True,e,m,1938-06-13 00:00:00,graff,laurence,2023-04-04 05:01:00,1938.0,6.0,13.0,99.55,0.4,703082435360,59.6,105.2,83.6,10.1,28.8,8574832.0,46.818188,8.227512
852,3400,media & entertainment,"amos hostetter, jr.",86.0,united states,boston,cable television,media & entertainment,united states,True,d,m,1937-01-12 00:00:00,hostetter,amos,2023-04-04 05:01:00,1937.0,1.0,12.0,117.24,7.5,21427700000000,88.2,101.8,78.5,9.6,36.6,328239523.0,37.09024,-95.712891
852,3400,sports,robert johnson,75.0,united states,palm beach,"johnson & johnson, sports",sports,united states,False,n,m,1947-04-12 00:00:00,johnson,robert,2023-04-04 05:01:00,1947.0,4.0,12.0,117.24,7.5,21427700000000,88.2,101.8,78.5,9.6,36.6,328239523.0,37.09024,-95.712891
852,3400,finance & investments,steven klinsky,66.0,united states,new york,investments,finance & investments,united states,True,e,m,1956-05-30 00:00:00,klinsky,steven,2023-04-04 05:01:00,1956.0,5.0,30.0,117.24,7.5,21427700000000,88.2,101.8,78.5,9.6,36.6,328239523.0,37.09024,-95.712891
852,3400,fashion & retail,william lauder,62.0,united states,new york,estee lauder,fashion & retail,united states,False,d,m,1960-04-11 00:00:00,lauder,william,2023-04-04 05:01:00,1960.0,4.0,11.0,117.24,7.5,21427700000000,88.2,101.8,78.5,9.6,36.6,328239523.0,37.09024,-95.712891
852,3400,food & beverage,john middleton,68.0,united states,bryn mawr,tobacco,food & beverage,united states,False,e,m,1955-03-02 00:00:00,middleton,john,2023-04-04 05:01:00,1955.0,3.0,2.0,117.24,7.5,21427700000000,88.2,101.8,78.5,9.6,36.6,328239523.0,37.09024,-95.712891
852,3400,fashion & retail,hiroshi mikitani,58.0,japan,tokyo,online retail,fashion & retail,japan,True,d,m,1965-03-11 00:00:00,mikitani,hiroshi,2023-04-04 05:01:00,1965.0,3.0,11.0,105.48,0.5,5081769542380,63.2,98.8,84.2,11.9,46.7,126226568.0,36.204824,138.252924
852,3400,technology,bob parsons,72.0,united states,scottsdale,web hosting,technology,united states,True,e,m,1950-11-27 00:00:00,parsons,bob,2023-04-04 05:01:00,1950.0,11.0,27.0,117.24,7.5,21427700000000,88.2,101.8,78.5,9.6,36.6,328239523.0,37.09024,-95.712891
852,3400,finance & investments,j. joe ricketts & family,81.0,united states,little jackson hole,td ameritrade,finance & investments,united states,True,d,m,1941-07-16 00:00:00,ricketts,j. joe,2023-04-04 05:01:00,1941.0,7.0,16.0,117.24,7.5,21427700000000,88.2,101.8,78.5,9.6,36.6,328239523.0,37.09024,-95.712891
852,3400,real estate,herb simon,88.0,united states,indianapolis,real estate,real estate,united states,True,d,m,1934-10-23 00:00:00,simon,herb,2023-04-04 05:01:00,1934.0,10.0,23.0,117.24,7.5,21427700000000,88.2,101.8,78.5,9.6,36.6,328239523.0,37.09024,-95.712891
852,3400,healthcare,leena tewari,65.0,india,mumbai,pharmaceuticals,healthcare,india,False,d,f,1957-09-03 00:00:00,tewari,leena,2023-04-04 05:01:00,1957.0,9.0,3.0,180.44,7.7,2611000000000,28.1,113.0,69.4,11.2,49.7,1366417754.0,20.593684,78.96288
852,3400,media & entertainment,stefan von holtzbrinck,59.0,germany,stuttgart,publishing,media & entertainment,germany,False,u,m,1963-05-15 00:00:00,von holtzbrinck,stefan,2023-04-04 05:01:00,1963.0,5.0,15.0,112.85,1.4,3845630030824,70.2,104.0,80.9,11.5,48.8,83132799.0,51.165691,10.451526
852,3400,food & beverage,hans peter wild,81.0,switzerland,zug,flavorings,food & beverage,switzerland,False,d,m,1941-06-16 00:00:00,wild,hans peter,2023-04-04 05:01:00,1941.0,6.0,16.0,99.55,0.4,703082435360,59.6,105.2,83.6,10.1,28.8,8574832.0,46.818188,8.227512
852,3400,healthcare,wu guanjiang & family,54.0,china,chongqing,pharmaceuticals,healthcare,china,True,d,m,1968-12-21 00:00:00,wu,guanjiang,2023-04-04 05:01:00,1968.0,12.0,21.0,125.08,2.9,19910000000000,50.6,100.2,77.0,9.4,59.2,1397715000.0,35.86166,104.195397
852,3400,technology,yi zheng,52.0,china,hangzhou,software,technology,china,True,u,m,1970-10-15 00:00:00,yi,zheng,2023-04-04 05:01:00,1970.0,10.0,15.0,125.08,2.9,19910000000000,50.6,100.2,77.0,9.4,59.2,1397715000.0,35.86166,104.195397
852,3400,technology,eric yuan & family,53.0,united states,santa clara,zoom video communications,technology,united states,True,d,m,1970-02-20 00:00:00,yuan,eric,2023-04-04 05:01:00,1970.0,2.0,20.0,117.24,7.5,21427700000000,88.2,101.8,78.5,9.6,36.6,328239523.0,37.09024,-95.712891
852,3400,media & entertainment,charles zegar,75.0,united states,new york,bloomberg lp,media & entertainment,united states,True,u,m,1948-02-29 00:00:00,zegar,charles,2023-04-04 05:01:00,1948.0,2.0,29.0,117.24,7.5,21427700000000,88.2,101.8,78.5,9.6,36.6,328239523.0,37.09024,-95.712891
878,3300,construction & engineering,mohed altrad,75.0,france,montpellier,"scaffolding, cement mixers",construction & engineering,france,True,d,m,1948-03-09 00:00:00,altrad,mohed,2023-04-04 05:01:00,1948.0,3.0,9.0,110.05,1.1,2715518274227,65.6,102.5,82.5,24.2,60.7,67059887.0,46.227638,2.213749
878,3300,finance & investments,john arnold,49.0,united states,houston,hedge funds,finance & investments,united states,True,e,m,1974-03-09 00:00:00,arnold,john,2023-04-04 05:01:00,1974.0,3.0,9.0,117.24,7.5,21427700000000,88.2,101.8,78.5,9.6,36.6,328239523.0,37.09024,-95.712891
878,3300,manufacturing,bill austin,81.0,united states,brownsville,hearing aids,manufacturing,united states,True,u,m,1942-02-25 00:00:00,austin,bill,2023-04-04 05:01:00,1942.0,2.0,25.0,117.24,7.5,21427700000000,88.2,101.8,78.5,9.6,36.6,328239523.0,37.09024,-95.712891
878,3300,manufacturing,chen shibin,56.0,china,lianyungang,quartz products,manufacturing,china,True,u,m,1966-11-01 00:00:00,chen,shibin,2023-04-04 05:01:00,1966.0,11.0,1.0,125.08,2.9,19910000000000,50.6,100.2,77.0,9.4,59.2,1397715000.0,35.86166,104.195397
878,3300,food & beverage,bennett dorrance,77.0,united states,paradise valley,campbell soup,food & beverage,united states,False,u,m,1946-02-09 00:00:00,dorrance,bennett,2023-04-04 05:01:00,1946.0,2.0,9.0,117.24,7.5,21427700000000,88.2,101.8,78.5,9.6,36.6,328239523.0,37.09024,-95.712891
878,3300,food & beverage,walter faria,68.0,brazil,rio de janeiro,beer,food & beverage,brazil,True,e,m,1955-04-01 00:00:00,faria,walter,2023-04-04 05:01:00,1955.0,4.0,1.0,167.4,3.7,1839758040766,51.3,115.4,75.7,14.2,65.1,212559417.0,-14.235004,-51.92528
878,3300,automotive,walter frey,79.0,switzerland,küsnacht,car dealerships,automotive,switzerland,False,u,m,1943-07-30 00:00:00,frey,walter,2023-04-04 05:01:00,1943.0,7.0,30.0,99.55,0.4,703082435360,59.6,105.2,83.6,10.1,28.8,8574832.0,46.818188,8.227512
878,3300,technology,fu liquan & family,55.0,china,hangzhou,surveillance equipment,technology,china,True,d,m,1967-08-01 00:00:00,fu,liquan,2023-04-04 05:01:00,1967.0,8.0,1.0,125.08,2.9,19910000000000,50.6,100.2,77.0,9.4,59.2,1397715000.0,35.86166,104.195397
878,3300,real estate,john gandel,88.0,australia,melbourne,shopping malls,real estate,australia,False,e,m,1934-08-13 00:00:00,gandel,john,2023-04-04 05:01:00,1934.0,8.0,13.0,119.8,1.6,1392680589329,113.1,100.3,82.7,23.0,47.4,25766605.0,-25.274398,133.775136
878,3300,construction & engineering,peter gilgan,72.0,canada,oakville,homebuilding,construction & engineering,canada,True,u,m,1951-01-01 00:00:00,gilgan,peter,2023-04-04 05:01:00,1951.0,1.0,1.0,116.76,1.9,1736425629520,68.9,100.9,81.9,12.8,24.5,36991981.0,56.130366,-106.346771
878,3300,diversified,kwek leng beng,82.0,singapore,singapore,diversified,diversified,singapore,False,u,m,1941-01-01 00:00:00,kwek,leng beng,2023-04-04 05:01:00,1941.0,1.0,1.0,114.41,0.6,372062527489,84.8,100.6,83.1,13.1,21.0,5703569.0,1.352083,103.819836
878,3300,finance & investments,pablo legorreta,59.0,united states,sag harbor,investments,finance & investments,united states,True,d,m,1963-10-30 00:00:00,legorreta,pablo,2023-04-04 05:01:00,1963.0,10.0,30.0,117.24,7.5,21427700000000,88.2,101.8,78.5,9.6,36.6,328239523.0,37.09024,-95.712891
878,3300,media & entertainment,arnon milchan,78.0,israel,tel aviv,movie making,media & entertainment,israel,True,d,m,1944-12-06 00:00:00,milchan,arnon,2023-04-04 05:01:00,1944.0,12.0,6.0,108.15,0.8,395098666122,63.4,104.9,82.8,23.1,25.3,9053300.0,31.046051,34.851612
878,3300,fashion & retail,akio nitori,79.0,japan,hokkaido,home furnishings,fashion & retail,japan,True,d,m,1944-03-05 00:00:00,nitori,akio,2023-04-04 05:01:00,1944.0,3.0,5.0,105.48,0.5,5081769542380,63.2,98.8,84.2,11.9,46.7,126226568.0,36.204824,138.252924
878,3300,metals & mining,julio ponce lerou,77.0,chile,santiago,fertilizer,metals & mining,chile,True,d,m,1945-11-13 00:00:00,ponce lerou,julio,2023-04-04 05:01:00,1945.0,11.0,13.0,131.91,2.6,282318159745,88.5,101.4,80.0,18.2,34.0,18952038.0,-35.675147,-71.542969
878,3300,finance & investments,rodger riney & family,77.0,united states,st. louis,discount brokerage,finance & investments,united states,True,d,m,1946-01-01 00:00:00,riney,rodger,2023-04-04 05:01:00,1946.0,1.0,1.0,117.24,7.5,21427700000000,88.2,101.8,78.5,9.6,36.6,328239523.0,37.09024,-95.712891
878,3300,diversified,phil ruffin,88.0,united states,las vegas,"casinos, real estate",diversified,united states,True,u,m,1935-03-17 00:00:00,ruffin,phil,2023-04-04 05:01:00,1935.0,3.0,17.0,117.24,7.5,21427700000000,88.2,101.8,78.5,9.6,36.6,328239523.0,37.09024,-95.712891
878,3300,telecom,naguib sawiris,68.0,egypt,cairo,telecom,telecom,egypt,False,d,m,1954-06-15 00:00:00,sawiris,naguib,2023-04-04 05:01:00,1954.0,6.0,15.0,288.57,9.2,303175127598,35.2,106.3,71.8,12.5,44.4,100388073.0,26.820553,30.802498
878,3300,finance & investments,neil shen,55.0,china,hong kong,venture capital,finance & investments,hong kong,True,d,m,1967-12-16 00:00:00,shen,neil,2023-04-04 05:01:00,1967.0,12.0,16.0,125.08,2.9,19910000000000,50.6,100.2,77.0,9.4,59.2,1397715000.0,35.86166,104.195397
878,3300,technology,gil shwed,54.0,israel,tel aviv,software,technology,israel,True,d,m,1968-06-12 00:00:00,shwed,gil,2023-04-04 05:01:00,1968.0,6.0,12.0,108.15,0.8,395098666122,63.4,104.9,82.8,23.1,25.3,9053300.0,31.046051,34.851612
878,3300,finance & investments,stephen smith,71.0,canada,toronto,finance and investments,finance & investments,canada,True,u,m,1951-06-02 00:00:00,smith,stephen,2023-04-04 05:01:00,1951.0,6.0,2.0,116.76,1.9,1736425629520,68.9,100.9,81.9,12.8,24.5,36991981.0,56.130366,-106.346771
878,3300,finance & investments,nik storonsky,38.0,united kingdom,london,fintech,finance & investments,united kingdom,True,d,m,1984-07-21 00:00:00,storonsky,nik,2023-04-04 05:01:00,1984.0,7.0,21.0,119.62,1.7,2827113184696,60.0,101.2,81.3,25.5,30.6,66834405.0,55.378051,-3.435973
878,3300,finance & investments,jeffrey talpins,48.0,united states,larchmont,hedge fund,finance & investments,united states,True,u,m,1975-03-06 00:00:00,talpins,jeffrey,2023-04-04 05:01:00,1975.0,3.0,6.0,117.24,7.5,21427700000000,88.2,101.8,78.5,9.6,36.6,328239523.0,37.09024,-95.712891
878,3300,finance & investments,carl thoma,74.0,united states,dallas,investments,finance & investments,united states,True,u,m,1948-10-12 00:00:00,thoma,carl,2023-04-04 05:01:00,1948.0,10.0,12.0,117.24,7.5,21427700000000,88.2,101.8,78.5,9.6,36.6,328239523.0,37.09024,-95.712891
878,3300,manufacturing,todd wanek,59.0,united states,st. petersburg,furniture,manufacturing,united states,False,d,m,1964-03-16 00:00:00,wanek,todd,2023-04-04 05:01:00,1964.0,3.0,16.0,117.24,7.5,21427700000000,88.2,101.8,78.5,9.6,36.6,328239523.0,37.09024,-95.712891
878,3300,fashion & retail,takao yasuda,73.0,singapore,singapore,retail,fashion & retail,japan,True,u,m,1949-05-07 00:00:00,yasuda,takao,2023-04-04 05:01:00,1949.0,5.0,7.0,114.41,0.6,372062527489,84.8,100.6,83.1,13.1,21.0,5703569.0,1.352083,103.819836
905,3200,fashion & retail,giuliana benetton,85.0,italy,treviso,"fashion retail, investments",fashion & retail,italy,True,u,f,1937-07-08 00:00:00,benetton,giuliana,2023-04-04 05:01:00,1937.0,7.0,8.0,110.62,0.6,2001244392042,61.9,101.9,82.9,24.3,59.1,60297396.0,41.87194,12.56738
905,3200,fashion & retail,luciano benetton,87.0,italy,ponzano veneto,"fashion retail, investments",fashion & retail,italy,True,u,m,1935-05-13 00:00:00,benetton,luciano,2023-04-04 05:01:00,1935.0,5.0,13.0,110.62,0.6,2001244392042,61.9,101.9,82.9,24.3,59.1,60297396.0,41.87194,12.56738
905,3200,manufacturing,arun bharat ram,82.0,india,delhi,chemicals,manufacturing,india,False,d,m,1940-11-15 00:00:00,bharat ram,arun,2023-04-04 05:01:00,1940.0,11.0,15.0,180.44,7.7,2611000000000,28.1,113.0,69.4,11.2,49.7,1366417754.0,20.593684,78.96288
905,3200,finance & investments,ron burkle,70.0,united kingdom,london,"supermarkets, investments",finance & investments,united states,True,u,m,1952-11-12 00:00:00,burkle,ron,2023-04-04 05:01:00,1952.0,11.0,12.0,119.62,1.7,2827113184696,60.0,101.2,81.3,25.5,30.6,66834405.0,55.378051,-3.435973
905,3200,manufacturing,chen kaixuan,64.0,china,guangzhou,household chemicals,manufacturing,china,True,d,m,1958-05-01 00:00:00,chen,kaixuan,2023-04-04 05:01:00,1958.0,5.0,1.0,125.08,2.9,19910000000000,50.6,100.2,77.0,9.4,59.2,1397715000.0,35.86166,104.195397
905,3200,fashion & retail,brunello cucinelli & family,69.0,italy,solomeo,fashion,fashion & retail,italy,True,u,m,1953-09-03 00:00:00,cucinelli,brunello,2023-04-04 05:01:00,1953.0,9.0,3.0,110.62,0.6,2001244392042,61.9,101.9,82.9,24.3,59.1,60297396.0,41.87194,12.56738
905,3200,manufacturing,antonio del valle ruiz & family,84.0,mexico,mexico city,chemicals,manufacturing,mexico,True,d,m,1938-08-13 00:00:00,del valle ruiz,antonio,2023-04-04 05:01:00,1938.0,8.0,13.0,141.54,3.6,1258286717125,40.2,105.8,75.0,13.1,55.1,126014024.0,23.634501,-102.552784
905,3200,healthcare,gustavo denegri & family,86.0,italy,torino,biotech,healthcare,italy,True,split family fortune,m,1937-03-17 00:00:00,denegri,gustavo,2023-04-04 05:01:00,1937.0,3.0,17.0,110.62,0.6,2001244392042,61.9,101.9,82.9,24.3,59.1,60297396.0,41.87194,12.56738
905,3200,media & entertainment,charles ergen,70.0,united states,denver,satellite tv,media & entertainment,united states,True,d,m,1953-03-01 00:00:00,ergen,charles,2023-04-04 05:01:00,1953.0,3.0,1.0,117.24,7.5,21427700000000,88.2,101.8,78.5,9.6,36.6,328239523.0,37.09024,-95.712891
905,3200,technology,david filo,56.0,united states,palo alto,yahoo,technology,united states,True,d,m,1966-04-15 00:00:00,filo,david,2023-04-04 05:01:00,1966.0,4.0,15.0,117.24,7.5,21427700000000,88.2,101.8,78.5,9.6,36.6,328239523.0,37.09024,-95.712891
905,3200,logistics,lindsay fox,85.0,australia,melbourne,"logistics, real estate",logistics,australia,True,u,m,1937-04-19 00:00:00,fox,lindsay,2023-04-04 05:01:00,1937.0,4.0,19.0,119.8,1.6,1392680589329,113.1,100.3,82.7,23.0,47.4,25766605.0,-25.274398,133.775136
905,3200,fashion & retail,sergei galitsky,55.0,russia,krasnodar,retail,fashion & retail,russia,True,e,m,1967-08-14 00:00:00,galitsky,sergei,2023-04-04 05:01:00,1967.0,8.0,14.0,180.75,4.5,1699876578871,81.9,102.6,72.7,11.4,46.2,144373535.0,61.52401,105.318756
905,3200,technology,senapathy gopalakrishnan,67.0,india,bangalore,software services,technology,india,True,d,m,1955-04-05 00:00:00,gopalakrishnan,senapathy,2023-04-04 05:01:00,1955.0,4.0,5.0,180.44,7.7,2611000000000,28.1,113.0,69.4,11.2,49.7,1366417754.0,20.593684,78.96288
905,3200,fashion & retail,luciano hang,60.0,brazil,brusque,department stores,fashion & retail,brazil,True,d,m,1962-10-11 00:00:00,hang,luciano,2023-04-04 05:01:00,1962.0,10.0,11.0,167.4,3.7,1839758040766,51.3,115.4,75.7,14.2,65.1,212559417.0,-14.235004,-51.92528
905,3200,finance & investments,michael hintze,69.0,united kingdom,london,investment,finance & investments,australia,True,e,m,1953-07-27 00:00:00,hintze,michael,2023-04-04 05:01:00,1953.0,7.0,27.0,119.62,1.7,2827113184696,60.0,101.2,81.3,25.5,30.6,66834405.0,55.378051,-3.435973
905,3200,healthcare,hu baifan,60.0,china,shaoxing,pharmaceuticals,healthcare,china,True,d,m,1962-10-01 00:00:00,hu,baifan,2023-04-04 05:01:00,1962.0,10.0,1.0,125.08,2.9,19910000000000,50.6,100.2,77.0,9.4,59.2,1397715000.0,35.86166,104.195397
905,3200,finance & investments,hamilton james & family,71.0,united states,new york,investments,finance & investments,united states,True,u,m,1951-08-03 00:00:00,james,hamilton,2023-04-04 05:01:00,1951.0,8.0,3.0,117.24,7.5,21427700000000,88.2,101.8,78.5,9.6,36.6,328239523.0,37.09024,-95.712891
905,3200,technology,lee boo-jin,52.0,south korea,seoul,samsung,technology,south korea,False,d,f,1970-10-06 00:00:00,lee,boo-jin,2023-04-04 05:01:00,1970.0,10.0,6.0,115.16,0.4,2029000000000,94.3,98.1,82.6,15.6,33.2,51709098.0,35.907757,127.766922
905,3200,manufacturing,li liangbin,55.0,china,xinyu,lithium,manufacturing,china,True,d,m,1967-09-01 00:00:00,li,liangbin,2023-04-04 05:01:00,1967.0,9.0,1.0,125.08,2.9,19910000000000,50.6,100.2,77.0,9.4,59.2,1397715000.0,35.86166,104.195397
905,3200,manufacturing,liang feng,54.0,china,shanghai,manufacturing,manufacturing,china,True,d,m,1968-11-22 00:00:00,liang,feng,2023-04-04 05:01:00,1968.0,11.0,22.0,125.08,2.9,19910000000000,50.6,100.2,77.0,9.4,59.2,1397715000.0,35.86166,104.195397
905,3200,healthcare,samir mehta,59.0,india,ahmedabad,"pharmaceuticals, power",healthcare,india,False,u,m,1963-09-18 00:00:00,mehta,samir,2023-04-04 05:01:00,1963.0,9.0,18.0,180.44,7.7,2611000000000,28.1,113.0,69.4,11.2,49.7,1366417754.0,20.593684,78.96288
905,3200,healthcare,sudhir mehta,68.0,india,ahmedabad,"pharmaceuticals, power",healthcare,india,False,u,m,1954-04-10 00:00:00,mehta,sudhir,2023-04-04 05:01:00,1954.0,4.0,10.0,180.44,7.7,2611000000000,28.1,113.0,69.4,11.2,49.7,1366417754.0,20.593684,78.96288
905,3200,metals & mining,aristotelis mistakidis,61.0,switzerland,zug,"mining, commodities",metals & mining,greece,True,d,m,1961-11-21 00:00:00,mistakidis,aristotelis,2023-04-04 05:01:00,1961.0,11.0,21.0,99.55,0.4,703082435360,59.6,105.2,83.6,10.1,28.8,8574832.0,46.818188,8.227512
905,3200,real estate,geoffrey palmer,72.0,united states,beverly hills,real estate,real estate,united states,False,n,m,1950-05-11 00:00:00,palmer,geoffrey,2023-04-04 05:01:00,1950.0,5.0,11.0,117.24,7.5,21427700000000,88.2,101.8,78.5,9.6,36.6,328239523.0,37.09024,-95.712891
905,3200,automotive,roger penske,86.0,united states,birmingham,cars,automotive,united states,True,u,m,1937-02-20 00:00:00,penske,roger,2023-04-04 05:01:00,1937.0,2.0,20.0,117.24,7.5,21427700000000,88.2,101.8,78.5,9.6,36.6,328239523.0,37.09024,-95.712891
905,3200,construction & engineering,ravi pillai,69.0,united arab emirates,dubai,construction,construction & engineering,india,True,u,m,1953-09-02 00:00:00,pillai,ravi,2023-04-04 05:01:00,1953.0,9.0,2.0,114.52,-1.9,421142267938,36.8,108.4,77.8,0.1,15.9,9770529.0,23.424076,53.847818
905,3200,finance & investments,david rubenstein,73.0,united states,bethesda,private equity,finance & investments,united states,True,d,m,1949-08-11 00:00:00,rubenstein,david,2023-04-04 05:01:00,1949.0,8.0,11.0,117.24,7.5,21427700000000,88.2,101.8,78.5,9.6,36.6,328239523.0,37.09024,-95.712891
905,3200,food & beverage,hilton schlosberg,70.0,united states,irvine,energy drinks,food & beverage,united kingdom,True,u,m,1953-01-01 00:00:00,schlosberg,hilton,2023-04-04 05:01:00,1953.0,1.0,1.0,117.24,7.5,21427700000000,88.2,101.8,78.5,9.6,36.6,328239523.0,37.09024,-95.712891
905,3200,service,klaus-peter schulenberg,71.0,germany,bremen,ticketing service,service,germany,True,u,m,1951-07-01 00:00:00,schulenberg,klaus-peter,2023-04-04 05:01:00,1951.0,7.0,1.0,112.85,1.4,3845630030824,70.2,104.0,80.9,11.5,48.8,83132799.0,51.165691,10.451526
905,3200,energy,lynn schusterman & family,84.0,united states,tulsa,"oil & gas, investments",energy,united states,False,d,f,1939-01-21 00:00:00,schusterman,lynn,2023-04-04 05:01:00,1939.0,1.0,21.0,117.24,7.5,21427700000000,88.2,101.8,78.5,9.6,36.6,328239523.0,37.09024,-95.712891
905,3200,manufacturing,isabella seràgnoli,77.0,italy,bologna,packaging,manufacturing,italy,False,u,f,1945-12-23 00:00:00,seràgnoli,isabella,2023-04-04 05:01:00,1945.0,12.0,23.0,110.62,0.6,2001244392042,61.9,101.9,82.9,24.3,59.1,60297396.0,41.87194,12.56738
905,3200,fashion & retail,shen guojun,60.0,china,beijing,retail,fashion & retail,china,True,d,m,1962-07-31 00:00:00,shen,guojun,2023-04-04 05:01:00,1962.0,7.0,31.0,125.08,2.9,19910000000000,50.6,100.2,77.0,9.4,59.2,1397715000.0,35.86166,104.195397
905,3200,finance & investments,warren stephens,66.0,united states,little rock,investment banking,finance & investments,united states,False,u,m,1957-02-18 00:00:00,stephens,warren,2023-04-04 05:01:00,1957.0,2.0,18.0,117.24,7.5,21427700000000,88.2,101.8,78.5,9.6,36.6,328239523.0,37.09024,-95.712891
905,3200,healthcare,pat stryker,66.0,united states,fort collins,medical equipment,healthcare,united states,False,u,f,1956-04-06 00:00:00,stryker,pat,2023-04-04 05:01:00,1956.0,4.0,6.0,117.24,7.5,21427700000000,88.2,101.8,78.5,9.6,36.6,328239523.0,37.09024,-95.712891
905,3200,logistics,roman trotsenko,52.0,russia,moscow,"transport, engineering, real estate",logistics,russia,True,r,m,1970-09-12 00:00:00,trotsenko,roman,2023-04-04 05:01:00,1970.0,9.0,12.0,180.75,4.5,1699876578871,81.9,102.6,72.7,11.4,46.2,144373535.0,61.52401,105.318756
905,3200,technology,harald tschira,48.0,germany,heidelberg,software,technology,germany,False,split family fortune,m,1974-04-25 00:00:00,tschira,harald,2023-04-04 05:01:00,1974.0,4.0,25.0,112.85,1.4,3845630030824,70.2,104.0,80.9,11.5,48.8,83132799.0,51.165691,10.451526
905,3200,technology,udo tschira,53.0,germany,wiesloch,software,technology,germany,False,split family fortune,m,1969-09-17 00:00:00,tschira,udo,2023-04-04 05:01:00,1969.0,9.0,17.0,112.85,1.4,3845630030824,70.2,104.0,80.9,11.5,48.8,83132799.0,51.165691,10.451526
905,3200,finance & investments,vincent viola,67.0,united states,new york,electronic trading,finance & investments,united states,True,d,m,1956-02-12 00:00:00,viola,vincent,2023-04-04 05:01:00,1956.0,2.0,12.0,117.24,7.5,21427700000000,88.2,101.8,78.5,9.6,36.6,328239523.0,37.09024,-95.712891
905,3200,food & beverage,wu shaoxun,67.0,china,daye,wine,food & beverage,china,True,d,m,1956-01-01 00:00:00,wu,shaoxun,2023-04-04 05:01:00,1956.0,1.0,1.0,125.08,2.9,19910000000000,50.6,100.2,77.0,9.4,59.2,1397715000.0,35.86166,104.195397
905,3200,gambling & casinos,steve wynn,81.0,united states,palm beach,"casinos, hotels",gambling & casinos,united states,True,d,m,1942-01-27 00:00:00,wynn,steve,2023-04-04 05:01:00,1942.0,1.0,27.0,117.24,7.5,21427700000000,88.2,101.8,78.5,9.6,36.6,328239523.0,37.09024,-95.712891
905,3200,gambling & casinos,jon yarbrough,65.0,united states,franklin,video games,gambling & casinos,united states,True,u,m,1957-05-10 00:00:00,yarbrough,jon,2023-04-04 05:01:00,1957.0,5.0,10.0,117.24,7.5,21427700000000,88.2,101.8,78.5,9.6,36.6,328239523.0,37.09024,-95.712891
905,3200,manufacturing,zhou bajin,87.0,china,changzhou,auto parts,manufacturing,china,True,d,m,1935-05-01 00:00:00,zhou,bajin,2023-04-04 05:01:00,1935.0,5.0,1.0,125.08,2.9,19910000000000,50.6,100.2,77.0,9.4,59.2,1397715000.0,35.86166,104.195397
949,3100,manufacturing,cho tak wong,76.0,china,fuqing,auto parts,manufacturing,hong kong,True,d,m,1946-05-15 00:00:00,cho,tak wong,2023-04-04 05:01:00,1946.0,5.0,15.0,125.08,2.9,19910000000000,50.6,100.2,77.0,9.4,59.2,1397715000.0,35.86166,104.195397
949,3100,gambling & casinos,john coates,53.0,united kingdom,stoke-on-trent,online gambling,gambling & casinos,united kingdom,True,u,m,1970-01-07 00:00:00,coates,john,2023-04-04 05:01:00,1970.0,1.0,7.0,119.62,1.7,2827113184696,60.0,101.2,81.3,25.5,30.6,66834405.0,55.378051,-3.435973
949,3100,finance & investments,ryan cohen,37.0,united states,bal harbour,investments,finance & investments,canada,True,u,m,1985-08-04 00:00:00,cohen,ryan,2023-04-04 05:01:00,1985.0,8.0,4.0,117.24,7.5,21427700000000,88.2,101.8,78.5,9.6,36.6,328239523.0,37.09024,-95.712891
949,3100,food & beverage,deng wen,55.0,china,chengdu,flavorings,food & beverage,china,True,u,m,1968-03-01 00:00:00,deng,wen,2023-04-04 05:01:00,1968.0,3.0,1.0,125.08,2.9,19910000000000,50.6,100.2,77.0,9.4,59.2,1397715000.0,35.86166,104.195397
949,3100,manufacturing,gurbachan singh dhingra,72.0,india,delhi,paints,manufacturing,india,True,d,m,1950-04-09 00:00:00,dhingra,gurbachan singh,2023-04-04 05:01:00,1950.0,4.0,9.0,180.44,7.7,2611000000000,28.1,113.0,69.4,11.2,49.7,1366417754.0,20.593684,78.96288
949,3100,manufacturing,kuldip singh dhingra,75.0,india,delhi,paints,manufacturing,india,True,d,m,1947-09-02 00:00:00,dhingra,kuldip singh,2023-04-04 05:01:00,1947.0,9.0,2.0,180.44,7.7,2611000000000,28.1,113.0,69.4,11.2,49.7,1366417754.0,20.593684,78.96288
949,3100,finance & investments,martin ebner,77.0,switzerland,wilen,investments,finance & investments,switzerland,True,d,m,1945-08-01 00:00:00,ebner,martin,2023-04-04 05:01:00,1945.0,8.0,1.0,99.55,0.4,703082435360,59.6,105.2,83.6,10.1,28.8,8574832.0,46.818188,8.227512
949,3100,manufacturing,charles edelstenne,85.0,france,paris,aviation,manufacturing,france,True,d,m,1938-01-03 00:00:00,edelstenne,charles,2023-04-04 05:01:00,1938.0,1.0,3.0,110.05,1.1,2715518274227,65.6,102.5,82.5,24.2,60.7,67059887.0,46.227638,2.213749
949,3100,real estate,sergei gordeev,50.0,russia,moscow,real estate,real estate,russia,True,u,m,1972-11-22 00:00:00,gordeev,sergei,2023-04-04 05:01:00,1972.0,11.0,22.0,180.75,4.5,1699876578871,81.9,102.6,72.7,11.4,46.2,144373535.0,61.52401,105.318756
949,3100,media & entertainment,jeff t. green,46.0,united states,newbury park,digital advertising,media & entertainment,united states,True,d,m,1977-03-30 00:00:00,green,jeff t.,2023-04-04 05:01:00,1977.0,3.0,30.0,117.24,7.5,21427700000000,88.2,101.8,78.5,9.6,36.6,328239523.0,37.09024,-95.712891
949,3100,technology,reed hastings,62.0,united states,santa cruz,netflix,technology,united states,True,d,m,1960-10-08 00:00:00,hastings,reed,2023-04-04 05:01:00,1960.0,10.0,8.0,117.24,7.5,21427700000000,88.2,101.8,78.5,9.6,36.6,328239523.0,37.09024,-95.712891
949,3100,service,bertil hult,82.0,switzerland,lucerne,education,service,sweden,True,d,m,1941-02-10 00:00:00,hult,bertil,2023-04-04 05:01:00,1941.0,2.0,10.0,99.55,0.4,703082435360,59.6,105.2,83.6,10.1,28.8,8574832.0,46.818188,8.227512
949,3100,fashion & retail,miguel krigsner,73.0,brazil,sao jose dos pinhais,cosmetics,fashion & retail,brazil,True,d,m,1950-01-09 00:00:00,krigsner,miguel,2023-04-04 05:01:00,1950.0,1.0,9.0,167.4,3.7,1839758040766,51.3,115.4,75.7,14.2,65.1,212559417.0,-14.235004,-51.92528
949,3100,manufacturing,kuok khoon hong,73.0,singapore,singapore,palm oil,manufacturing,singapore,False,d,m,1950-01-01 00:00:00,kuok,khoon hong,2023-04-04 05:01:00,1950.0,1.0,1.0,114.41,0.6,372062527489,84.8,100.6,83.1,13.1,21.0,5703569.0,1.352083,103.819836
949,3100,fashion & retail,aerin lauder,52.0,united states,new york,estee lauder,fashion & retail,united states,False,d,f,1970-04-23 00:00:00,lauder,aerin,2023-04-04 05:01:00,1970.0,4.0,23.0,117.24,7.5,21427700000000,88.2,101.8,78.5,9.6,36.6,328239523.0,37.09024,-95.712891
949,3100,food & beverage,sheldon lavin,90.0,united states,highland park,meat processing,food & beverage,united states,True,u,m,1932-06-17 00:00:00,lavin,sheldon,2023-04-04 05:01:00,1932.0,6.0,17.0,117.24,7.5,21427700000000,88.2,101.8,78.5,9.6,36.6,328239523.0,37.09024,-95.712891
949,3100,manufacturing,yin yee lee,71.0,hong kong,hong kong,glass,manufacturing,china,True,d,m,1952-01-01 00:00:00,lee,yin yee,2023-04-04 05:01:00,1952.0,1.0,1.0,117.24,2.9,21427700000000,65.6,101.8,78.5,9.6,41.2,328239523.0,37.09024,10.451526
949,3100,manufacturing,vladimir litvinenko & family,67.0,russia,saint petersburg,chemical industry,manufacturing,russia,True,r,m,1955-08-14 00:00:00,litvinenko,vladimir,2023-04-04 05:01:00,1955.0,8.0,14.0,180.75,4.5,1699876578871,81.9,102.6,72.7,11.4,46.2,144373535.0,61.52401,105.318756
949,3100,metals & mining,daniel mate,59.0,switzerland,kanton schwyz,"mining, commodities",metals & mining,spain,True,d,m,1963-06-02 00:00:00,mate,daniel,2023-04-04 05:01:00,1963.0,6.0,2.0,99.55,0.4,703082435360,59.6,105.2,83.6,10.1,28.8,8574832.0,46.818188,8.227512
949,3100,fashion & retail,ravi modi,46.0,india,kolkata,readymade garments,fashion & retail,india,True,u,m,1977-03-13 00:00:00,modi,ravi,2023-04-04 05:01:00,1977.0,3.0,13.0,180.44,7.7,2611000000000,28.1,113.0,69.4,11.2,49.7,1366417754.0,20.593684,78.96288
949,3100,diversified,farhad moshiri,67.0,monaco,monaco,diversified,diversified,united kingdom,True,u,m,1955-05-18 00:00:00,moshiri,farhad,2023-04-04 05:01:00,1955.0,5.0,18.0,117.24,2.9,7184844193,65.6,101.8,78.5,9.6,41.2,38964.0,43.7384176,7.4246158
949,3100,finance & investments,jonathan nelson,66.0,united states,providence,private equity,finance & investments,united states,True,u,m,1956-05-18 00:00:00,nelson,jonathan,2023-04-04 05:01:00,1956.0,5.0,18.0,117.24,7.5,21427700000000,88.2,101.8,78.5,9.6,36.6,328239523.0,37.09024,-95.712891
949,3100,real estate,or wai sheun,71.0,hong kong,hong kong,real estate,real estate,hong kong,True,d,m,1951-06-01 00:00:00,or,wai sheun,2023-04-04 05:01:00,1951.0,6.0,1.0,117.24,2.9,21427700000000,65.6,101.8,78.5,9.6,41.2,328239523.0,37.09024,10.451526
949,3100,real estate,katharina otto-bernstein,59.0,united states,new york,real estate,real estate,germany,False,d,f,1964-01-01 00:00:00,otto-bernstein,katharina,2023-04-04 05:01:00,1964.0,1.0,1.0,117.24,7.5,21427700000000,88.2,101.8,78.5,9.6,36.6,328239523.0,37.09024,-95.712891
949,3100,finance & investments,penny pritzker,63.0,united states,chicago,"hotels, investments",finance & investments,united states,False,d,f,1959-05-02 00:00:00,pritzker,penny,2023-04-04 05:01:00,1959.0,5.0,2.0,117.24,7.5,21427700000000,88.2,101.8,78.5,9.6,36.6,328239523.0,37.09024,-95.712891
949,3100,diversified,theodore rachmat,79.0,indonesia,jakarta,diversified,diversified,indonesia,False,d,m,1943-12-15 00:00:00,rachmat,theodore,2023-04-04 05:01:00,1943.0,12.0,15.0,151.18,3.0,1119190780753,36.3,106.4,71.5,10.2,30.1,270203917.0,-0.789275,113.921327
949,3100,fashion & retail,renzo rosso & family,67.0,italy,bassano del grappa,fashion,fashion & retail,italy,True,d,m,1955-09-15 00:00:00,rosso,renzo,2023-04-04 05:01:00,1955.0,9.0,15.0,110.62,0.6,2001244392042,61.9,101.9,82.9,24.3,59.1,60297396.0,41.87194,12.56738
949,3100,media & entertainment,friede springer,80.0,germany,berlin,publishing,media & entertainment,germany,False,d,f,1942-08-15 00:00:00,springer,friede,2023-04-04 05:01:00,1942.0,8.0,15.0,112.85,1.4,3845630030824,70.2,104.0,80.9,11.5,48.8,83132799.0,51.165691,10.451526
949,3100,real estate,rita tong liu,74.0,hong kong,hong kong,real estate,real estate,hong kong,True,d,f,1948-06-29 00:00:00,tong liu,rita,2023-04-04 05:01:00,1948.0,6.0,29.0,117.24,2.9,21427700000000,65.6,101.8,78.5,9.6,41.2,328239523.0,37.09024,10.451526
949,3100,finance & investments,timur turlov,35.0,kazakhstan,almaty,stock brokerage,finance & investments,kazakhstan,True,u,m,1987-11-13 00:00:00,turlov,timur,2023-04-04 05:01:00,1987.0,11.0,13.0,182.75,5.2,180161741180,61.7,104.4,73.2,11.7,28.4,18513930.0,48.019573,66.923684
949,3100,fashion & retail,frank vandersloot,74.0,united states,idaho falls,"nutrition, wellness products",fashion & retail,united states,True,u,m,1948-08-14 00:00:00,vandersloot,frank,2023-04-04 05:01:00,1948.0,8.0,14.0,117.24,7.5,21427700000000,88.2,101.8,78.5,9.6,36.6,328239523.0,37.09024,-95.712891
949,3100,media & entertainment,yoo jung-hyun,53.0,south korea,jeju-do,online games,media & entertainment,south korea,True,u,f,1969-04-16 00:00:00,yoo,jung-hyun,2023-04-04 05:01:00,1969.0,4.0,16.0,115.16,0.4,2029000000000,94.3,98.1,82.6,15.6,33.2,51709098.0,35.907757,127.766922
982,3000,diversified,semahat sevim arsel,94.0,turkey,istanbul,diversified,diversified,turkey,False,u,f,1928-09-08 00:00:00,arsel,semahat sevim,2023-04-04 05:01:00,1928.0,9.0,8.0,234.44,15.2,754411708203,23.9,93.2,77.4,17.9,42.3,83429615.0,38.963745,35.243322
982,3000,real estate,nicolas berggruen,61.0,united states,beverly hills,"real estate, investments",real estate,united states,False,u,m,1961-08-10 00:00:00,berggruen,nicolas,2023-04-04 05:01:00,1961.0,8.0,10.0,117.24,7.5,21427700000000,88.2,101.8,78.5,9.6,36.6,328239523.0,37.09024,-95.712891
982,3000,energy,george bishop,85.0,united states,the woodlands,oil & gas,energy,united states,True,u,m,1937-10-06 00:00:00,bishop,george,2023-04-04 05:01:00,1937.0,10.0,6.0,117.24,7.5,21427700000000,88.2,101.8,78.5,9.6,36.6,328239523.0,37.09024,-95.712891
982,3000,automotive,norman braman,90.0,united states,miami,"art, car dealerships",automotive,united states,True,u,m,1932-08-22 00:00:00,braman,norman,2023-04-04 05:01:00,1932.0,8.0,22.0,117.24,7.5,21427700000000,88.2,101.8,78.5,9.6,36.6,328239523.0,37.09024,-95.712891
982,3000,technology,eva maria bucher-haefner,66.0,switzerland,zurich,"software, investments",technology,switzerland,False,e,f,1957-01-01 00:00:00,bucher-haefner,eva maria,2023-04-04 05:01:00,1957.0,1.0,1.0,99.55,0.4,703082435360,59.6,105.2,83.6,10.1,28.8,8574832.0,46.818188,8.227512
982,3000,healthcare,cai dongchen,70.0,china,luancheng,pharmaceuticals,healthcare,china,True,d,m,1953-02-01 00:00:00,cai,dongchen,2023-04-04 05:01:00,1953.0,2.0,1.0,125.08,2.9,19910000000000,50.6,100.2,77.0,9.4,59.2,1397715000.0,35.86166,104.195397
982,3000,food & beverage,jean-pierre cayard,80.0,france,paris,spirits,food & beverage,france,False,u,m,1943-01-01 00:00:00,cayard,jean-pierre,2023-04-04 05:01:00,1943.0,1.0,1.0,110.05,1.1,2715518274227,65.6,102.5,82.5,24.2,60.7,67059887.0,46.227638,2.213749
982,3000,fashion & retail,todd christopher,60.0,united states,clearwater,hair care products,fashion & retail,united states,True,e,m,1962-10-08 00:00:00,christopher,todd,2023-04-04 05:01:00,1962.0,10.0,8.0,117.24,7.5,21427700000000,88.2,101.8,78.5,9.6,36.6,328239523.0,37.09024,-95.712891
982,3000,real estate,mang yee chu & family,63.0,china,guangzhou,real estate,real estate,china,True,d,m,1960-01-01 00:00:00,chu,mang yee,2023-04-04 05:01:00,1960.0,1.0,1.0,125.08,2.9,19910000000000,50.6,100.2,77.0,9.4,59.2,1397715000.0,35.86166,104.195397
982,3000,finance & investments,"william conway, jr.",73.0,united states,mclean,private equity,finance & investments,united states,True,d,m,1949-08-27 00:00:00,conway,william,2023-04-04 05:01:00,1949.0,8.0,27.0,117.24,7.5,21427700000000,88.2,101.8,78.5,9.6,36.6,328239523.0,37.09024,-95.712891
982,3000,fashion & retail,jean coutu & family,95.0,canada,montreal,drugstores,fashion & retail,canada,True,d,m,1927-05-29 00:00:00,coutu,jean,2023-04-04 05:01:00,1927.0,5.0,29.0,116.76,1.9,1736425629520,68.9,100.9,81.9,12.8,24.5,36991981.0,56.130366,-106.346771
982,3000,real estate,"edward debartolo, jr.",76.0,united states,tampa,shopping centers,real estate,united states,False,u,m,1946-11-06 00:00:00,debartolo,edward,2023-04-04 05:01:00,1946.0,11.0,6.0,117.24,7.5,21427700000000,88.2,101.8,78.5,9.6,36.6,328239523.0,37.09024,-95.712891
982,3000,finance & investments,stephen deckoff,57.0,united states,st. john,private equity,finance & investments,united states,True,n,m,1965-11-04 00:00:00,deckoff,stephen,2023-04-04 05:01:00,1965.0,11.0,4.0,117.24,7.5,21427700000000,88.2,101.8,78.5,9.6,36.6,328239523.0,37.09024,-95.712891
982,3000,metals & mining,feng hailiang,62.0,china,zhuji,"copper, education",metals & mining,china,True,u,m,1960-10-01 00:00:00,feng,hailiang,2023-04-04 05:01:00,1960.0,10.0,1.0,125.08,2.9,19910000000000,50.6,100.2,77.0,9.4,59.2,1397715000.0,35.86166,104.195397
982,3000,automotive,"ernest garcia, ii.",65.0,united states,tempe,used cars,automotive,united states,True,d,m,1957-05-21 00:00:00,garcia,ernest,2023-04-04 05:01:00,1957.0,5.0,21.0,117.24,7.5,21427700000000,88.2,101.8,78.5,9.6,36.6,328239523.0,37.09024,-95.712891
982,3000,food & beverage,sam goi,76.0,singapore,singapore,frozen foods,food & beverage,singapore,True,u,m,1946-12-28 00:00:00,goi,sam,2023-04-04 05:01:00,1946.0,12.0,28.0,114.41,0.6,372062527489,84.8,100.6,83.1,13.1,21.0,5703569.0,1.352083,103.819836
982,3000,diversified,carlos hank rhon,75.0,mexico,mexico city,banking,diversified,mexico,False,u,m,1947-12-10 00:00:00,hank rhon,carlos,2023-04-04 05:01:00,1947.0,12.0,10.0,141.54,3.6,1258286717125,40.2,105.8,75.0,13.1,55.1,126014024.0,23.634501,-102.552784
982,3000,manufacturing,susan carol holland,66.0,italy,milan,hearing aids,manufacturing,italy,False,d,f,1956-05-27 00:00:00,holland,susan carol,2023-04-04 05:01:00,1956.0,5.0,27.0,110.62,0.6,2001244392042,61.9,101.9,82.9,24.3,59.1,60297396.0,41.87194,12.56738
982,3000,real estate,hui ka yan,64.0,china,shenzhen,real estate,real estate,china,True,d,m,1958-10-01 00:00:00,hui,ka yan,2023-04-04 05:01:00,1958.0,10.0,1.0,125.08,2.9,19910000000000,50.6,100.2,77.0,9.4,59.2,1397715000.0,35.86166,104.195397
982,3000,manufacturing,vivek jain,67.0,india,delhi,chemicals,manufacturing,india,False,u,m,1955-08-30 00:00:00,jain,vivek,2023-04-04 05:01:00,1955.0,8.0,30.0,180.44,7.7,2611000000000,28.1,113.0,69.4,11.2,49.7,1366417754.0,20.593684,78.96288
982,3000,fashion & retail,friedrich knapp,71.0,germany,brunswick,fashion retail,fashion & retail,germany,True,d,m,1951-05-06 00:00:00,knapp,friedrich,2023-04-04 05:01:00,1951.0,5.0,6.0,112.85,1.4,3845630030824,70.2,104.0,80.9,11.5,48.8,83132799.0,51.165691,10.451526
982,3000,healthcare,egor kulkov,51.0,switzerland,grimisuat,pharmaceuticals,healthcare,russia,True,u,m,1971-12-07 00:00:00,kulkov,egor,2023-04-04 05:01:00,1971.0,12.0,7.0,99.55,0.4,703082435360,59.6,105.2,83.6,10.1,28.8,8574832.0,46.818188,8.227512
982,3000,fashion & retail,lin ming-hsiung,73.0,taiwan,taipei,supermarkets,fashion & retail,taiwan,True,d,m,1950-01-01 00:00:00,lin,ming-hsiung,2023-04-04 05:01:00,1950.0,1.0,1.0,117.24,2.9,21427700000000,65.6,101.8,78.5,9.6,41.2,328239523.0,37.09024,10.451526
982,3000,technology,lin xiucheng & family,67.0,china,xiamen,electronics,technology,china,True,d,m,1955-10-10 00:00:00,lin,xiucheng,2023-04-04 05:01:00,1955.0,10.0,10.0,125.08,2.9,19910000000000,50.6,100.2,77.0,9.4,59.2,1397715000.0,35.86166,104.195397
982,3000,food & beverage,harsh mariwala,71.0,india,mumbai,consumer goods,food & beverage,india,False,d,m,1951-05-14 00:00:00,mariwala,harsh,2023-04-04 05:01:00,1951.0,5.0,14.0,180.44,7.7,2611000000000,28.1,113.0,69.4,11.2,49.7,1366417754.0,20.593684,78.96288
982,3000,healthcare,gilles martin,59.0,france,nantes,laboratory services,healthcare,france,True,d,m,1963-10-20 00:00:00,martin,gilles,2023-04-04 05:01:00,1963.0,10.0,20.0,110.05,1.1,2715518274227,65.6,102.5,82.5,24.2,60.7,67059887.0,46.227638,2.213749
982,3000,healthcare,maja oeri,68.0,switzerland,basel,pharmaceuticals,healthcare,switzerland,False,d,f,1955-01-01 00:00:00,oeri,maja,2023-04-04 05:01:00,1955.0,1.0,1.0,99.55,0.4,703082435360,59.6,105.2,83.6,10.1,28.8,8574832.0,46.818188,8.227512
982,3000,finance & investments,john paulson,67.0,united states,new york,hedge funds,finance & investments,united states,True,d,m,1955-12-14 00:00:00,paulson,john,2023-04-04 05:01:00,1955.0,12.0,14.0,117.24,7.5,21427700000000,88.2,101.8,78.5,9.6,36.6,328239523.0,37.09024,-95.712891
982,3000,healthcare,ajay piramal,67.0,india,mumbai,pharmaceuticals,healthcare,india,False,d,m,1955-08-03 00:00:00,piramal,ajay,2023-04-04 05:01:00,1955.0,8.0,3.0,180.44,7.7,2611000000000,28.1,113.0,69.4,11.2,49.7,1366417754.0,20.593684,78.96288
982,3000,fashion & retail,guanghe qiu & family,71.0,china,wenzhou,fashion retail,fashion & retail,china,True,d,m,1951-11-10 00:00:00,qiu,guanghe,2023-04-04 05:01:00,1951.0,11.0,10.0,125.08,2.9,19910000000000,50.6,100.2,77.0,9.4,59.2,1397715000.0,35.86166,104.195397
982,3000,fashion & retail,stephen rubin,86.0,united kingdom,london,sports apparel,fashion & retail,united kingdom,False,r,m,1937-03-12 00:00:00,rubin,stephen,2023-04-04 05:01:00,1937.0,3.0,12.0,119.62,1.7,2827113184696,60.0,101.2,81.3,25.5,30.6,66834405.0,55.378051,-3.435973
982,3000,food & beverage,robert sands,64.0,united states,delray beach,liquor,food & beverage,united states,False,split family fortune,m,1958-06-10 00:00:00,sands,robert,2023-04-04 05:01:00,1958.0,6.0,10.0,117.24,7.5,21427700000000,88.2,101.8,78.5,9.6,36.6,328239523.0,37.09024,-95.712891
982,3000,real estate,erik selin,55.0,sweden,göteborg,real estate,real estate,sweden,True,d,m,1967-05-08 00:00:00,selin,erik,2023-04-04 05:01:00,1967.0,5.0,8.0,110.51,1.8,530832908738,67.0,126.6,82.5,27.9,49.1,10285453.0,60.128161,18.643501
982,3000,food & beverage,yonghong shi & family,54.0,china,chengdu,restaurants,food & beverage,china,True,d,m,1969-01-01 00:00:00,shi,yonghong,2023-04-04 05:01:00,1969.0,1.0,1.0,125.08,2.9,19910000000000,50.6,100.2,77.0,9.4,59.2,1397715000.0,35.86166,104.195397
982,3000,manufacturing,martua sitorus,63.0,singapore,singapore,palm oil,manufacturing,indonesia,True,u,m,1960-02-18 00:00:00,sitorus,martua,2023-04-04 05:01:00,1960.0,2.0,18.0,114.41,0.6,372062527489,84.8,100.6,83.1,13.1,21.0,5703569.0,1.352083,103.819836
982,3000,diversified,guangxin sun,60.0,china,urumqi,diversified,diversified,china,True,u,m,1962-12-01 00:00:00,sun,guangxin,2023-04-04 05:01:00,1962.0,12.0,1.0,125.08,2.9,19910000000000,50.6,100.2,77.0,9.4,59.2,1397715000.0,35.86166,104.195397
982,3000,diversified,sukanto tanoto,73.0,singapore,singapore,diversified,diversified,indonesia,True,u,m,1949-12-25 00:00:00,tanoto,sukanto,2023-04-04 05:01:00,1949.0,12.0,25.0,114.41,0.6,372062527489,84.8,100.6,83.1,13.1,21.0,5703569.0,1.352083,103.819836
982,3000,service,sunny varkey,65.0,united arab emirates,dubai,education,service,india,False,u,m,1957-04-09 00:00:00,varkey,sunny,2023-04-04 05:01:00,1957.0,4.0,9.0,114.52,-1.9,421142267938,36.8,108.4,77.8,0.1,15.9,9770529.0,23.424076,53.847818
982,3000,media & entertainment,gang ye,42.0,singapore,singapore,gaming,media & entertainment,singapore,True,d,m,1980-06-01 00:00:00,ye,gang,2023-04-04 05:01:00,1980.0,6.0,1.0,114.41,0.6,372062527489,84.8,100.6,83.1,13.1,21.0,5703569.0,1.352083,103.819836
982,3000,healthcare,ye xiaoping,60.0,china,hangzhou,pharmaceuticals,healthcare,china,True,u,m,1963-02-01 00:00:00,ye,xiaoping,2023-04-04 05:01:00,1963.0,2.0,1.0,125.08,2.9,19910000000000,50.6,100.2,77.0,9.4,59.2,1397715000.0,35.86166,104.195397
982,3000,finance & investments,lei zhang,50.0,hong kong,hong kong,investments,finance & investments,china,True,e,m,1972-12-01 00:00:00,zhang,lei,2023-04-04 05:01:00,1972.0,12.0,1.0,117.24,2.9,21427700000000,65.6,101.8,78.5,9.6,41.2,328239523.0,37.09024,10.451526
982,3000,manufacturing,zhu gongshan & family,65.0,china,shanghai,solar panel materials,manufacturing,china,True,d,m,1958-01-01 00:00:00,zhu,gongshan,2023-04-04 05:01:00,1958.0,1.0,1.0,125.08,2.9,19910000000000,50.6,100.2,77.0,9.4,59.2,1397715000.0,35.86166,104.195397
1027,2900,fashion & retail,isak andic & family,69.0,spain,barcelona,fashion retail,fashion & retail,spain,True,u,m,1953-10-20 00:00:00,andic,isak,2023-04-04 05:01:00,1953.0,10.0,20.0,110.96,0.7,1394116310769,88.9,102.7,83.3,14.2,47.0,47076781.0,40.463667,-3.74922
1027,2900,automotive,alberto bombassei,82.0,italy,bergamo,automotive brakes,automotive,italy,False,u,m,1940-10-05 00:00:00,bombassei,alberto,2023-04-04 05:01:00,1940.0,10.0,5.0,110.62,0.6,2001244392042,61.9,101.9,82.9,24.3,59.1,60297396.0,41.87194,12.56738
1027,2900,healthcare,cao longxiang & family,65.0,china,taixing,pharmaceuticals,healthcare,china,True,e,m,1957-09-05 00:00:00,cao,longxiang,2023-04-04 05:01:00,1957.0,9.0,5.0,125.08,2.9,19910000000000,50.6,100.2,77.0,9.4,59.2,1397715000.0,35.86166,104.195397
1027,2900,real estate,"roy carroll, ii.",60.0,united states,greensboro,real estate,real estate,united states,True,n,m,1962-11-01 00:00:00,carroll,roy,2023-04-04 05:01:00,1962.0,11.0,1.0,117.24,7.5,21427700000000,88.2,101.8,78.5,9.6,36.6,328239523.0,37.09024,-95.712891
1027,2900,telecom,john caudwell,70.0,united kingdom,stoke-on-trent,mobile phones,telecom,united kingdom,True,d,m,1952-10-01 00:00:00,caudwell,john,2023-04-04 05:01:00,1952.0,10.0,1.0,119.62,1.7,2827113184696,60.0,101.2,81.3,25.5,30.6,66834405.0,55.378051,-3.435973
1027,2900,technology,james clark,79.0,united states,palm beach,"netscape, investments",technology,united states,True,d,m,1944-03-23 00:00:00,clark,james,2023-04-04 05:01:00,1944.0,3.0,23.0,117.24,7.5,21427700000000,88.2,101.8,78.5,9.6,36.6,328239523.0,37.09024,-95.712891
1027,2900,fashion & retail,jacques d'amours,66.0,canada,montreal,convenience stores,fashion & retail,canada,True,u,m,1956-12-08 00:00:00,d'amours,jacques,2023-04-04 05:01:00,1956.0,12.0,8.0,116.76,1.9,1736425629520,68.9,100.9,81.9,12.8,24.5,36991981.0,56.130366,-106.346771
1027,2900,fashion & retail,john paul dejoria,78.0,united states,austin,"hair products, tequila",fashion & retail,united states,True,u,m,1944-04-13 00:00:00,dejoria,john paul,2023-04-04 05:01:00,1944.0,4.0,13.0,117.24,7.5,21427700000000,88.2,101.8,78.5,9.6,36.6,328239523.0,37.09024,-95.712891
1027,2900,sports,bernard ecclestone & family,92.0,united kingdom,london,formula one,sports,united kingdom,True,d,m,1930-10-28 00:00:00,ecclestone,bernard,2023-04-04 05:01:00,1930.0,10.0,28.0,119.62,1.7,2827113184696,60.0,101.2,81.3,25.5,30.6,66834405.0,55.378051,-3.435973
1027,2900,technology,michael federmann & family,79.0,israel,tel aviv,"defense, hotels",technology,israel,True,d,m,1943-09-09 00:00:00,federmann,michael,2023-04-04 05:01:00,1943.0,9.0,9.0,108.15,0.8,395098666122,63.4,104.9,82.8,23.1,25.3,9053300.0,31.046051,34.851612
1027,2900,media & entertainment,kenneth feld & family,74.0,united states,sarasota,live entertainment,media & entertainment,united states,False,u,m,1948-10-31 00:00:00,feld,kenneth,2023-04-04 05:01:00,1948.0,10.0,31.0,117.24,7.5,21427700000000,88.2,101.8,78.5,9.6,36.6,328239523.0,37.09024,-95.712891
1027,2900,manufacturing,gu yuhua & family,73.0,china,hangzhou,furniture,manufacturing,china,True,d,m,1949-10-05 00:00:00,gu,yuhua,2023-04-04 05:01:00,1949.0,10.0,5.0,125.08,2.9,19910000000000,50.6,100.2,77.0,9.4,59.2,1397715000.0,35.86166,104.195397
1027,2900,construction & engineering,otto happel,75.0,switzerland,luzerne,engineering,construction & engineering,germany,False,d,m,1948-02-09 00:00:00,happel,otto,2023-04-04 05:01:00,1948.0,2.0,9.0,99.55,0.4,703082435360,59.6,105.2,83.6,10.1,28.8,8574832.0,46.818188,8.227512
1027,2900,healthcare,gudrun heine,68.0,germany,ohningen,medical devices,healthcare,germany,False,d,f,1954-10-19 00:00:00,heine,gudrun,2023-04-04 05:01:00,1954.0,10.0,19.0,112.85,1.4,3845630030824,70.2,104.0,80.9,11.5,48.8,83132799.0,51.165691,10.451526
1027,2900,real estate,donald horton & family,73.0,united states,fort worth,homebuilding,real estate,united states,True,u,m,1950-03-05 00:00:00,horton,donald,2023-04-04 05:01:00,1950.0,3.0,5.0,117.24,7.5,21427700000000,88.2,101.8,78.5,9.6,36.6,328239523.0,37.09024,-95.712891
1027,2900,real estate,zarakh iliev,56.0,russia,moscow,real estate,real estate,russia,True,u,m,1966-09-09 00:00:00,iliev,zarakh,2023-04-04 05:01:00,1966.0,9.0,9.0,180.75,4.5,1699876578871,81.9,102.6,72.7,11.4,46.2,144373535.0,61.52401,105.318756
1027,2900,diversified,ipek kirac,38.0,turkey,istanbul,diversified,diversified,turkey,False,u,f,1984-11-28 00:00:00,kirac,ipek,2023-04-04 05:01:00,1984.0,11.0,28.0,234.44,15.2,754411708203,23.9,93.2,77.4,17.9,42.3,83429615.0,38.963745,35.243322
1027,2900,technology,lee seo-hyun,49.0,south korea,seoul,samsung,technology,south korea,False,d,f,1973-09-20 00:00:00,lee,seo-hyun,2023-04-04 05:01:00,1973.0,9.0,20.0,115.16,0.4,2029000000000,94.3,98.1,82.6,15.6,33.2,51709098.0,35.907757,127.766922
1027,2900,healthcare,li jianquan & family,66.0,china,shenzhen,consumer products,healthcare,hong kong,True,d,m,1957-01-01 00:00:00,li,jianquan,2023-04-04 05:01:00,1957.0,1.0,1.0,125.08,2.9,19910000000000,50.6,100.2,77.0,9.4,59.2,1397715000.0,35.86166,104.195397
1027,2900,healthcare,li li,57.0,china,changsha,healthcare,healthcare,china,True,u,m,1965-09-01 00:00:00,li,li,2023-04-04 05:01:00,1965.0,9.0,1.0,125.08,2.9,19910000000000,50.6,100.2,77.0,9.4,59.2,1397715000.0,35.86166,104.195397
1027,2900,manufacturing,li xiaohua & family,61.0,china,yuxi,packaging,manufacturing,china,True,d,m,1962-01-01 00:00:00,li,xiaohua,2023-04-04 05:01:00,1962.0,1.0,1.0,125.08,2.9,19910000000000,50.6,100.2,77.0,9.4,59.2,1397715000.0,35.86166,104.195397
1027,2900,manufacturing,liu xiaodong,55.0,china,shanghai,flavorings,manufacturing,china,True,u,m,1967-07-03 00:00:00,liu,xiaodong,2023-04-04 05:01:00,1967.0,7.0,3.0,125.08,2.9,19910000000000,50.6,100.2,77.0,9.4,59.2,1397715000.0,35.86166,104.195397
1027,2900,technology,martin lorentzon,54.0,sweden,stockholm,spotify,technology,sweden,True,e,m,1969-04-01 00:00:00,lorentzon,martin,2023-04-04 05:01:00,1969.0,4.0,1.0,110.51,1.8,530832908738,67.0,126.6,82.5,27.9,49.1,10285453.0,60.128161,18.643501
1027,2900,energy,ronald mcaulay,87.0,hong kong,hong kong,energy,energy,hong kong,False,d,m,1935-10-05 00:00:00,mcaulay,ronald,2023-04-04 05:01:00,1935.0,10.0,5.0,117.24,2.9,21427700000000,65.6,101.8,78.5,9.6,41.2,328239523.0,37.09024,10.451526
1027,2900,fashion & retail,erwin franz mueller,90.0,germany,ulm,drugstores,fashion & retail,germany,True,u,m,1932-08-09 00:00:00,mueller,erwin franz,2023-04-04 05:01:00,1932.0,8.0,9.0,112.85,1.4,3845630030824,70.2,104.0,80.9,11.5,48.8,83132799.0,51.165691,10.451526
1027,2900,technology,georg nemetschek & family,89.0,germany,munich,software,technology,germany,True,d,m,1934-01-01 00:00:00,nemetschek,georg,2023-04-04 05:01:00,1934.0,1.0,1.0,112.85,1.4,3845630030824,70.2,104.0,80.9,11.5,48.8,83132799.0,51.165691,10.451526
1027,2900,real estate,god nisanov,50.0,russia,moscow,real estate,real estate,russia,True,u,m,1972-04-24 00:00:00,nisanov,god,2023-04-04 05:01:00,1972.0,4.0,24.0,180.75,4.5,1699876578871,81.9,102.6,72.7,11.4,46.2,144373535.0,61.52401,105.318756
1027,2900,real estate,vikas oberoi,52.0,india,mumbai,real estate,real estate,india,False,d,m,1970-09-08 00:00:00,oberoi,vikas,2023-04-04 05:01:00,1970.0,9.0,8.0,180.44,7.7,2611000000000,28.1,113.0,69.4,11.2,49.7,1366417754.0,20.593684,78.96288
1027,2900,energy,gregorio perez companc & family,87.0,argentina,buenos aires,oil & gas,energy,argentina,True,u,m,1935-08-23 00:00:00,perez companc,gregorio,2023-04-04 05:01:00,1935.0,8.0,23.0,232.75,53.5,449663446954,90.0,109.7,76.5,10.1,106.3,44938712.0,-38.416097,-63.616672
1027,2900,finance & investments,sebastian piñera & family,73.0,chile,santiago,investments,finance & investments,chile,True,u,m,1949-12-01 00:00:00,piñera,sebastian,2023-04-04 05:01:00,1949.0,12.0,1.0,131.91,2.6,282318159745,88.5,101.4,80.0,18.2,34.0,18952038.0,-35.675147,-71.542969
1027,2900,automotive,arvind poddar,65.0,india,mumbai,tires,automotive,india,False,d,m,1957-11-07 00:00:00,poddar,arvind,2023-04-04 05:01:00,1957.0,11.0,7.0,180.44,7.7,2611000000000,28.1,113.0,69.4,11.2,49.7,1366417754.0,20.593684,78.96288
1027,2900,healthcare,alexey repik,43.0,russia,moscow,pharmaceuticals,healthcare,russia,True,u,m,1979-08-27 00:00:00,repik,alexey,2023-04-04 05:01:00,1979.0,8.0,27.0,180.75,4.5,1699876578871,81.9,102.6,72.7,11.4,46.2,144373535.0,61.52401,105.318756
1027,2900,media & entertainment,haim saban,78.0,united states,beverly hills,"tv network, investments",media & entertainment,united states,True,d,m,1944-10-15 00:00:00,saban,haim,2023-04-04 05:01:00,1944.0,10.0,15.0,117.24,7.5,21427700000000,88.2,101.8,78.5,9.6,36.6,328239523.0,37.09024,-95.712891
1027,2900,food & beverage,rodney sacks,73.0,united states,laguna beach,energy drinks,food & beverage,united states,True,u,m,1949-12-24 00:00:00,sacks,rodney,2023-04-04 05:01:00,1949.0,12.0,24.0,117.24,7.5,21427700000000,88.2,101.8,78.5,9.6,36.6,328239523.0,37.09024,-95.712891
1027,2900,finance & investments,karthik sarma,48.0,united states,new york,hedge fund,finance & investments,india,True,d,m,1974-12-01 00:00:00,sarma,karthik,2023-04-04 05:01:00,1974.0,12.0,1.0,117.24,7.5,21427700000000,88.2,101.8,78.5,9.6,36.6,328239523.0,37.09024,-95.712891
1027,2900,healthcare,sybill storz,85.0,germany,leipzig,medical devices,healthcare,germany,False,d,f,1937-04-06 00:00:00,storz,sybill,2023-04-04 05:01:00,1937.0,4.0,6.0,112.85,1.4,3845630030824,70.2,104.0,80.9,11.5,48.8,83132799.0,51.165691,10.451526
1027,2900,finance & investments,daniel sundheim,46.0,united states,new york,hedge funds,finance & investments,united states,True,d,m,1977-03-29 00:00:00,sundheim,daniel,2023-04-04 05:01:00,1977.0,3.0,29.0,117.24,7.5,21427700000000,88.2,101.8,78.5,9.6,36.6,328239523.0,37.09024,-95.712891
1027,2900,food & beverage,"william wrigley, jr.",59.0,united states,north palm beach,chewing gum,food & beverage,united states,False,d,m,1963-11-01 00:00:00,wrigley,william,2023-04-04 05:01:00,1963.0,11.0,1.0,117.24,7.5,21427700000000,88.2,101.8,78.5,9.6,36.6,328239523.0,37.09024,-95.712891
1027,2900,fashion & retail,zhang wenzhong,61.0,china,beijing,supermarkets,fashion & retail,china,True,d,m,1962-01-01 00:00:00,zhang,wenzhong,2023-04-04 05:01:00,1962.0,1.0,1.0,125.08,2.9,19910000000000,50.6,100.2,77.0,9.4,59.2,1397715000.0,35.86166,104.195397
1027,2900,fashion & retail,zhou jianping,62.0,china,jiangyin,fashion retail,fashion & retail,china,True,e,m,1960-05-28 00:00:00,zhou,jianping,2023-04-04 05:01:00,1960.0,5.0,28.0,125.08,2.9,19910000000000,50.6,100.2,77.0,9.4,59.2,1397715000.0,35.86166,104.195397
1067,2800,fashion & retail,joy alukkas,66.0,india,cochin,jewelry,fashion & retail,india,False,u,m,1956-09-04 00:00:00,alukkas,joy,2023-04-04 05:01:00,1956.0,9.0,4.0,180.44,7.7,2611000000000,28.1,113.0,69.4,11.2,49.7,1366417754.0,20.593684,78.96288
1067,2800,healthcare,kang an,74.0,china,xinxiang,pharmaceuticals,healthcare,china,True,d,m,1949-01-01 00:00:00,an,kang,2023-04-04 05:01:00,1949.0,1.0,1.0,125.08,2.9,19910000000000,50.6,100.2,77.0,9.4,59.2,1397715000.0,35.86166,104.195397
1067,2800,technology,garrett camp,44.0,united states,san francisco,uber,technology,canada,True,e,m,1978-10-04 00:00:00,camp,garrett,2023-04-04 05:01:00,1978.0,10.0,4.0,117.24,7.5,21427700000000,88.2,101.8,78.5,9.6,36.6,328239523.0,37.09024,-95.712891
1067,2800,gambling & casinos,chen lip keong,75.0,cambodia,phnom penh,"casinos, property, energy",gambling & casinos,malaysia,True,u,m,1947-07-01 00:00:00,chen,lip keong,2023-04-04 05:01:00,1947.0,7.0,1.0,127.63,2.5,27089389787,13.7,107.4,69.6,17.1,23.1,16486542.0,12.565679,104.990963
1067,2800,real estate,choo chong ngen,69.0,singapore,singapore,hotels,real estate,singapore,True,u,m,1953-04-21 00:00:00,choo,chong ngen,2023-04-04 05:01:00,1953.0,4.0,21.0,114.41,0.6,372062527489,84.8,100.6,83.1,13.1,21.0,5703569.0,1.352083,103.819836
1067,2800,automotive,euisun chung,52.0,south korea,seoul,hyundai,automotive,south korea,False,d,m,1970-10-18 00:00:00,chung,euisun,2023-04-04 05:01:00,1970.0,10.0,18.0,115.16,0.4,2029000000000,94.3,98.1,82.6,15.6,33.2,51709098.0,35.907757,127.766922
1067,2800,diversified,smita crishna-godrej,72.0,india,mumbai,consumer goods,diversified,india,False,u,f,1950-12-30 00:00:00,crishna-godrej,smita,2023-04-04 05:01:00,1950.0,12.0,30.0,180.44,7.7,2611000000000,28.1,113.0,69.4,11.2,49.7,1366417754.0,20.593684,78.96288
1067,2800,fashion & retail,eleanor butt crook & family,90.0,united states,san marcos,supermarkets,fashion & retail,united states,False,n,f,1932-07-21 00:00:00,crook,eleanor butt,2023-04-04 05:01:00,1932.0,7.0,21.0,117.24,7.5,21427700000000,88.2,101.8,78.5,9.6,36.6,328239523.0,37.09024,-95.712891
1067,2800,manufacturing,du jiangtao & family,53.0,china,beijing,chemicals,manufacturing,china,True,d,m,1969-11-17 00:00:00,du,jiangtao,2023-04-04 05:01:00,1969.0,11.0,17.0,125.08,2.9,19910000000000,50.6,100.2,77.0,9.4,59.2,1397715000.0,35.86166,104.195397
1067,2800,sports,lorenzo fertitta,54.0,united states,las vegas,"casinos, mixed martial arts",sports,united states,False,u,m,1969-01-03 00:00:00,fertitta,lorenzo,2023-04-04 05:01:00,1969.0,1.0,3.0,117.24,7.5,21427700000000,88.2,101.8,78.5,9.6,36.6,328239523.0,37.09024,-95.712891
1067,2800,diversified,adi godrej,81.0,india,mumbai,consumer goods,diversified,india,False,u,m,1942-04-03 00:00:00,godrej,adi,2023-04-04 05:01:00,1942.0,4.0,3.0,180.44,7.7,2611000000000,28.1,113.0,69.4,11.2,49.7,1366417754.0,20.593684,78.96288
1067,2800,diversified,jamshyd godrej,74.0,india,mumbai,diversified,diversified,india,False,u,m,1949-01-24 00:00:00,godrej,jamshyd,2023-04-04 05:01:00,1949.0,1.0,24.0,180.44,7.7,2611000000000,28.1,113.0,69.4,11.2,49.7,1366417754.0,20.593684,78.96288
1067,2800,manufacturing,li weiguo,58.0,china,beijing,construction materials,manufacturing,china,True,d,m,1965-01-01 00:00:00,li,weiguo,2023-04-04 05:01:00,1965.0,1.0,1.0,125.08,2.9,19910000000000,50.6,100.2,77.0,9.4,59.2,1397715000.0,35.86166,104.195397
1067,2800,manufacturing,dmitry mazepin,54.0,russia,moscow,chemicals,manufacturing,russia,True,r,m,1968-04-18 00:00:00,mazepin,dmitry,2023-04-04 05:01:00,1968.0,4.0,18.0,180.75,4.5,1699876578871,81.9,102.6,72.7,11.4,46.2,144373535.0,61.52401,105.318756
1067,2800,fashion & retail,"drayton mclane, jr.",86.0,united states,temple,"walmart, logistics",fashion & retail,united states,False,d,m,1936-07-22 00:00:00,mclane,drayton,2023-04-04 05:01:00,1936.0,7.0,22.0,117.24,7.5,21427700000000,88.2,101.8,78.5,9.6,36.6,328239523.0,37.09024,-95.712891
1067,2800,telecom,najib mikati,67.0,lebanon,beirut,telecom,telecom,lebanon,True,d,m,1955-11-24 00:00:00,mikati,najib,2023-04-04 05:01:00,1955.0,11.0,24.0,130.02,3.0,53367042272,26.3,95.1,78.9,15.3,32.2,6855713.0,33.854721,35.862285
1067,2800,telecom,taha mikati,78.0,lebanon,beirut,telecom,telecom,lebanon,True,d,m,1945-01-01 00:00:00,mikati,taha,2023-04-04 05:01:00,1945.0,1.0,1.0,130.02,3.0,53367042272,26.3,95.1,78.9,15.3,32.2,6855713.0,33.854721,35.862285
1067,2800,real estate,akira mori & family,86.0,japan,tokyo,real estate,real estate,japan,False,d,m,1936-07-12 00:00:00,mori,akira,2023-04-04 05:01:00,1936.0,7.0,12.0,105.48,0.5,5081769542380,63.2,98.8,84.2,11.9,46.7,126226568.0,36.204824,138.252924
1067,2800,diversified,rishad naoroji,71.0,india,mumbai,consumer goods,diversified,india,False,u,m,1951-08-30 00:00:00,naoroji,rishad,2023-04-04 05:01:00,1951.0,8.0,30.0,180.44,7.7,2611000000000,28.1,113.0,69.4,11.2,49.7,1366417754.0,20.593684,78.96288
1067,2800,diversified,philip niarchos,69.0,france,paris,art collection,diversified,greece,False,e,m,1954-01-01 00:00:00,niarchos,philip,2023-04-04 05:01:00,1954.0,1.0,1.0,110.05,1.1,2715518274227,65.6,102.5,82.5,24.2,60.7,67059887.0,46.227638,2.213749
1067,2800,technology,nandan nilekani,67.0,india,bangalore,software services,technology,india,True,d,m,1955-06-02 00:00:00,nilekani,nandan,2023-04-04 05:01:00,1955.0,6.0,2.0,180.44,7.7,2611000000000,28.1,113.0,69.4,11.2,49.7,1366417754.0,20.593684,78.96288
1067,2800,service,ranjan pai,50.0,india,bangalore,education,service,india,False,u,m,1972-11-11 00:00:00,pai,ranjan,2023-04-04 05:01:00,1972.0,11.0,11.0,180.44,7.7,2611000000000,28.1,113.0,69.4,11.2,49.7,1366417754.0,20.593684,78.96288
1067,2800,manufacturing,madhukar parekh,76.0,india,mumbai,adhesives,manufacturing,india,False,d,m,1947-01-01 00:00:00,parekh,madhukar,2023-04-04 05:01:00,1947.0,1.0,1.0,180.44,7.7,2611000000000,28.1,113.0,69.4,11.2,49.7,1366417754.0,20.593684,78.96288
1067,2800,technology,sean parker,43.0,united states,los angeles,facebook,technology,united states,True,e,m,1979-12-03 00:00:00,parker,sean,2023-04-04 05:01:00,1979.0,12.0,3.0,117.24,7.5,21427700000000,88.2,101.8,78.5,9.6,36.6,328239523.0,37.09024,-95.712891
1067,2800,healthcare,stewart rahr,77.0,united states,new york,drug distribution,healthcare,united states,False,u,m,1946-02-18 00:00:00,rahr,stewart,2023-04-04 05:01:00,1946.0,2.0,18.0,117.24,7.5,21427700000000,88.2,101.8,78.5,9.6,36.6,328239523.0,37.09024,-95.712891
1067,2800,media & entertainment,su hua,41.0,china,beijing,video streaming,media & entertainment,china,True,d,m,1982-01-01 00:00:00,su,hua,2023-04-04 05:01:00,1982.0,1.0,1.0,125.08,2.9,19910000000000,50.6,100.2,77.0,9.4,59.2,1397715000.0,35.86166,104.195397
1067,2800,manufacturing,sun shoukuan,73.0,china,yingkou,"metals, coal",manufacturing,china,True,e,m,1949-10-01 00:00:00,sun,shoukuan,2023-04-04 05:01:00,1949.0,10.0,1.0,125.08,2.9,19910000000000,50.6,100.2,77.0,9.4,59.2,1397715000.0,35.86166,104.195397
1067,2800,logistics,tung chee hwa,85.0,hong kong,hong kong,shipping,logistics,hong kong,False,e,m,1937-07-07 00:00:00,tung,chee hwa,2023-04-04 05:01:00,1937.0,7.0,7.0,117.24,2.9,21427700000000,65.6,101.8,78.5,9.6,41.2,328239523.0,37.09024,10.451526
1067,2800,technology,meg whitman,66.0,united states,los angeles,ebay,technology,united states,True,d,f,1956-08-04 00:00:00,whitman,meg,2023-04-04 05:01:00,1956.0,8.0,4.0,117.24,7.5,21427700000000,88.2,101.8,78.5,9.6,36.6,328239523.0,37.09024,-95.712891
1067,2800,manufacturing,wong luen hei,61.0,hong kong,hong kong,building materials,manufacturing,china,True,d,m,1962-01-01 00:00:00,wong,luen hei,2023-04-04 05:01:00,1962.0,1.0,1.0,117.24,2.9,21427700000000,65.6,101.8,78.5,9.6,41.2,328239523.0,37.09024,10.451526
1067,2800,healthcare,chenghai ye & family,79.0,hong kong,hong kong,pharmaceuticals,healthcare,hong kong,True,d,m,1943-08-15 00:00:00,ye,chenghai,2023-04-04 05:01:00,1943.0,8.0,15.0,117.24,2.9,21427700000000,65.6,101.8,78.5,9.6,41.2,328239523.0,37.09024,10.451526
1067,2800,manufacturing,zhu xingming,56.0,china,shenzhen,electrical equipment,manufacturing,china,True,u,m,1967-03-01 00:00:00,zhu,xingming,2023-04-04 05:01:00,1967.0,3.0,1.0,125.08,2.9,19910000000000,50.6,100.2,77.0,9.4,59.2,1397715000.0,35.86166,104.195397
1104,2700,finance & investments,jose joao abdalla filho,77.0,brazil,rio de janeiro,investments,finance & investments,brazil,False,d,m,1945-05-30 00:00:00,abdalla filho,jose joao,2023-04-04 05:01:00,1945.0,5.0,30.0,167.4,3.7,1839758040766,51.3,115.4,75.7,14.2,65.1,212559417.0,-14.235004,-51.92528
1104,2700,finance & investments,juan abello,81.0,spain,madrid,investments,finance & investments,spain,False,d,m,1941-12-16 00:00:00,abello,juan,2023-04-04 05:01:00,1941.0,12.0,16.0,110.96,0.7,1394116310769,88.9,102.7,83.3,14.2,47.0,47076781.0,40.463667,-3.74922
1104,2700,diversified,suhail bahwan,84.0,oman,muscat,diversified,diversified,oman,True,u,m,1939-01-01 00:00:00,bahwan,suhail,2023-04-04 05:01:00,1939.0,1.0,1.0,113.53,0.1,76983094928,38.0,103.4,77.6,2.5,27.4,5266535.0,21.4735329,55.975413
1104,2700,diversified,madhur bajaj,70.0,india,mumbai,diversified,diversified,india,False,split family fortune,m,1952-08-19 00:00:00,bajaj,madhur,2023-04-04 05:01:00,1952.0,8.0,19.0,180.44,7.7,2611000000000,28.1,113.0,69.4,11.2,49.7,1366417754.0,20.593684,78.96288
1104,2700,diversified,niraj bajaj,68.0,india,mumbai,diversified,diversified,india,False,split family fortune,m,1954-10-10 00:00:00,bajaj,niraj,2023-04-04 05:01:00,1954.0,10.0,10.0,180.44,7.7,2611000000000,28.1,113.0,69.4,11.2,49.7,1366417754.0,20.593684,78.96288
1104,2700,diversified,shekhar bajaj,74.0,india,mumbai,diversified,diversified,india,False,split family fortune,m,1948-06-08 00:00:00,bajaj,shekhar,2023-04-04 05:01:00,1948.0,6.0,8.0,180.44,7.7,2611000000000,28.1,113.0,69.4,11.2,49.7,1366417754.0,20.593684,78.96288
1104,2700,finance & investments,harindarpal banga,72.0,hong kong,hong kong,commodities,finance & investments,india,True,u,m,1950-08-10 00:00:00,banga,harindarpal,2023-04-04 05:01:00,1950.0,8.0,10.0,117.24,2.9,21427700000000,65.6,101.8,78.5,9.6,41.2,328239523.0,37.09024,10.451526
1104,2700,healthcare,henri beaufour,57.0,united kingdom,london,pharmaceuticals,healthcare,france,False,u,m,1965-06-01 00:00:00,beaufour,henri,2023-04-04 05:01:00,1965.0,6.0,1.0,119.62,1.7,2827113184696,60.0,101.2,81.3,25.5,30.6,66834405.0,55.378051,-3.435973
1104,2700,manufacturing,andrei bokarev,56.0,russia,moscow,"metals, mining",manufacturing,russia,True,u,m,1966-10-23 00:00:00,bokarev,andrei,2023-04-04 05:01:00,1966.0,10.0,23.0,180.75,4.5,1699876578871,81.9,102.6,72.7,11.4,46.2,144373535.0,61.52401,105.318756
1104,2700,food & beverage,jack cowin,80.0,australia,sydney,fast food,food & beverage,australia,True,d,m,1942-07-13 00:00:00,cowin,jack,2023-04-04 05:01:00,1942.0,7.0,13.0,119.8,1.6,1392680589329,113.1,100.3,82.7,23.0,47.4,25766605.0,-25.274398,133.775136
1104,2700,finance & investments,glenn dubin,65.0,united states,new york,hedge funds,finance & investments,united states,True,u,m,1957-04-13 00:00:00,dubin,glenn,2023-04-04 05:01:00,1957.0,4.0,13.0,117.24,7.5,21427700000000,88.2,101.8,78.5,9.6,36.6,328239523.0,37.09024,-95.712891
1104,2700,energy,n. murray edwards,63.0,united kingdom,london,oil & gas,energy,canada,True,d,m,1959-12-10 00:00:00,edwards,n. murray,2023-04-04 05:01:00,1959.0,12.0,10.0,119.62,1.7,2827113184696,60.0,101.2,81.3,25.5,30.6,66834405.0,55.378051,-3.435973
1104,2700,sports,"frank fertitta, iii.",61.0,united states,las vegas,"casinos, mixed martial arts",sports,united states,False,u,m,1962-02-24 00:00:00,fertitta,frank,2023-04-04 05:01:00,1962.0,2.0,24.0,117.24,7.5,21427700000000,88.2,101.8,78.5,9.6,36.6,328239523.0,37.09024,-95.712891
1104,2700,automotive,abhay firodia,78.0,india,pune,automobiles,automotive,india,False,d,m,1944-11-05 00:00:00,firodia,abhay,2023-04-04 05:01:00,1944.0,11.0,5.0,180.44,7.7,2611000000000,28.1,113.0,69.4,11.2,49.7,1366417754.0,20.593684,78.96288
1104,2700,finance & investments,bruce flatt,57.0,united kingdom,london,money management,finance & investments,canada,True,d,m,1965-06-01 00:00:00,flatt,bruce,2023-04-04 05:01:00,1965.0,6.0,1.0,119.62,1.7,2827113184696,60.0,101.2,81.3,25.5,30.6,66834405.0,55.378051,-3.435973
1104,2700,service,miguel fluxa rossello,84.0,spain,esporles,hotels,service,spain,False,d,m,1938-07-27 00:00:00,fluxa rossello,miguel,2023-04-04 05:01:00,1938.0,7.0,27.0,110.96,0.7,1394116310769,88.9,102.7,83.3,14.2,47.0,47076781.0,40.463667,-3.74922
1104,2700,metals & mining,robert friedland,72.0,singapore,singapore,mining,metals & mining,united states,True,u,m,1950-08-18 00:00:00,friedland,robert,2023-04-04 05:01:00,1950.0,8.0,18.0,114.41,0.6,372062527489,84.8,100.6,83.1,13.1,21.0,5703569.0,1.352083,103.819836
1104,2700,metals & mining,alexander frolov,58.0,russia,moscow,"mining, steel",metals & mining,russia,True,u,m,1964-05-17 00:00:00,frolov,alexander,2023-04-04 05:01:00,1964.0,5.0,17.0,180.75,4.5,1699876578871,81.9,102.6,72.7,11.4,46.2,144373535.0,61.52401,105.318756
1104,2700,diversified,nadir godrej,72.0,india,mumbai,consumer goods,diversified,india,False,u,m,1951-01-01 00:00:00,godrej,nadir,2023-04-04 05:01:00,1951.0,1.0,1.0,180.44,7.7,2611000000000,28.1,113.0,69.4,11.2,49.7,1366417754.0,20.593684,78.96288
1104,2700,service,maggie hardy,57.0,united states,belle vernon,building materials,service,united states,False,u,f,1965-12-07 00:00:00,hardy knox,maggie,2023-04-04 05:01:00,1965.0,12.0,7.0,117.24,7.5,21427700000000,88.2,101.8,78.5,9.6,36.6,328239523.0,37.09024,-95.712891
1104,2700,finance & investments,nithin kamath,43.0,india,bangalore,financial services,finance & investments,india,True,n,m,1979-10-05 00:00:00,kamath,nithin,2023-04-04 05:01:00,1979.0,10.0,5.0,180.44,7.7,2611000000000,28.1,113.0,69.4,11.2,49.7,1366417754.0,20.593684,78.96288
1104,2700,construction & engineering,samvel karapetyan,57.0,russia,moscow,real estate,construction & engineering,russia,True,u,m,1965-08-18 00:00:00,karapetyan,samvel,2023-04-04 05:01:00,1965.0,8.0,18.0,180.75,4.5,1699876578871,81.9,102.6,72.7,11.4,46.2,144373535.0,61.52401,105.318756
1104,2700,real estate,kei hoi pang,57.0,hong kong,hong kong,real estate,real estate,china,True,d,m,1966-01-01 00:00:00,kei,hoi pang,2023-04-04 05:01:00,1966.0,1.0,1.0,117.24,2.9,21427700000000,65.6,101.8,78.5,9.6,41.2,328239523.0,37.09024,10.451526
1104,2700,diversified,mustafa rahmi koc,92.0,turkey,istanbul,diversified,diversified,turkey,False,u,m,1930-10-09 00:00:00,koc,mustafa rahmi,2023-04-04 05:01:00,1930.0,10.0,9.0,234.44,15.2,754411708203,23.9,93.2,77.4,17.9,42.3,83429615.0,38.963745,35.243322
1104,2700,finance & investments,yuri kovalchuk & family,71.0,russia,st. petersburg,"banking, insurance, media",finance & investments,russia,True,u,m,1951-07-25 00:00:00,kovalchuk,yuri,2023-04-04 05:01:00,1951.0,7.0,25.0,180.75,4.5,1699876578871,81.9,102.6,72.7,11.4,46.2,144373535.0,61.52401,105.318756
1104,2700,real estate,geoffrey kwok,37.0,hong kong,hong kong,real estate,real estate,hong kong,False,d,m,1985-05-01 00:00:00,kwok,geoffrey,2023-04-04 05:01:00,1985.0,5.0,1.0,117.24,2.9,21427700000000,65.6,101.8,78.5,9.6,41.2,328239523.0,37.09024,10.451526
1104,2700,real estate,jonathan kwok,31.0,hong kong,hong kong,real estate,real estate,hong kong,False,u,m,1992-03-01 00:00:00,kwok,jonathan,2023-04-04 05:01:00,1992.0,3.0,1.0,117.24,2.9,21427700000000,65.6,101.8,78.5,9.6,41.2,328239523.0,37.09024,10.451526
1104,2700,manufacturing,hans langer,71.0,germany,gräfelfing,3d printing,manufacturing,germany,True,u,m,1952-01-18 00:00:00,langer,hans,2023-04-04 05:01:00,1952.0,1.0,18.0,112.85,1.4,3845630030824,70.2,104.0,80.9,11.5,48.8,83132799.0,51.165691,10.451526
1104,2700,manufacturing,frank laukien,63.0,united states,boston,scientific equipment,manufacturing,united states,False,u,m,1960-02-04 00:00:00,laukien,frank,2023-04-04 05:01:00,1960.0,2.0,4.0,117.24,7.5,21427700000000,88.2,101.8,78.5,9.6,36.6,328239523.0,37.09024,-95.712891
1104,2700,real estate,maritsa lazari & family,78.0,united kingdom,london,real estate,real estate,united kingdom,True,d,f,1944-10-14 00:00:00,lazari,maritsa,2023-04-04 05:01:00,1944.0,10.0,14.0,119.62,1.7,2827113184696,60.0,101.2,81.3,25.5,30.6,66834405.0,55.378051,-3.435973
1104,2700,real estate,angela leong,62.0,hong kong,hong kong,casinos,real estate,hong kong,False,d,f,1961-03-23 00:00:00,leong,angela,2023-04-04 05:01:00,1961.0,3.0,23.0,117.24,2.9,21427700000000,65.6,101.8,78.5,9.6,41.2,328239523.0,37.09024,10.451526
1104,2700,technology,li zhongchu,59.0,china,beijing,software,technology,china,True,d,m,1963-08-26 00:00:00,li,zhongchu,2023-04-04 05:01:00,1963.0,8.0,26.0,125.08,2.9,19910000000000,50.6,100.2,77.0,9.4,59.2,1397715000.0,35.86166,104.195397
1104,2700,food & beverage,liang yunchao,54.0,china,guangzhou,nutritional supplements,food & beverage,china,True,d,m,1969-01-03 00:00:00,liang,yunchao,2023-04-04 05:01:00,1969.0,1.0,3.0,125.08,2.9,19910000000000,50.6,100.2,77.0,9.4,59.2,1397715000.0,35.86166,104.195397
1104,2700,sports,vincent mcmahon,77.0,united states,greenwich,entertainment,sports,united states,True,u,m,1945-08-24 00:00:00,mcmahon,vincent,2023-04-04 05:01:00,1945.0,8.0,24.0,117.24,7.5,21427700000000,88.2,101.8,78.5,9.6,36.6,328239523.0,37.09024,-95.712891
1104,2700,metals & mining,patrice motsepe,61.0,south africa,johannesburg,mining,metals & mining,south africa,True,d,m,1962-01-28 00:00:00,motsepe,patrice,2023-04-04 05:01:00,1962.0,1.0,28.0,158.93,4.1,351431649241,22.4,100.9,63.9,27.5,29.2,58558270.0,-30.559482,22.937506
1104,2700,telecom,denis o'brien,64.0,ireland,dublin,telecom,telecom,ireland,True,d,m,1958-04-17 00:00:00,o'brien,denis,2023-04-04 05:01:00,1958.0,4.0,17.0,117.24,2.9,21427700000000,65.6,101.8,78.5,9.6,41.2,328239523.0,37.09024,10.451526
1104,2700,diversified,dan olsson,76.0,sweden,gothenburg,diversified,diversified,sweden,False,e,m,1947-01-01 00:00:00,olsson,dan,2023-04-04 05:01:00,1947.0,1.0,1.0,110.51,1.8,530832908738,67.0,126.6,82.5,27.9,49.1,10285453.0,60.128161,18.643501
1104,2700,technology,yuji otsuka,69.0,japan,tokyo,"copy machines, software",technology,japan,False,u,m,1954-02-13 00:00:00,otsuka,yuji,2023-04-04 05:01:00,1954.0,2.0,13.0,105.48,0.5,5081769542380,63.2,98.8,84.2,11.9,46.7,126226568.0,36.204824,138.252924
1104,2700,fashion & retail,pan dong,58.0,hong kong,hong kong,consumer goods,fashion & retail,canada,True,d,f,1965-01-01 00:00:00,pan,dong,2023-04-04 05:01:00,1965.0,1.0,1.0,117.24,2.9,21427700000000,65.6,101.8,78.5,9.6,41.2,328239523.0,37.09024,10.451526
1104,2700,diversified,karsanbhai patel,79.0,india,ahmedabad,consumer goods,diversified,india,True,d,m,1944-01-07 00:00:00,patel,karsanbhai,2023-04-04 05:01:00,1944.0,1.0,7.0,180.44,7.7,2611000000000,28.1,113.0,69.4,11.2,49.7,1366417754.0,20.593684,78.96288
1104,2700,real estate,richard peery,84.0,united states,palo alto,real estate,real estate,united states,True,d,m,1938-10-01 00:00:00,peery,richard,2023-04-04 05:01:00,1938.0,10.0,1.0,117.24,7.5,21427700000000,88.2,101.8,78.5,9.6,36.6,328239523.0,37.09024,-95.712891
1104,2700,healthcare,wayne rothbaum,55.0,united states,delray beach,biotech investing,healthcare,united states,True,n,m,1968-02-17 00:00:00,rothbaum,wayne,2023-04-04 05:01:00,1968.0,2.0,17.0,117.24,7.5,21427700000000,88.2,101.8,78.5,9.6,36.6,328239523.0,37.09024,-95.712891
1104,2700,technology,jeff rothschild,68.0,united states,palo alto,facebook,technology,united states,True,d,m,1955-01-02 00:00:00,rothschild,jeff,2023-04-04 05:01:00,1955.0,1.0,2.0,117.24,7.5,21427700000000,88.2,101.8,78.5,9.6,36.6,328239523.0,37.09024,-95.712891
1104,2700,technology,raj sardana,63.0,united states,atlanta,technology services,technology,united states,True,n,m,1960-03-08 00:00:00,sardana,raj,2023-04-04 05:01:00,1960.0,3.0,8.0,117.24,7.5,21427700000000,88.2,101.8,78.5,9.6,36.6,328239523.0,37.09024,-95.712891
1104,2700,manufacturing,salil singhal,75.0,india,delhi,agrochemicals,manufacturing,india,False,u,m,1947-07-21 00:00:00,singhal,salil,2023-04-04 05:01:00,1947.0,7.0,21.0,180.44,7.7,2611000000000,28.1,113.0,69.4,11.2,49.7,1366417754.0,20.593684,78.96288
1104,2700,logistics,alexander skorobogatko,55.0,russia,moscow,"real estate, airport",logistics,russia,True,u,m,1967-09-25 00:00:00,skorobogatko,alexander,2023-04-04 05:01:00,1967.0,9.0,25.0,180.75,4.5,1699876578871,81.9,102.6,72.7,11.4,46.2,144373535.0,61.52401,105.318756
1104,2700,technology,evan spiegel,32.0,united states,los angeles,snapchat,technology,united states,True,d,m,1990-06-04 00:00:00,spiegel,evan,2023-04-04 05:01:00,1990.0,6.0,4.0,117.24,7.5,21427700000000,88.2,101.8,78.5,9.6,36.6,328239523.0,37.09024,-95.712891
1104,2700,service,glen taylor,81.0,united states,mankato,printing,service,united states,True,u,m,1941-04-20 00:00:00,taylor,glen,2023-04-04 05:01:00,1941.0,4.0,20.0,117.24,7.5,21427700000000,88.2,101.8,78.5,9.6,36.6,328239523.0,37.09024,-95.712891
1104,2700,media & entertainment,thomas tull,52.0,united states,pittsburgh,"movies, investments",media & entertainment,united states,True,u,m,1970-06-11 00:00:00,tull,thomas,2023-04-04 05:01:00,1970.0,6.0,11.0,117.24,7.5,21427700000000,88.2,101.8,78.5,9.6,36.6,328239523.0,37.09024,-95.712891
1104,2700,metals & mining,bulat utemuratov,65.0,kazakhstan,nur-sultan,"mining, banking, hotels",metals & mining,kazakhstan,True,d,m,1958-01-01 00:00:00,utemuratov,bulat,2023-04-04 05:01:00,1958.0,1.0,1.0,182.75,5.2,180161741180,61.7,104.4,73.2,11.7,28.4,18513930.0,48.019573,66.923684
1104,2700,food & beverage,gustav magnar witzoe,29.0,norway,kverva,fish farming,food & beverage,norway,False,d,m,1993-04-22 00:00:00,witzoe,gustav magnar,2023-04-04 05:01:00,1993.0,4.0,22.0,120.27,2.2,403336363636,82.0,100.3,82.8,23.9,36.2,5347896.0,60.472024,8.468946
1104,2700,manufacturing,wong man li,58.0,hong kong,hong kong,furniture,manufacturing,hong kong,True,d,m,1965-02-12 00:00:00,wong,man li,2023-04-04 05:01:00,1965.0,2.0,12.0,117.24,2.9,21427700000000,65.6,101.8,78.5,9.6,41.2,328239523.0,37.09024,10.451526
1104,2700,healthcare,guangming wu,61.0,china,danyang,medical equipment,healthcare,china,True,d,m,1962-02-27 00:00:00,wu,guangming,2023-04-04 05:01:00,1962.0,2.0,27.0,125.08,2.9,19910000000000,50.6,100.2,77.0,9.4,59.2,1397715000.0,35.86166,104.195397
1104,2700,healthcare,zhu yi,59.0,china,chengdu,pharmaceuticals,healthcare,china,True,n,m,1963-12-01 00:00:00,zhu,yi,2023-04-04 05:01:00,1963.0,12.0,1.0,125.08,2.9,19910000000000,50.6,100.2,77.0,9.4,59.2,1397715000.0,35.86166,104.195397
1164,2600,real estate,ben ashkenazy,53.0,united states,new york,real estate,real estate,united states,True,d,m,1969-09-23 00:00:00,ashkenazy,ben,2023-04-04 05:01:00,1969.0,9.0,23.0,117.24,7.5,21427700000000,88.2,101.8,78.5,9.6,36.6,328239523.0,37.09024,-95.712891
1164,2600,finance & investments,felix baker,54.0,united states,new york,biotech investing,finance & investments,united states,True,d,m,1969-03-29 00:00:00,baker,felix,2023-04-04 05:01:00,1969.0,3.0,29.0,117.24,7.5,21427700000000,88.2,101.8,78.5,9.6,36.6,328239523.0,37.09024,-95.712891
1164,2600,finance & investments,julian baker,56.0,united states,new york,investing,finance & investments,united states,True,d,m,1966-05-21 00:00:00,baker,julian,2023-04-04 05:01:00,1966.0,5.0,21.0,117.24,7.5,21427700000000,88.2,101.8,78.5,9.6,36.6,328239523.0,37.09024,-95.712891
1164,2600,media & entertainment,david baszucki,60.0,united states,san francisco,online games,media & entertainment,united states,True,u,m,1963-01-20 00:00:00,baszucki,david,2023-04-04 05:01:00,1963.0,1.0,20.0,117.24,7.5,21427700000000,88.2,101.8,78.5,9.6,36.6,328239523.0,37.09024,-95.712891
1164,2600,food & beverage,joesley batista,51.0,brazil,sao paulo,beef processing,food & beverage,brazil,False,d,m,1972-02-05 00:00:00,batista,joesley,2023-04-04 05:01:00,1972.0,2.0,5.0,167.4,3.7,1839758040766,51.3,115.4,75.7,14.2,65.1,212559417.0,-14.235004,-51.92528
1164,2600,food & beverage,wesley batista,50.0,brazil,sao paulo,beef packing,food & beverage,brazil,False,d,m,1972-12-08 00:00:00,batista,wesley,2023-04-04 05:01:00,1972.0,12.0,8.0,167.4,3.7,1839758040766,51.3,115.4,75.7,14.2,65.1,212559417.0,-14.235004,-51.92528
1164,2600,media & entertainment,yvonne bauer,46.0,germany,hamburg,"magazines, media",media & entertainment,germany,False,d,f,1977-03-29 00:00:00,bauer,yvonne,2023-04-04 05:01:00,1977.0,3.0,29.0,112.85,1.4,3845630030824,70.2,104.0,80.9,11.5,48.8,83132799.0,51.165691,10.451526
1164,2600,manufacturing,miriam baumann-blocher,48.0,switzerland,rheinfelden,chemicals,manufacturing,switzerland,False,d,f,1975-01-01 00:00:00,baumann-blocher,miriam,2023-04-04 05:01:00,1975.0,1.0,1.0,99.55,0.4,703082435360,59.6,105.2,83.6,10.1,28.8,8574832.0,46.818188,8.227512
1164,2600,healthcare,cen junda,58.0,china,lianyungang,pharmaceuticals,healthcare,china,True,u,m,1964-06-18 00:00:00,cen,junda,2023-04-04 05:01:00,1964.0,6.0,18.0,125.08,2.9,19910000000000,50.6,100.2,77.0,9.4,59.2,1397715000.0,35.86166,104.195397
1164,2600,finance & investments,richard chandler,64.0,singapore,singapore,investments,finance & investments,new zealand,False,u,m,1959-01-01 00:00:00,chandler,richard,2023-04-04 05:01:00,1959.0,1.0,1.0,114.41,0.6,372062527489,84.8,100.6,83.1,13.1,21.0,5703569.0,1.352083,103.819836
1164,2600,manufacturing,chen zhiping,47.0,china,shenzhen,e-cigarettes,manufacturing,china,True,d,m,1976-01-01 00:00:00,chen,zhiping,2023-04-04 05:01:00,1976.0,1.0,1.0,125.08,2.9,19910000000000,50.6,100.2,77.0,9.4,59.2,1397715000.0,35.86166,104.195397
1164,2600,service,fernando chico pardo,71.0,mexico,mexico city,airport management,service,mexico,True,u,m,1952-02-15 00:00:00,chico pardo,fernando,2023-04-04 05:01:00,1952.0,2.0,15.0,141.54,3.6,1258286717125,40.2,105.8,75.0,13.1,55.1,126014024.0,23.634501,-102.552784
1164,2600,energy,ray davis,81.0,united states,dallas,pipelines,energy,united states,True,u,m,1941-12-18 00:00:00,davis,ray,2023-04-04 05:01:00,1941.0,12.0,18.0,117.24,7.5,21427700000000,88.2,101.8,78.5,9.6,36.6,328239523.0,37.09024,-95.712891
1164,2600,construction & engineering,maria del pino,67.0,spain,madrid,construction,construction & engineering,spain,False,u,f,1956-03-19 00:00:00,del pino,maria,2023-04-04 05:01:00,1956.0,3.0,19.0,110.96,0.7,1394116310769,88.9,102.7,83.3,14.2,47.0,47076781.0,40.463667,-3.74922
1164,2600,manufacturing,deng weiming & family,54.0,china,changsha,battery components,manufacturing,china,True,d,m,1968-09-01 00:00:00,deng,weiming,2023-04-04 05:01:00,1968.0,9.0,1.0,125.08,2.9,19910000000000,50.6,100.2,77.0,9.4,59.2,1397715000.0,35.86166,104.195397
1164,2600,food & beverage,"john dorrance, iii.",79.0,ireland,dublin,campbell soup,food & beverage,ireland,False,d,m,1944-01-01 00:00:00,dorrance,john,2023-04-04 05:01:00,1944.0,1.0,1.0,117.24,2.9,21427700000000,65.6,101.8,78.5,9.6,41.2,328239523.0,37.09024,10.451526
1164,2600,diversified,carl douglas,61.0,sweden,stockholm,investments,diversified,sweden,False,d,m,1961-05-05 00:00:00,douglas,carl,2023-04-04 05:01:00,1961.0,5.0,5.0,110.51,1.8,530832908738,67.0,126.6,82.5,27.9,49.1,10285453.0,60.128161,18.643501
1164,2600,diversified,eric douglas,54.0,sweden,stockholm,investments,diversified,sweden,False,d,m,1968-05-01 00:00:00,douglas,eric,2023-04-04 05:01:00,1968.0,5.0,1.0,110.51,1.8,530832908738,67.0,126.6,82.5,27.9,49.1,10285453.0,60.128161,18.643501
1164,2600,manufacturing,fiona geminder,58.0,australia,melbourne,manufacturing,manufacturing,australia,False,d,f,1964-12-01 00:00:00,geminder,fiona,2023-04-04 05:01:00,1964.0,12.0,1.0,119.8,1.6,1392680589329,113.1,100.3,82.7,23.0,47.4,25766605.0,-25.274398,133.775136
1164,2600,finance & investments,stewart horejsi & family,85.0,united states,phoenix,berkshire hathaway,finance & investments,united states,True,d,m,1937-09-19 00:00:00,horejsi,stewart,2023-04-04 05:01:00,1937.0,9.0,19.0,117.24,7.5,21427700000000,88.2,101.8,78.5,9.6,36.6,328239523.0,37.09024,-95.712891
1164,2600,healthcare,hou juncheng,58.0,china,hangzhou,cosmetics,healthcare,china,True,u,m,1964-12-17 00:00:00,hou,juncheng,2023-04-04 05:01:00,1964.0,12.0,17.0,125.08,2.9,19910000000000,50.6,100.2,77.0,9.4,59.2,1397715000.0,35.86166,104.195397
1164,2600,construction & engineering,zhenda huang & family,75.0,china,shantou,construction,construction & engineering,china,True,d,m,1947-09-01 00:00:00,huang,zhenda,2023-04-04 05:01:00,1947.0,9.0,1.0,125.08,2.9,19910000000000,50.6,100.2,77.0,9.4,59.2,1397715000.0,35.86166,104.195397
1164,2600,service,dmitry kamenshchik,54.0,russia,moscow,airport,service,russia,True,u,m,1968-04-26 00:00:00,kamenshchik,dmitry,2023-04-04 05:01:00,1968.0,4.0,26.0,180.75,4.5,1699876578871,81.9,102.6,72.7,11.4,46.2,144373535.0,61.52401,105.318756
1164,2600,finance & investments,alicia koplowitz,69.0,spain,madrid,"construction, investments",finance & investments,spain,False,d,f,1953-09-12 00:00:00,koplowitz,alicia,2023-04-04 05:01:00,1953.0,9.0,12.0,110.96,0.7,1394116310769,88.9,102.7,83.3,14.2,47.0,47076781.0,40.463667,-3.74922
1164,2600,real estate,adam kwok,40.0,hong kong,hong kong,real estate,real estate,hong kong,False,u,m,1983-04-01 00:00:00,kwok,adam,2023-04-04 05:01:00,1983.0,4.0,1.0,117.24,2.9,21427700000000,65.6,101.8,78.5,9.6,41.2,328239523.0,37.09024,10.451526
1164,2600,finance & investments,henry laufer,77.0,united states,lake worth,hedge funds,finance & investments,united states,True,u,m,1945-08-13 00:00:00,laufer,henry,2023-04-04 05:01:00,1945.0,8.0,13.0,117.24,7.5,21427700000000,88.2,101.8,78.5,9.6,36.6,328239523.0,37.09024,-95.712891
1164,2600,food & beverage,louis le duff,76.0,france,paris,bakeries,food & beverage,france,True,u,m,1946-08-01 00:00:00,le duff,louis,2023-04-04 05:01:00,1946.0,8.0,1.0,110.05,1.1,2715518274227,65.6,102.5,82.5,24.2,60.7,67059887.0,46.227638,2.213749
1164,2600,technology,mark leonard & family,66.0,canada,toronto,software,technology,canada,True,u,m,1956-05-06 00:00:00,leonard,mark,2023-04-04 05:01:00,1956.0,5.0,6.0,116.76,1.9,1736425629520,68.9,100.9,81.9,12.8,24.5,36991981.0,56.130366,-106.346771
1164,2600,automotive,li guoqiang,59.0,china,beijing,auto dealerships,automotive,china,True,d,m,1964-01-01 00:00:00,li,guoqiang,2023-04-04 05:01:00,1964.0,1.0,1.0,125.08,2.9,19910000000000,50.6,100.2,77.0,9.4,59.2,1397715000.0,35.86166,104.195397
1164,2600,service,li yongxin,47.0,china,beijing,education,service,china,True,d,m,1976-03-09 00:00:00,li,yongxin,2023-04-04 05:01:00,1976.0,3.0,9.0,125.08,2.9,19910000000000,50.6,100.2,77.0,9.4,59.2,1397715000.0,35.86166,104.195397
1164,2600,finance & investments,peter lim,69.0,singapore,singapore,investments,finance & investments,singapore,True,u,m,1953-06-01 00:00:00,lim,peter,2023-04-04 05:01:00,1953.0,6.0,1.0,114.41,0.6,372062527489,84.8,100.6,83.1,13.1,21.0,5703569.0,1.352083,103.819836
1164,2600,diversified,lu weiding,52.0,china,hangzhou,diversified,diversified,china,False,d,m,1971-03-01 00:00:00,lu,weiding,2023-04-04 05:01:00,1971.0,3.0,1.0,125.08,2.9,19910000000000,50.6,100.2,77.0,9.4,59.2,1397715000.0,35.86166,104.195397
1164,2600,service,sergio mantegazza,95.0,switzerland,lugano,travel,service,switzerland,True,d,m,1927-10-31 00:00:00,mantegazza,sergio,2023-04-04 05:01:00,1927.0,10.0,31.0,99.55,0.4,703082435360,59.6,105.2,83.6,10.1,28.8,8574832.0,46.818188,8.227512
1164,2600,finance & investments,hans melchers,84.0,netherlands,vorden,"chemicals, investments",finance & investments,netherlands,True,d,m,1938-04-28 00:00:00,melchers,hans,2023-04-04 05:01:00,1938.0,4.0,28.0,115.91,2.6,909070395161,85.0,104.2,81.8,23.0,41.2,17332850.0,52.132633,5.291266
1164,2600,food & beverage,c. dean metropoulos,76.0,united states,palm beach,investments,food & beverage,united states,True,d,m,1946-05-05 00:00:00,metropoulos,c. dean,2023-04-04 05:01:00,1946.0,5.0,5.0,117.24,7.5,21427700000000,88.2,101.8,78.5,9.6,36.6,328239523.0,37.09024,-95.712891
1164,2600,manufacturing,hans georg naeder,61.0,germany,duderstadt,prosthetics,manufacturing,germany,False,e,m,1961-09-04 00:00:00,naeder,hans georg,2023-04-04 05:01:00,1961.0,9.0,4.0,112.85,1.4,3845630030824,70.2,104.0,80.9,11.5,48.8,83132799.0,51.165691,10.451526
1164,2600,fashion & retail,falguni nayar,60.0,india,mumbai,retailing,fashion & retail,india,True,d,f,1963-02-19 00:00:00,nayar,falguni,2023-04-04 05:01:00,1963.0,2.0,19.0,180.44,7.7,2611000000000,28.1,113.0,69.4,11.2,49.7,1366417754.0,20.593684,78.96288
1164,2600,finance & investments,james packer,55.0,united states,los angeles,investments,finance & investments,australia,False,d,m,1967-09-08 00:00:00,packer,james,2023-04-04 05:01:00,1967.0,9.0,8.0,117.24,7.5,21427700000000,88.2,101.8,78.5,9.6,36.6,328239523.0,37.09024,-95.712891
1164,2600,logistics,alexander ponomarenko,58.0,russia,moscow,"real estate, airport",logistics,russia,True,u,m,1964-10-27 00:00:00,ponomarenko,alexander,2023-04-04 05:01:00,1964.0,10.0,27.0,180.75,4.5,1699876578871,81.9,102.6,72.7,11.4,46.2,144373535.0,61.52401,105.318756
1164,2600,finance & investments,nicholas pritzker,79.0,united states,nicasio,"hotels, investments",finance & investments,united states,False,d,m,1944-01-01 00:00:00,pritzker,nicholas,2023-04-04 05:01:00,1944.0,1.0,1.0,117.24,7.5,21427700000000,88.2,101.8,78.5,9.6,36.6,328239523.0,37.09024,-95.712891
1164,2600,food & beverage,alejandro santo domingo,46.0,united states,new york,beer,food & beverage,united states,False,e,m,1977-02-13 00:00:00,santo domingo,alejandro,2023-04-04 05:01:00,1977.0,2.0,13.0,117.24,7.5,21427700000000,88.2,101.8,78.5,9.6,36.6,328239523.0,37.09024,-95.712891
1164,2600,technology,steven sarowitz,57.0,united states,highland park,payroll software,technology,united states,True,d,m,1965-11-07 00:00:00,sarowitz,steven,2023-04-04 05:01:00,1965.0,11.0,7.0,117.24,7.5,21427700000000,88.2,101.8,78.5,9.6,36.6,328239523.0,37.09024,-95.712891
1164,2600,automotive,maria-elisabeth schaeffler-thumann,81.0,germany,herzogenaurach,auto parts,automotive,germany,False,u,f,1941-08-17 00:00:00,schaeffler-thumann,maria-elisabeth,2023-04-04 05:01:00,1941.0,8.0,17.0,112.85,1.4,3845630030824,70.2,104.0,80.9,11.5,48.8,83132799.0,51.165691,10.451526
1164,2600,healthcare,leonard schleifer,70.0,united states,tarrytown,pharmaceuticals,healthcare,united states,True,u,m,1952-07-07 00:00:00,schleifer,leonard,2023-04-04 05:01:00,1952.0,7.0,7.0,117.24,7.5,21427700000000,88.2,101.8,78.5,9.6,36.6,328239523.0,37.09024,-95.712891
1164,2600,manufacturing,dieter schnabel,77.0,germany,hamburg,chemicals,manufacturing,germany,False,u,m,1946-01-01 00:00:00,schnabel,dieter,2023-04-04 05:01:00,1946.0,1.0,1.0,112.85,1.4,3845630030824,70.2,104.0,80.9,11.5,48.8,83132799.0,51.165691,10.451526
1164,2600,energy,michael s. smith,67.0,united states,miami beach,liquefied natural gas,energy,united states,True,u,m,1955-05-09 00:00:00,smith,michael s.,2023-04-04 05:01:00,1955.0,5.0,9.0,117.24,7.5,21427700000000,88.2,101.8,78.5,9.6,36.6,328239523.0,37.09024,-95.712891
1164,2600,manufacturing,julia thiele-schuerhoff,51.0,germany,munich,"brakes, investments",manufacturing,germany,False,d,f,1972-01-01 00:00:00,thiele-schuerhoff,julia,2023-04-04 05:01:00,1972.0,1.0,1.0,112.85,1.4,3845630030824,70.2,104.0,80.9,11.5,48.8,83132799.0,51.165691,10.451526
1164,2600,food & beverage,john tyson & family,69.0,united states,springdale,food processing,food & beverage,united states,False,d,m,1953-09-05 00:00:00,tyson,john,2023-04-04 05:01:00,1953.0,9.0,5.0,117.24,7.5,21427700000000,88.2,101.8,78.5,9.6,36.6,328239523.0,37.09024,-95.712891
1164,2600,technology,zhao lixin,57.0,china,shanghai,electronics,technology,china,True,d,m,1966-01-01 00:00:00,zhao,lixin,2023-04-04 05:01:00,1966.0,1.0,1.0,125.08,2.9,19910000000000,50.6,100.2,77.0,9.4,59.2,1397715000.0,35.86166,104.195397
1164,2600,technology,hongyi zhou,52.0,china,beijing,security software,technology,china,True,u,m,1970-10-01 00:00:00,zhou,hongyi,2023-04-04 05:01:00,1970.0,10.0,1.0,125.08,2.9,19910000000000,50.6,100.2,77.0,9.4,59.2,1397715000.0,35.86166,104.195397
1217,2500,food & beverage,s. daniel abraham,98.0,united states,palm beach,slim-fast,food & beverage,united states,True,u,m,1924-08-15 00:00:00,abraham,s. daniel,2023-04-04 05:01:00,1924.0,8.0,15.0,117.24,7.5,21427700000000,88.2,101.8,78.5,9.6,36.6,328239523.0,37.09024,-95.712891
1217,2500,fashion & retail,bill alfond,74.0,united states,boston,shoes,fashion & retail,united states,False,d,m,1948-05-16 00:00:00,alfond,bill,2023-04-04 05:01:00,1948.0,5.0,16.0,117.24,7.5,21427700000000,88.2,101.8,78.5,9.6,36.6,328239523.0,37.09024,-95.712891
1217,2500,fashion & retail,susan alfond,77.0,united states,scarborough,shoes,fashion & retail,united states,False,d,f,1945-07-19 00:00:00,alfond,susan,2023-04-04 05:01:00,1945.0,7.0,19.0,117.24,7.5,21427700000000,88.2,101.8,78.5,9.6,36.6,328239523.0,37.09024,-95.712891
1217,2500,fashion & retail,ted alfond,78.0,united states,weston,shoes,fashion & retail,united states,False,d,m,1944-08-19 00:00:00,alfond,ted,2023-04-04 05:01:00,1944.0,8.0,19.0,117.24,7.5,21427700000000,88.2,101.8,78.5,9.6,36.6,328239523.0,37.09024,-95.712891
1217,2500,construction & engineering,riley bechtel & family,71.0,united states,san francisco,"engineering, construction",construction & engineering,united states,False,d,m,1952-03-25 00:00:00,bechtel,riley,2023-04-04 05:01:00,1952.0,3.0,25.0,117.24,7.5,21427700000000,88.2,101.8,78.5,9.6,36.6,328239523.0,37.09024,-95.712891
1217,2500,diversified,thor bjorgolfsson,56.0,united kingdom,london,investments,diversified,iceland,True,e,m,1967-03-19 00:00:00,bjorgolfsson,thor,2023-04-04 05:01:00,1967.0,3.0,19.0,119.62,1.7,2827113184696,60.0,101.2,81.3,25.5,30.6,66834405.0,55.378051,-3.435973
1217,2500,food & beverage,charles bronfman,91.0,united states,palm beach,liquor,food & beverage,canada,False,e,m,1931-06-27 00:00:00,bronfman,charles,2023-04-04 05:01:00,1931.0,6.0,27.0,117.24,7.5,21427700000000,88.2,101.8,78.5,9.6,36.6,328239523.0,37.09024,-95.712891
1217,2500,food & beverage,vivek chand burman,85.0,india,delhi,consumer goods,food & beverage,india,False,d,m,1937-04-28 00:00:00,burman,vivek chand,2023-04-04 05:01:00,1937.0,4.0,28.0,180.44,7.7,2611000000000,28.1,113.0,69.4,11.2,49.7,1366417754.0,20.593684,78.96288
1217,2500,automotive,herb chambers,81.0,united states,boston,car dealerships,automotive,united states,True,u,m,1942-01-01 00:00:00,chambers,herb,2023-04-04 05:01:00,1942.0,1.0,1.0,117.24,7.5,21427700000000,88.2,101.8,78.5,9.6,36.6,328239523.0,37.09024,-95.712891
1217,2500,media & entertainment,cheng yixiao,39.0,china,beijing,video streaming app,media & entertainment,china,True,d,m,1984-01-01 00:00:00,cheng,yixiao,2023-04-04 05:01:00,1984.0,1.0,1.0,125.08,2.9,19910000000000,50.6,100.2,77.0,9.4,59.2,1397715000.0,35.86166,104.195397
1217,2500,food & beverage,andrew cherng,75.0,united states,las vegas,fast food,food & beverage,united states,True,split family fortune,m,1948-04-02 00:00:00,cherng,andrew,2023-04-04 05:01:00,1948.0,4.0,2.0,117.24,7.5,21427700000000,88.2,101.8,78.5,9.6,36.6,328239523.0,37.09024,-95.712891
1217,2500,food & beverage,peggy cherng,75.0,united states,las vegas,fast food,food & beverage,united states,True,split family fortune,f,1947-12-18 00:00:00,cherng,peggy,2023-04-04 05:01:00,1947.0,12.0,18.0,117.24,7.5,21427700000000,88.2,101.8,78.5,9.6,36.6,328239523.0,37.09024,-95.712891
1217,2500,finance & investments,leon g. cooperman,79.0,united states,boca raton,hedge funds,finance & investments,united states,True,e,m,1943-04-25 00:00:00,cooperman,leon g.,2023-04-04 05:01:00,1943.0,4.0,25.0,117.24,7.5,21427700000000,88.2,101.8,78.5,9.6,36.6,328239523.0,37.09024,-95.712891
1217,2500,manufacturing,yadu hari dalmia & family,75.0,india,delhi,cement,manufacturing,india,False,u,m,1947-06-02 00:00:00,dalmia,yadu hari,2023-04-04 05:01:00,1947.0,6.0,2.0,180.44,7.7,2611000000000,28.1,113.0,69.4,11.2,49.7,1366417754.0,20.593684,78.96288
1217,2500,food & beverage,henry davis,72.0,united states,omaha,beef processing,food & beverage,united states,False,u,m,1951-02-16 00:00:00,davis,henry,2023-04-04 05:01:00,1951.0,2.0,16.0,117.24,7.5,21427700000000,88.2,101.8,78.5,9.6,36.6,328239523.0,37.09024,-95.712891
1217,2500,metals & mining,oleg deripaska,55.0,russia,moscow,"aluminum, utilities",metals & mining,russia,True,u,m,1968-01-02 00:00:00,deripaska,oleg,2023-04-04 05:01:00,1968.0,1.0,2.0,180.75,4.5,1699876578871,81.9,102.6,72.7,11.4,46.2,144373535.0,61.52401,105.318756
1217,2500,technology,sergey dmitriev,57.0,cyprus,paralimni,software,technology,cyprus,True,d,m,1966-03-11 00:00:00,dmitriev,sergey,2023-04-04 05:01:00,1966.0,3.0,11.0,102.51,0.3,24564647935,75.9,99.3,80.8,24.5,22.4,1198575.0,35.126413,33.429859
1217,2500,finance & investments,joseph edelman,67.0,united states,new york,hedge funds,finance & investments,united states,True,d,m,1955-06-10 00:00:00,edelman,joseph,2023-04-04 05:01:00,1955.0,6.0,10.0,117.24,7.5,21427700000000,88.2,101.8,78.5,9.6,36.6,328239523.0,37.09024,-95.712891
1217,2500,manufacturing,sandeep engineer,61.0,india,ahmedabad,plastic pipes,manufacturing,india,True,d,m,1961-05-11 00:00:00,engineer,sandeep,2023-04-04 05:01:00,1961.0,5.0,11.0,180.44,7.7,2611000000000,28.1,113.0,69.4,11.2,49.7,1366417754.0,20.593684,78.96288
1217,2500,energy,alceu elias feldmann & family,73.0,brazil,curitiba,fertilizer,energy,brazil,True,d,m,1949-07-01 00:00:00,feldmann,alceu elias,2023-04-04 05:01:00,1949.0,7.0,1.0,167.4,3.7,1839758040766,51.3,115.4,75.7,14.2,65.1,212559417.0,-14.235004,-51.92528
1217,2500,technology,serge godin,73.0,canada,westmount,information technology,technology,canada,True,u,m,1949-11-17 00:00:00,godin,serge,2023-04-04 05:01:00,1949.0,11.0,17.0,116.76,1.9,1736425629520,68.9,100.9,81.9,12.8,24.5,36991981.0,56.130366,-106.346771
1217,2500,finance & investments,alec gores,70.0,united states,beverly hills,private equity,finance & investments,united states,True,d,m,1953-03-18 00:00:00,gores,alec,2023-04-04 05:01:00,1953.0,3.0,18.0,117.24,7.5,21427700000000,88.2,101.8,78.5,9.6,36.6,328239523.0,37.09024,-95.712891
1217,2500,fashion & retail,bill haslam,64.0,united states,knoxville,gas stations,fashion & retail,united states,False,u,m,1958-08-23 00:00:00,haslam,bill,2023-04-04 05:01:00,1958.0,8.0,23.0,117.24,7.5,21427700000000,88.2,101.8,78.5,9.6,36.6,328239523.0,37.09024,-95.712891
1217,2500,finance & investments,j. tomilson hill,74.0,united states,new york,investments,finance & investments,united states,True,d,m,1948-05-24 00:00:00,hill,j. tomilson,2023-04-04 05:01:00,1948.0,5.0,24.0,117.24,7.5,21427700000000,88.2,101.8,78.5,9.6,36.6,328239523.0,37.09024,-95.712891
1217,2500,automotive,baba kalyani,74.0,india,pune,engineering,automotive,india,False,e,m,1949-01-07 00:00:00,kalyani,baba,2023-04-04 05:01:00,1949.0,1.0,7.0,180.44,7.7,2611000000000,28.1,113.0,69.4,11.2,49.7,1366417754.0,20.593684,78.96288
1217,2500,energy,saban cemil kazanci,62.0,turkey,istanbul,energy,energy,turkey,False,r,m,1961-02-13 00:00:00,kazanci,saban cemil,2023-04-04 05:01:00,1961.0,2.0,13.0,234.44,15.2,754411708203,23.9,93.2,77.4,17.9,42.3,83429615.0,38.963745,35.243322
1217,2500,real estate,brad kelley,66.0,united states,franklin,tobacco,real estate,united states,True,d,m,1956-12-23 00:00:00,kelley,brad,2023-04-04 05:01:00,1956.0,12.0,23.0,117.24,7.5,21427700000000,88.2,101.8,78.5,9.6,36.6,328239523.0,37.09024,-95.712891
1217,2500,construction & engineering,wolfgang leitner,70.0,austria,graz,engineering,construction & engineering,austria,True,u,m,1953-03-27 00:00:00,leitner,wolfgang,2023-04-04 05:01:00,1953.0,3.0,27.0,118.06,1.5,446314739528,85.1,103.1,81.6,25.4,51.4,8877067.0,47.516231,14.550072
1217,2500,manufacturing,li hongxin & family,70.0,china,yanzhou,paper & related products,manufacturing,china,True,d,m,1953-03-07 00:00:00,li,hongxin,2023-04-04 05:01:00,1953.0,3.0,7.0,125.08,2.9,19910000000000,50.6,100.2,77.0,9.4,59.2,1397715000.0,35.86166,104.195397
1217,2500,real estate,lin chen-hai,76.0,taiwan,taipei,real estate,real estate,taiwan,True,d,m,1947-03-01 00:00:00,lin,chen-hai,2023-04-04 05:01:00,1947.0,3.0,1.0,117.24,2.9,21427700000000,65.6,101.8,78.5,9.6,41.2,328239523.0,37.09024,10.451526
1217,2500,fashion & retail,lu yiwen,36.0,china,shenzhen,jewelry,fashion & retail,china,True,d,f,1987-01-01 00:00:00,lu,yiwen,2023-04-04 05:01:00,1987.0,1.0,1.0,125.08,2.9,19910000000000,50.6,100.2,77.0,9.4,59.2,1397715000.0,35.86166,104.195397
1217,2500,food & beverage,prayudh mahagitsiri,77.0,thailand,bangkok,"coffee, shipping",food & beverage,thailand,False,u,m,1946-01-01 00:00:00,mahagitsiri,prayudh,2023-04-04 05:01:00,1946.0,1.0,1.0,113.27,0.7,543649976166,49.3,99.8,76.9,14.9,29.5,69625582.0,15.870032,100.992541
1217,2500,healthcare,willy michel,76.0,switzerland,burgdorf,medical devices,healthcare,switzerland,True,e,m,1947-01-01 00:00:00,michel,willy,2023-04-04 05:01:00,1947.0,1.0,1.0,99.55,0.4,703082435360,59.6,105.2,83.6,10.1,28.8,8574832.0,46.818188,8.227512
1217,2500,automotive,lachhman das mittal,92.0,india,delhi,tractors,automotive,india,False,e,m,1930-11-05 00:00:00,mittal,lachhman das,2023-04-04 05:01:00,1930.0,11.0,5.0,180.44,7.7,2611000000000,28.1,113.0,69.4,11.2,49.7,1366417754.0,20.593684,78.96288
1217,2500,technology,bobby murphy,34.0,united states,venice,snapchat,technology,united states,True,d,m,1988-07-19 00:00:00,murphy,bobby,2023-04-04 05:01:00,1988.0,7.0,19.0,117.24,7.5,21427700000000,88.2,101.8,78.5,9.6,36.6,328239523.0,37.09024,-95.712891
1217,2500,real estate,tomas olivo lopez,49.0,spain,marbella,shopping centers,real estate,spain,True,u,m,1974-01-01 00:00:00,olivo lopez,tomas,2023-04-04 05:01:00,1974.0,1.0,1.0,110.96,0.7,1394116310769,88.9,102.7,83.3,14.2,47.0,47076781.0,40.463667,-3.74922
1217,2500,manufacturing,eren ozmen,64.0,united states,reno,aerospace,manufacturing,united states,True,d,f,1958-09-03 00:00:00,ozmen,eren,2023-04-04 05:01:00,1958.0,9.0,3.0,117.24,7.5,21427700000000,88.2,101.8,78.5,9.6,36.6,328239523.0,37.09024,-95.712891
1217,2500,finance & investments,john pritzker,69.0,united states,san francisco,"hotels, investments",finance & investments,united states,False,d,m,1953-08-10 00:00:00,pritzker,john,2023-04-04 05:01:00,1953.0,8.0,10.0,117.24,7.5,21427700000000,88.2,101.8,78.5,9.6,36.6,328239523.0,37.09024,-95.712891
1217,2500,technology,qiu minxiu,77.0,china,shangyu,semiconductors,technology,china,True,e,f,1945-09-17 00:00:00,qiu,minxiu,2023-04-04 05:01:00,1945.0,9.0,17.0,125.08,2.9,19910000000000,50.6,100.2,77.0,9.4,59.2,1397715000.0,35.86166,104.195397
1217,2500,diversified,ferit faik sahenk,59.0,turkey,istanbul,diversified,diversified,turkey,False,u,m,1964-03-18 00:00:00,sahenk,ferit faik,2023-04-04 05:01:00,1964.0,3.0,18.0,234.44,15.2,754411708203,23.9,93.2,77.4,17.9,42.3,83429615.0,38.963745,35.243322
1217,2500,metals & mining,wenrong shen,77.0,china,zhangjiagang,steel production,metals & mining,china,True,u,m,1946-02-13 00:00:00,shen,wenrong,2023-04-04 05:01:00,1946.0,2.0,13.0,125.08,2.9,19910000000000,50.6,100.2,77.0,9.4,59.2,1397715000.0,35.86166,104.195397
1217,2500,diversified,yuzhu shi,60.0,china,shanghai,"online games, investments",diversified,china,True,d,m,1962-09-01 00:00:00,shi,yuzhu,2023-04-04 05:01:00,1962.0,9.0,1.0,125.08,2.9,19910000000000,50.6,100.2,77.0,9.4,59.2,1397715000.0,35.86166,104.195397
1217,2500,real estate,jeff sutton,63.0,united states,new york,real estate,real estate,united states,True,d,m,1960-01-17 00:00:00,sutton,jeff,2023-04-04 05:01:00,1960.0,1.0,17.0,117.24,7.5,21427700000000,88.2,101.8,78.5,9.6,36.6,328239523.0,37.09024,-95.712891
1217,2500,diversified,"henry sy, jr.",69.0,philippines,manila,diversified,diversified,philippines,False,d,m,1954-01-01 00:00:00,sy,henry,2023-04-04 05:01:00,1954.0,1.0,1.0,129.61,2.5,376795508680,35.5,107.5,71.1,14.0,43.1,108116615.0,12.879721,121.774017
1217,2500,diversified,andrew tan,71.0,philippines,manila,diversified,diversified,philippines,True,d,m,1952-02-01 00:00:00,tan,andrew,2023-04-04 05:01:00,1952.0,2.0,1.0,129.61,2.5,376795508680,35.5,107.5,71.1,14.0,43.1,108116615.0,12.879721,121.774017
1217,2500,energy,arvind tiku,53.0,singapore,singapore,"oil & gas, investments",energy,india,True,u,m,1970-02-22 00:00:00,tiku,arvind,2023-04-04 05:01:00,1970.0,2.0,22.0,114.41,0.6,372062527489,84.8,100.6,83.1,13.1,21.0,5703569.0,1.352083,103.819836
1217,2500,finance & investments,byron trott,64.0,united states,winnetka,investments,finance & investments,united states,True,u,m,1958-12-02 00:00:00,trott,byron,2023-04-04 05:01:00,1958.0,12.0,2.0,117.24,7.5,21427700000000,88.2,101.8,78.5,9.6,36.6,328239523.0,37.09024,-95.712891
1217,2500,real estate,donald trump,76.0,united states,palm beach,real estate,real estate,united states,False,d,m,1946-06-14 00:00:00,trump,donald,2023-04-04 05:01:00,1946.0,6.0,14.0,117.24,7.5,21427700000000,88.2,101.8,78.5,9.6,36.6,328239523.0,37.09024,-95.712891
1217,2500,automotive,peter unger,78.0,germany,neustadt an der waldnaab,auto repair,automotive,germany,True,u,m,1944-08-20 00:00:00,unger,peter,2023-04-04 05:01:00,1944.0,8.0,20.0,112.85,1.4,3845630030824,70.2,104.0,80.9,11.5,48.8,83132799.0,51.165691,10.451526
1217,2500,fashion & retail,roger wang,74.0,china,nanjing,retail,fashion & retail,united states,True,d,m,1949-01-01 00:00:00,wang,roger,2023-04-04 05:01:00,1949.0,1.0,1.0,125.08,2.9,19910000000000,50.6,100.2,77.0,9.4,59.2,1397715000.0,35.86166,104.195397
1217,2500,media & entertainment,oprah winfrey,69.0,united states,montecito,tv shows,media & entertainment,united states,True,d,f,1954-01-29 00:00:00,winfrey,oprah,2023-04-04 05:01:00,1954.0,1.0,29.0,117.24,7.5,21427700000000,88.2,101.8,78.5,9.6,36.6,328239523.0,37.09024,-95.712891
1217,2500,food & beverage,wu zhigang & family,88.0,china,shenyang,bakery chain,food & beverage,china,True,d,m,1935-01-14 00:00:00,wu,zhigang,2023-04-04 05:01:00,1935.0,1.0,14.0,125.08,2.9,19910000000000,50.6,100.2,77.0,9.4,59.2,1397715000.0,35.86166,104.195397
1217,2500,fashion & retail,ye guofu,45.0,china,guangzhou,retail,fashion & retail,china,True,r,m,1978-01-01 00:00:00,ye,guofu,2023-04-04 05:01:00,1978.0,1.0,1.0,125.08,2.9,19910000000000,50.6,100.2,77.0,9.4,59.2,1397715000.0,35.86166,104.195397
1272,2400,technology,brian acton,51.0,united states,palo alto,whatsapp,technology,united states,True,d,m,1972-02-17 00:00:00,acton,brian,2023-04-04 05:01:00,1972.0,2.0,17.0,117.24,7.5,21427700000000,88.2,101.8,78.5,9.6,36.6,328239523.0,37.09024,-95.712891
1272,2400,automotive,abdulla al futtaim & family,83.0,united arab emirates,dubai,"auto dealers, investments",automotive,united arab emirates,False,d,m,1940-01-01 00:00:00,al futtaim,abdulla,2023-04-04 05:01:00,1940.0,1.0,1.0,114.52,-1.9,421142267938,36.8,108.4,77.8,0.1,15.9,9770529.0,23.424076,53.847818
1272,2400,energy,edward bass,77.0,united states,fort worth,"oil, investments",energy,united states,False,e,m,1945-09-10 00:00:00,bass,edward,2023-04-04 05:01:00,1945.0,9.0,10.0,117.24,7.5,21427700000000,88.2,101.8,78.5,9.6,36.6,328239523.0,37.09024,-95.712891
1272,2400,media & entertainment,koos bekker,70.0,south africa,cape town,"media, investments",media & entertainment,south africa,True,u,m,1952-12-14 00:00:00,bekker,koos,2023-04-04 05:01:00,1952.0,12.0,14.0,158.93,4.1,351431649241,22.4,100.9,63.9,27.5,29.2,58558270.0,-30.559482,22.937506
1272,2400,healthcare,otto philipp braun,45.0,germany,melsungen,medical technology,healthcare,germany,False,d,m,1978-01-01 00:00:00,braun,otto philipp,2023-04-04 05:01:00,1978.0,1.0,1.0,112.85,1.4,3845630030824,70.2,104.0,80.9,11.5,48.8,83132799.0,51.165691,10.451526
1272,2400,fashion & retail,chen tei-fu,74.0,united states,los angeles,herbal products,fashion & retail,taiwan,True,d,m,1948-04-19 00:00:00,chen,tei-fu,2023-04-04 05:01:00,1948.0,4.0,19.0,117.24,7.5,21427700000000,88.2,101.8,78.5,9.6,36.6,328239523.0,37.09024,-95.712891
1272,2400,fashion & retail,abilio dos santos diniz,86.0,brazil,sao paulo,retail,fashion & retail,brazil,False,d,m,1936-12-28 00:00:00,diniz,abilio dos santos,2023-04-04 05:01:00,1936.0,12.0,28.0,167.4,3.7,1839758040766,51.3,115.4,75.7,14.2,65.1,212559417.0,-14.235004,-51.92528
1272,2400,finance & investments,marcel erni,58.0,switzerland,zug,private equity,finance & investments,switzerland,True,d,m,1965-01-01 00:00:00,erni,marcel,2023-04-04 05:01:00,1965.0,1.0,1.0,99.55,0.4,703082435360,59.6,105.2,83.6,10.1,28.8,8574832.0,46.818188,8.227512
1272,2400,fashion & retail,doris fisher,91.0,united states,san francisco,gap,fashion & retail,united states,True,d,f,1931-08-23 00:00:00,fisher,doris,2023-04-04 05:01:00,1931.0,8.0,23.0,117.24,7.5,21427700000000,88.2,101.8,78.5,9.6,36.6,328239523.0,37.09024,-95.712891
1272,2400,finance & investments,gerald ford,78.0,united states,dallas,banking,finance & investments,united states,True,d,m,1944-08-04 00:00:00,ford,gerald,2023-04-04 05:01:00,1944.0,8.0,4.0,117.24,7.5,21427700000000,88.2,101.8,78.5,9.6,36.6,328239523.0,37.09024,-95.712891
1272,2400,healthcare,bernard fraisse & family,66.0,france,paris,pharmaceuticals,healthcare,france,True,e,m,1956-08-10 00:00:00,fraisse,bernard,2023-04-04 05:01:00,1956.0,8.0,10.0,110.05,1.1,2715518274227,65.6,102.5,82.5,24.2,60.7,67059887.0,46.227638,2.213749
1272,2400,finance & investments,alfred gantner,55.0,switzerland,zug,private equity,finance & investments,switzerland,True,d,m,1968-04-01 00:00:00,gantner,alfred,2023-04-04 05:01:00,1968.0,4.0,1.0,99.55,0.4,703082435360,59.6,105.2,83.6,10.1,28.8,8574832.0,46.818188,8.227512
1272,2400,gambling & casinos,paul gauselmann & family,88.0,germany,espelkamp,gambling,gambling & casinos,germany,True,d,m,1934-08-26 00:00:00,gauselmann,paul,2023-04-04 05:01:00,1934.0,8.0,26.0,112.85,1.4,3845630030824,70.2,104.0,80.9,11.5,48.8,83132799.0,51.165691,10.451526
1272,2400,real estate,mitchell goldhar,61.0,canada,north york,real estate,real estate,canada,True,d,m,1961-07-15 00:00:00,goldhar,mitchell,2023-04-04 05:01:00,1961.0,7.0,15.0,116.76,1.9,1736425629520,68.9,100.9,81.9,12.8,24.5,36991981.0,56.130366,-106.346771
1272,2400,finance & investments,peter hargreaves,76.0,united kingdom,bristol,financial services,finance & investments,united kingdom,True,d,m,1946-10-05 00:00:00,hargreaves,peter,2023-04-04 05:01:00,1946.0,10.0,5.0,119.62,1.7,2827113184696,60.0,101.2,81.3,25.5,30.6,66834405.0,55.378051,-3.435973
1272,2400,healthcare,xuande hua & family,79.0,china,taizhou,pharmaceuticals,healthcare,china,True,d,m,1943-10-30 00:00:00,hua,xuande,2023-04-04 05:01:00,1943.0,10.0,30.0,125.08,2.9,19910000000000,50.6,100.2,77.0,9.4,59.2,1397715000.0,35.86166,104.195397
1272,2400,diversified,kwek leng kee,68.0,singapore,singapore,diversified,diversified,singapore,False,u,m,1955-01-01 00:00:00,kwek,leng kee,2023-04-04 05:01:00,1955.0,1.0,1.0,114.41,0.6,372062527489,84.8,100.6,83.1,13.1,21.0,5703569.0,1.352083,103.819836
1272,2400,manufacturing,catherine lozick,77.0,united states,fort lauderdale,valve manufacturing,manufacturing,united states,False,u,f,1945-05-01 00:00:00,lozick,catherine,2023-04-04 05:01:00,1945.0,5.0,1.0,117.24,7.5,21427700000000,88.2,101.8,78.5,9.6,36.6,328239523.0,37.09024,-95.712891
1272,2400,media & entertainment,kalanithi maran,57.0,india,chennai,media,media & entertainment,india,True,e,m,1965-07-26 00:00:00,maran,kalanithi,2023-04-04 05:01:00,1965.0,7.0,26.0,180.44,7.7,2611000000000,28.1,113.0,69.4,11.2,49.7,1366417754.0,20.593684,78.96288
1272,2400,finance & investments,jed mccaleb,48.0,united states,berkeley,cryptocurrency,finance & investments,united states,True,d,m,1975-01-01 00:00:00,mccaleb,jed,2023-04-04 05:01:00,1975.0,1.0,1.0,117.24,7.5,21427700000000,88.2,101.8,78.5,9.6,36.6,328239523.0,37.09024,-95.712891
1272,2400,manufacturing,fatih ozmen,65.0,united states,reno,aerospace,manufacturing,united states,True,d,m,1958-02-02 00:00:00,ozmen,fatih,2023-04-04 05:01:00,1958.0,2.0,2.0,117.24,7.5,21427700000000,88.2,101.8,78.5,9.6,36.6,328239523.0,37.09024,-95.712891
1272,2400,metals & mining,tor peterson,58.0,switzerland,zug,commodities,metals & mining,united states,True,d,m,1964-08-07 00:00:00,peterson,tor,2023-04-04 05:01:00,1964.0,8.0,7.0,99.55,0.4,703082435360,59.6,105.2,83.6,10.1,28.8,8574832.0,46.818188,8.227512
1272,2400,finance & investments,daniel pritzker,63.0,united states,marin county,"hotels, investments",finance & investments,united states,False,d,m,1959-09-15 00:00:00,pritzker,daniel,2023-04-04 05:01:00,1959.0,9.0,15.0,117.24,7.5,21427700000000,88.2,101.8,78.5,9.6,36.6,328239523.0,37.09024,-95.712891
1272,2400,real estate,jinxing qi,61.0,china,hangzhou,real estate,real estate,china,True,u,m,1962-03-28 00:00:00,qi,jinxing,2023-04-04 05:01:00,1962.0,3.0,28.0,125.08,2.9,19910000000000,50.6,100.2,77.0,9.4,59.2,1397715000.0,35.86166,104.195397
1272,2400,manufacturing,qiu jianping & family,61.0,china,hangzhou,hand tools,manufacturing,china,True,u,m,1962-01-28 00:00:00,qiu,jianping,2023-04-04 05:01:00,1962.0,1.0,28.0,125.08,2.9,19910000000000,50.6,100.2,77.0,9.4,59.2,1397715000.0,35.86166,104.195397
1272,2400,diversified,rajan raheja & family,68.0,india,mumbai,diversified,diversified,india,False,e,m,1954-06-01 00:00:00,raheja,rajan,2023-04-04 05:01:00,1954.0,6.0,1.0,180.44,7.7,2611000000000,28.1,113.0,69.4,11.2,49.7,1366417754.0,20.593684,78.96288
1272,2400,finance & investments,matthias reinhart,63.0,switzerland,zurich,financial services,finance & investments,switzerland,True,d,m,1960-01-01 00:00:00,reinhart,matthias,2023-04-04 05:01:00,1960.0,1.0,1.0,99.55,0.4,703082435360,59.6,105.2,83.6,10.1,28.8,8574832.0,46.818188,8.227512
1272,2400,technology,arnout schuijff,55.0,netherlands,amsterdam,payments software,technology,netherlands,True,d,m,1967-10-16 00:00:00,schuijff,arnout,2023-04-04 05:01:00,1967.0,10.0,16.0,115.91,2.6,909070395161,85.0,104.2,81.8,23.0,41.2,17332850.0,52.132633,5.291266
1272,2400,diversified,hans sy,67.0,philippines,manila,diversified,diversified,philippines,False,d,m,1955-09-29 00:00:00,sy,hans,2023-04-04 05:01:00,1955.0,9.0,29.0,129.61,2.5,376795508680,35.5,107.5,71.1,14.0,43.1,108116615.0,12.879721,121.774017
1272,2400,diversified,herbert sy,66.0,philippines,manila,diversified,diversified,philippines,False,d,m,1956-10-01 00:00:00,sy,herbert,2023-04-04 05:01:00,1956.0,10.0,1.0,129.61,2.5,376795508680,35.5,107.5,71.1,14.0,43.1,108116615.0,12.879721,121.774017
1272,2400,diversified,lucio tan,88.0,philippines,manila,diversified,diversified,philippines,True,u,m,1934-07-17 00:00:00,tan,lucio,2023-04-04 05:01:00,1934.0,7.0,17.0,129.61,2.5,376795508680,35.5,107.5,71.1,14.0,43.1,108116615.0,12.879721,121.774017
1272,2400,technology,tsai ming-kai,72.0,taiwan,hsinchu,semiconductors,technology,taiwan,True,d,m,1950-04-06 00:00:00,tsai,ming-kai,2023-04-04 05:01:00,1950.0,4.0,6.0,117.24,2.9,21427700000000,65.6,101.8,78.5,9.6,41.2,328239523.0,37.09024,10.451526
1272,2400,media & entertainment,ted turner,84.0,united states,atlanta,cable television,media & entertainment,united states,False,u,m,1938-11-19 00:00:00,turner,ted,2023-04-04 05:01:00,1938.0,11.0,19.0,117.24,7.5,21427700000000,88.2,101.8,78.5,9.6,36.6,328239523.0,37.09024,-95.712891
1272,2400,real estate,david walentas,84.0,united states,new york,real estate,real estate,united states,True,u,m,1938-08-07 00:00:00,walentas,david,2023-04-04 05:01:00,1938.0,8.0,7.0,117.24,7.5,21427700000000,88.2,101.8,78.5,9.6,36.6,328239523.0,37.09024,-95.712891
1272,2400,finance & investments,urs wietlisbach,61.0,switzerland,zug,private equity,finance & investments,switzerland,True,d,m,1961-08-25 00:00:00,wietlisbach,urs,2023-04-04 05:01:00,1961.0,8.0,25.0,99.55,0.4,703082435360,59.6,105.2,83.6,10.1,28.8,8574832.0,46.818188,8.227512
1272,2400,technology,jerry yang,54.0,united states,los altos hills,yahoo,technology,united states,True,d,m,1968-11-06 00:00:00,yang,jerry,2023-04-04 05:01:00,1968.0,11.0,6.0,117.24,7.5,21427700000000,88.2,101.8,78.5,9.6,36.6,328239523.0,37.09024,-95.712891
1272,2400,manufacturing,yang jianliang & family,53.0,china,wuxi,machinery,manufacturing,china,True,d,m,1969-06-01 00:00:00,yang,jianliang,2023-04-04 05:01:00,1969.0,6.0,1.0,125.08,2.9,19910000000000,50.6,100.2,77.0,9.4,59.2,1397715000.0,35.86166,104.195397
1272,2400,manufacturing,yang weidong & family,54.0,china,jiaxing,chemicals,manufacturing,china,True,d,m,1968-09-09 00:00:00,yang,weidong,2023-04-04 05:01:00,1968.0,9.0,9.0,125.08,2.9,19910000000000,50.6,100.2,77.0,9.4,59.2,1397715000.0,35.86166,104.195397
1272,2400,real estate,mortimer zuckerman,85.0,united states,new york,"real estate, media",real estate,united states,True,d,m,1937-06-04 00:00:00,zuckerman,mortimer,2023-04-04 05:01:00,1937.0,6.0,4.0,117.24,7.5,21427700000000,88.2,101.8,78.5,9.6,36.6,328239523.0,37.09024,-95.712891
1312,2300,finance & investments,john armitage,63.0,united kingdom,london,hedge funds,finance & investments,ireland,True,d,m,1959-12-01 00:00:00,armitage,john,2023-04-04 05:01:00,1959.0,12.0,1.0,119.62,1.7,2827113184696,60.0,101.2,81.3,25.5,30.6,66834405.0,55.378051,-3.435973
1312,2300,energy,lee bass,66.0,united states,fort worth,"oil, investments",energy,united states,False,u,m,1956-05-24 00:00:00,bass,lee,2023-04-04 05:01:00,1956.0,5.0,24.0,117.24,7.5,21427700000000,88.2,101.8,78.5,9.6,36.6,328239523.0,37.09024,-95.712891
1312,2300,technology,john bicket,43.0,united states,san francisco,sensor systems,technology,united states,True,u,m,1980-03-20 00:00:00,bicket,john,2023-04-04 05:01:00,1980.0,3.0,20.0,117.24,7.5,21427700000000,88.2,101.8,78.5,9.6,36.6,328239523.0,37.09024,-95.712891
1312,2300,technology,sanjit biswas,41.0,united states,san francisco,sensor systems,technology,united states,True,u,m,1982-01-12 00:00:00,biswas,sanjit,2023-04-04 05:01:00,1982.0,1.0,12.0,117.24,7.5,21427700000000,88.2,101.8,78.5,9.6,36.6,328239523.0,37.09024,-95.712891
1312,2300,fashion & retail,timothy boyle,73.0,united states,portland,columbia sportswear,fashion & retail,united states,True,e,m,1949-09-07 00:00:00,boyle,timothy,2023-04-04 05:01:00,1949.0,9.0,7.0,117.24,7.5,21427700000000,88.2,101.8,78.5,9.6,36.6,328239523.0,37.09024,-95.712891
1312,2300,technology,morris chang,91.0,taiwan,hsinchu,semiconductors,technology,taiwan,True,d,m,1931-07-10 00:00:00,chang,morris,2023-04-04 05:01:00,1931.0,7.0,10.0,117.24,2.9,21427700000000,65.6,101.8,78.5,9.6,41.2,328239523.0,37.09024,10.451526
1312,2300,real estate,chao teng-hsiung,78.0,taiwan,taipei,real estate,real estate,taiwan,True,d,m,1944-10-04 00:00:00,chao,teng-hsiung,2023-04-04 05:01:00,1944.0,10.0,4.0,117.24,2.9,21427700000000,65.6,101.8,78.5,9.6,41.2,328239523.0,37.09024,10.451526
1312,2300,manufacturing,chu lam yiu,53.0,hong kong,hong kong,flavorings,manufacturing,hong kong,True,e,f,1969-12-01 00:00:00,chu,lam yiu,2023-04-04 05:01:00,1969.0,12.0,1.0,117.24,2.9,21427700000000,65.6,101.8,78.5,9.6,41.2,328239523.0,37.09024,10.451526
1312,2300,technology,k. dinesh,68.0,india,bangalore,software services,technology,india,True,d,m,1954-06-06 00:00:00,dinesh,k.,2023-04-04 05:01:00,1954.0,6.0,6.0,180.44,7.7,2611000000000,28.1,113.0,69.4,11.2,49.7,1366417754.0,20.593684,78.96288
1312,2300,diversified,james duff,62.0,united states,hattiesburg,"tires, diversified",diversified,united states,True,u,m,1961-03-07 00:00:00,duff,james,2023-04-04 05:01:00,1961.0,3.0,7.0,117.24,7.5,21427700000000,88.2,101.8,78.5,9.6,36.6,328239523.0,37.09024,-95.712891
1312,2300,diversified,thomas duff,66.0,united states,hattiesburg,"tires, diversified",diversified,united states,True,u,m,1956-12-31 00:00:00,duff,thomas,2023-04-04 05:01:00,1956.0,12.0,31.0,117.24,7.5,21427700000000,88.2,101.8,78.5,9.6,36.6,328239523.0,37.09024,-95.712891
1312,2300,technology,daniel ek,40.0,sweden,stockholm,spotify,technology,sweden,True,d,m,1983-02-21 00:00:00,ek,daniel,2023-04-04 05:01:00,1983.0,2.0,21.0,110.51,1.8,530832908738,67.0,126.6,82.5,27.9,49.1,10285453.0,60.128161,18.643501
1312,2300,fashion & retail,john fisher,61.0,united states,san francisco,gap,fashion & retail,united states,False,d,m,1961-06-01 00:00:00,fisher,john,2023-04-04 05:01:00,1961.0,6.0,1.0,117.24,7.5,21427700000000,88.2,101.8,78.5,9.6,36.6,328239523.0,37.09024,-95.712891
1312,2300,fashion & retail,georg haub,61.0,germany,berlin,retail,fashion & retail,germany,False,u,m,1962-01-01 00:00:00,haub,georg,2023-04-04 05:01:00,1962.0,1.0,1.0,112.85,1.4,3845630030824,70.2,104.0,80.9,11.5,48.8,83132799.0,51.165691,10.451526
1312,2300,construction & engineering,erman ilicak,55.0,turkey,ankara,construction,construction & engineering,turkey,True,e,m,1967-10-03 00:00:00,ilicak,erman,2023-04-04 05:01:00,1967.0,10.0,3.0,234.44,15.2,754411708203,23.9,93.2,77.4,17.9,42.3,83429615.0,38.963745,35.243322
1312,2300,finance & investments,justin ishbia,45.0,united states,chicago,private equity,finance & investments,united states,False,u,m,1977-09-18 00:00:00,ishbia,justin,2023-04-04 05:01:00,1977.0,9.0,18.0,117.24,7.5,21427700000000,88.2,101.8,78.5,9.6,36.6,328239523.0,37.09024,-95.712891
1312,2300,technology,long jiang,49.0,china,weifang,manufacturing,technology,china,True,u,m,1974-02-01 00:00:00,jiang,long,2023-04-04 05:01:00,1974.0,2.0,1.0,125.08,2.9,19910000000000,50.6,100.2,77.0,9.4,59.2,1397715000.0,35.86166,104.195397
1312,2300,finance & investments,bruce karsh,67.0,united states,los angeles,private equity,finance & investments,united states,True,u,m,1955-10-10 00:00:00,karsh,bruce,2023-04-04 05:01:00,1955.0,10.0,10.0,117.24,7.5,21427700000000,88.2,101.8,78.5,9.6,36.6,328239523.0,37.09024,-95.712891
1312,2300,technology,bom kim,44.0,south korea,seoul,online retailing,technology,united states,True,d,m,1978-10-01 00:00:00,kim,bom,2023-04-04 05:01:00,1978.0,10.0,1.0,115.16,0.4,2029000000000,94.3,98.1,82.6,15.6,33.2,51709098.0,35.907757,127.766922
1312,2300,healthcare,lam kong,58.0,hong kong,hong kong,pharmaceuticals,healthcare,china,True,d,m,1964-06-15 00:00:00,lam,kong,2023-04-04 05:01:00,1964.0,6.0,15.0,117.24,2.9,21427700000000,65.6,101.8,78.5,9.6,41.2,328239523.0,37.09024,10.451526
1312,2300,finance & investments,stephen lansdown,70.0,guernsey,st. peter port,financial services,finance & investments,guernsey,True,d,m,1952-08-30 00:00:00,lansdown,stephen,2023-04-04 05:01:00,1952.0,8.0,30.0,117.24,2.9,21427700000000,65.6,101.8,78.5,9.6,41.2,328239523.0,37.09024,10.451526
1312,2300,finance & investments,hua li,45.0,china,shenzhen,financial services,finance & investments,china,True,u,m,1978-01-01 00:00:00,li,hua,2023-04-04 05:01:00,1978.0,1.0,1.0,125.08,2.9,19910000000000,50.6,100.2,77.0,9.4,59.2,1397715000.0,35.86166,104.195397
1312,2300,gambling & casinos,lim kok thay,71.0,malaysia,kuala lumpur,casinos,gambling & casinos,malaysia,False,u,m,1951-08-16 00:00:00,lim,kok thay,2023-04-04 05:01:00,1951.0,8.0,16.0,121.46,0.7,364701517788,45.1,105.3,76.0,12.0,38.7,32447385.0,4.210484,101.975766
1312,2300,food & beverage,kishore mariwala,88.0,india,mumbai,consumer goods,food & beverage,india,False,d,m,1935-02-14 00:00:00,mariwala,kishore,2023-04-04 05:01:00,1935.0,2.0,14.0,180.44,7.7,2611000000000,28.1,113.0,69.4,11.2,49.7,1366417754.0,20.593684,78.96288
1312,2300,food & beverage,clayton mathile,82.0,united states,brookville,pet food,food & beverage,united states,True,e,m,1941-01-11 00:00:00,mathile,clayton,2023-04-04 05:01:00,1941.0,1.0,11.0,117.24,7.5,21427700000000,88.2,101.8,78.5,9.6,36.6,328239523.0,37.09024,-95.712891
1312,2300,fashion & retail,mi enhua,65.0,china,urumqi,retail,fashion & retail,china,True,d,m,1958-04-01 00:00:00,mi,enhua,2023-04-04 05:01:00,1958.0,4.0,1.0,125.08,2.9,19910000000000,50.6,100.2,77.0,9.4,59.2,1397715000.0,35.86166,104.195397
1312,2300,food & beverage,vadim moshkovich,55.0,russia,moscow,"agriculture, land",food & beverage,russia,True,u,m,1967-04-06 00:00:00,moshkovich,vadim,2023-04-04 05:01:00,1967.0,4.0,6.0,180.75,4.5,1699876578871,81.9,102.6,72.7,11.4,46.2,144373535.0,61.52401,105.318756
1312,2300,food & beverage,david murdock,99.0,united states,ventura,"dole, real estate",food & beverage,united states,True,e,m,1923-04-10 00:00:00,murdock,david,2023-04-04 05:01:00,1923.0,4.0,10.0,117.24,7.5,21427700000000,88.2,101.8,78.5,9.6,36.6,328239523.0,37.09024,-95.712891
1312,2300,fashion & retail,david nahmad,75.0,united states,new york,art collection,fashion & retail,monaco,True,u,m,1947-04-14 00:00:00,nahmad,david,2023-04-04 05:01:00,1947.0,4.0,14.0,117.24,7.5,21427700000000,88.2,101.8,78.5,9.6,36.6,328239523.0,37.09024,-95.712891
1312,2300,finance & investments,lirio parisotto,69.0,brazil,manaus,investments,finance & investments,brazil,True,d,m,1953-12-18 00:00:00,parisotto,lirio,2023-04-04 05:01:00,1953.0,12.0,18.0,167.4,3.7,1839758040766,51.3,115.4,75.7,14.2,65.1,212559417.0,-14.235004,-51.92528
1312,2300,fashion & retail,alberto prada,69.0,italy,milan,luxury goods,fashion & retail,italy,False,u,m,1954-02-21 00:00:00,prada,alberto,2023-04-04 05:01:00,1954.0,2.0,21.0,110.62,0.6,2001244392042,61.9,101.9,82.9,24.3,59.1,60297396.0,41.87194,12.56738
1312,2300,fashion & retail,marina prada,77.0,italy,milan,luxury goods,fashion & retail,italy,False,u,f,1945-07-14 00:00:00,prada,marina,2023-04-04 05:01:00,1945.0,7.0,14.0,110.62,0.6,2001244392042,61.9,101.9,82.9,24.3,59.1,60297396.0,41.87194,12.56738
1312,2300,diversified,filiz sahenk,56.0,turkey,istanbul,diversified,diversified,turkey,False,u,f,1967-02-14 00:00:00,sahenk,filiz,2023-04-04 05:01:00,1967.0,2.0,14.0,234.44,15.2,754411708203,23.9,93.2,77.4,17.9,42.3,83429615.0,38.963745,35.243322
1312,2300,food & beverage,richard sands,72.0,united states,delray beach,liquor,food & beverage,united states,False,split family fortune,m,1951-03-03 00:00:00,sands,richard,2023-04-04 05:01:00,1951.0,3.0,3.0,117.24,7.5,21427700000000,88.2,101.8,78.5,9.6,36.6,328239523.0,37.09024,-95.712891
1312,2300,finance & investments,stephan schmidheiny,75.0,switzerland,hurden,investments,finance & investments,switzerland,False,e,m,1947-10-29 00:00:00,schmidheiny,stephan,2023-04-04 05:01:00,1947.0,10.0,29.0,99.55,0.4,703082435360,59.6,105.2,83.6,10.1,28.8,8574832.0,46.818188,8.227512
1312,2300,healthcare,alberto siccardi & family,78.0,switzerland,lugano,medical devices,healthcare,switzerland,False,d,m,1944-05-01 00:00:00,siccardi,alberto,2023-04-04 05:01:00,1944.0,5.0,1.0,99.55,0.4,703082435360,59.6,105.2,83.6,10.1,28.8,8574832.0,46.818188,8.227512
1312,2300,real estate,stefan soloviev,47.0,united states,delray beach,"real estate, grains",real estate,united states,False,n,m,1975-05-21 00:00:00,soloviev,stefan,2023-04-04 05:01:00,1975.0,5.0,21.0,117.24,7.5,21427700000000,88.2,101.8,78.5,9.6,36.6,328239523.0,37.09024,-95.712891
1312,2300,fashion & retail,tang yiu,89.0,hong kong,hong kong,fashion retail,fashion & retail,hong kong,True,d,m,1934-04-01 00:00:00,tang,yiu,2023-04-04 05:01:00,1934.0,4.0,1.0,117.24,2.9,21427700000000,65.6,101.8,78.5,9.6,41.2,328239523.0,37.09024,10.451526
1312,2300,technology,tian ming,69.0,china,hefei,measuring instruments,technology,china,True,u,m,1953-12-20 00:00:00,tian,ming,2023-04-04 05:01:00,1953.0,12.0,20.0,125.08,2.9,19910000000000,50.6,100.2,77.0,9.4,59.2,1397715000.0,35.86166,104.195397
1312,2300,finance & investments,t.y. tsai,70.0,taiwan,taipei,finance,finance & investments,taiwan,False,d,m,1953-01-01 00:00:00,tsai,t.y.,2023-04-04 05:01:00,1953.0,1.0,1.0,117.24,2.9,21427700000000,65.6,101.8,78.5,9.6,41.2,328239523.0,37.09024,10.451526
1312,2300,technology,jayshree ullal,62.0,united states,saratoga,computer networking,technology,united states,True,u,f,1961-03-27 00:00:00,ullal,jayshree,2023-04-04 05:01:00,1961.0,3.0,27.0,117.24,7.5,21427700000000,88.2,101.8,78.5,9.6,36.6,328239523.0,37.09024,-95.712891
1312,2300,finance & investments,georg von opel,56.0,united kingdom,london,"real estate, investments",finance & investments,switzerland,False,u,m,1966-05-04 00:00:00,von opel,georg,2023-04-04 05:01:00,1966.0,5.0,4.0,119.62,1.7,2827113184696,60.0,101.2,81.3,25.5,30.6,66834405.0,55.378051,-3.435973
1312,2300,real estate,lang walker,77.0,australia,sydney,real estate,real estate,australia,True,u,m,1945-07-05 00:00:00,walker,lang,2023-04-04 05:01:00,1945.0,7.0,5.0,119.8,1.6,1392680589329,113.1,100.3,82.7,23.0,47.4,25766605.0,-25.274398,133.775136
1312,2300,manufacturing,xicheng wang & family,74.0,china,zhaoyuan,tires,manufacturing,china,True,d,m,1948-11-01 00:00:00,wang,xicheng,2023-04-04 05:01:00,1948.0,11.0,1.0,125.08,2.9,19910000000000,50.6,100.2,77.0,9.4,59.2,1397715000.0,35.86166,104.195397
1312,2300,real estate,wang zhenhua,61.0,china,shanghai,real estate,real estate,china,True,d,m,1962-03-01 00:00:00,wang,zhenhua,2023-04-04 05:01:00,1962.0,3.0,1.0,125.08,2.9,19910000000000,50.6,100.2,77.0,9.4,59.2,1397715000.0,35.86166,104.195397
1312,2300,food & beverage,paul-heinz wesjohann & family,79.0,germany,rechterfeld,chicken processing,food & beverage,germany,True,d,m,1943-05-25 00:00:00,wesjohann,paul-heinz,2023-04-04 05:01:00,1943.0,5.0,25.0,112.85,1.4,3845630030824,70.2,104.0,80.9,11.5,48.8,83132799.0,51.165691,10.451526
1312,2300,fashion & retail,xie bingkun & family,56.0,china,fuzhou,pearlescent pigments,fashion & retail,china,True,u,m,1966-08-25 00:00:00,xie,bingkun,2023-04-04 05:01:00,1966.0,8.0,25.0,125.08,2.9,19910000000000,50.6,100.2,77.0,9.4,59.2,1397715000.0,35.86166,104.195397
1312,2300,manufacturing,xu shugen,57.0,china,hangzhou,"construction, mining machinery",manufacturing,china,True,u,m,1965-06-12 00:00:00,xu,shugen,2023-04-04 05:01:00,1965.0,6.0,12.0,125.08,2.9,19910000000000,50.6,100.2,77.0,9.4,59.2,1397715000.0,35.86166,104.195397
1312,2300,healthcare,christoph zeller,65.0,liechtenstein,vaduz,dental materials,healthcare,liechtenstein,False,e,m,1957-05-04 00:00:00,zeller,christoph,2023-04-04 05:01:00,1957.0,5.0,4.0,117.24,2.9,6552858739,35.6,104.7,83.0,9.6,21.6,38019.0,47.1410392,9.520935
1312,2300,manufacturing,zhang jingzhang & family,87.0,china,ningbo,precision machinery,manufacturing,china,True,u,m,1936-01-01 00:00:00,zhang,jingzhang,2023-04-04 05:01:00,1936.0,1.0,1.0,125.08,2.9,19910000000000,50.6,100.2,77.0,9.4,59.2,1397715000.0,35.86166,104.195397
1368,2200,real estate,george argyros & family,86.0,united states,newport beach,"real estate, investments",real estate,united states,True,d,m,1937-02-04 00:00:00,argyros,george,2023-04-04 05:01:00,1937.0,2.0,4.0,117.24,7.5,21427700000000,88.2,101.8,78.5,9.6,36.6,328239523.0,37.09024,-95.712891
1368,2200,finance & investments,brian armstrong,40.0,united states,san francisco,cryptocurrency,finance & investments,united states,True,d,m,1983-01-25 00:00:00,armstrong,brian,2023-04-04 05:01:00,1983.0,1.0,25.0,117.24,7.5,21427700000000,88.2,101.8,78.5,9.6,36.6,328239523.0,37.09024,-95.712891
1368,2200,energy,albert avdolyan,52.0,russia,moscow,"oil, mining",energy,russia,True,r,m,1970-11-08 00:00:00,avdolyan,albert,2023-04-04 05:01:00,1970.0,11.0,8.0,180.75,4.5,1699876578871,81.9,102.6,72.7,11.4,46.2,144373535.0,61.52401,105.318756
1368,2200,diversified,sezai bacaksiz,73.0,turkey,ankara,diversified,diversified,turkey,True,u,m,1949-07-27 00:00:00,bacaksiz,sezai,2023-04-04 05:01:00,1949.0,7.0,27.0,234.44,15.2,754411708203,23.9,93.2,77.4,17.9,42.3,83429615.0,38.963745,35.243322
1368,2200,technology,aneel bhusri,57.0,united states,san francisco,business software,technology,united states,True,d,m,1966-02-04 00:00:00,bhusri,aneel,2023-04-04 05:01:00,1966.0,2.0,4.0,117.24,7.5,21427700000000,88.2,101.8,78.5,9.6,36.6,328239523.0,37.09024,-95.712891
1368,2200,fashion & retail,brett blundy,63.0,bahamas,paradise island,"retail, agribusiness",fashion & retail,australia,True,e,m,1960-01-17 00:00:00,blundy,brett,2023-04-04 05:01:00,1960.0,1.0,17.0,117.24,2.9,21427700000000,65.6,101.8,78.5,9.6,41.2,328239523.0,37.09024,10.451526
1368,2200,finance & investments,j. hyatt brown,85.0,united states,ormond beach,insurance,finance & investments,united states,False,d,m,1937-07-12 00:00:00,brown,j. hyatt,2023-04-04 05:01:00,1937.0,7.0,12.0,117.24,7.5,21427700000000,88.2,101.8,78.5,9.6,36.6,328239523.0,37.09024,-95.712891
1368,2200,finance & investments,chen jinxia,55.0,china,shanghai,investments,finance & investments,china,False,d,f,1968-03-28 00:00:00,chen,jinxia,2023-04-04 05:01:00,1968.0,3.0,28.0,125.08,2.9,19910000000000,50.6,100.2,77.0,9.4,59.2,1397715000.0,35.86166,104.195397
1368,2200,healthcare,chen xueli,71.0,china,weihai,pharmaceuticals,healthcare,china,True,u,m,1951-10-01 00:00:00,chen,xueli,2023-04-04 05:01:00,1951.0,10.0,1.0,125.08,2.9,19910000000000,50.6,100.2,77.0,9.4,59.2,1397715000.0,35.86166,104.195397
1368,2200,finance & investments,dermot desmond,72.0,ireland,dublin,finance,finance & investments,ireland,True,u,m,1950-07-01 00:00:00,desmond,dermot,2023-04-04 05:01:00,1950.0,7.0,1.0,117.24,2.9,21427700000000,65.6,101.8,78.5,9.6,41.2,328239523.0,37.09024,10.451526
1368,2200,healthcare,dong wei,52.0,china,lianyungang,pharmaceuticals,healthcare,china,True,d,m,1971-01-01 00:00:00,dong,wei,2023-04-04 05:01:00,1971.0,1.0,1.0,125.08,2.9,19910000000000,50.6,100.2,77.0,9.4,59.2,1397715000.0,35.86166,104.195397
1368,2200,fashion & retail,tom ford,61.0,united states,los angeles,fashion,fashion & retail,united states,True,n,m,1961-08-27 00:00:00,ford,tom,2023-04-04 05:01:00,1961.0,8.0,27.0,117.24,7.5,21427700000000,88.2,101.8,78.5,9.6,36.6,328239523.0,37.09024,-95.712891
1368,2200,food & beverage,fu guangming & family,69.0,china,nanping,poultry,food & beverage,china,True,u,m,1953-10-02 00:00:00,fu,guangming,2023-04-04 05:01:00,1953.0,10.0,2.0,125.08,2.9,19910000000000,50.6,100.2,77.0,9.4,59.2,1397715000.0,35.86166,104.195397
1368,2200,finance & investments,noam gottesman,61.0,united states,new york,hedge funds,finance & investments,united states,True,d,m,1961-05-24 00:00:00,gottesman,noam,2023-04-04 05:01:00,1961.0,5.0,24.0,117.24,7.5,21427700000000,88.2,101.8,78.5,9.6,36.6,328239523.0,37.09024,-95.712891
1368,2200,finance & investments,jeffrey gundlach,64.0,united states,los angeles,investments,finance & investments,united states,True,e,m,1959-01-01 00:00:00,gundlach,jeffrey,2023-04-04 05:01:00,1959.0,1.0,1.0,117.24,7.5,21427700000000,88.2,101.8,78.5,9.6,36.6,328239523.0,37.09024,-95.712891
1368,2200,healthcare,hao hong,67.0,china,tianjin,pharmaceuticals,healthcare,united states,True,d,m,1956-01-01 00:00:00,hao,hong,2023-04-04 05:01:00,1956.0,1.0,1.0,125.08,2.9,19910000000000,50.6,100.2,77.0,9.4,59.2,1397715000.0,35.86166,104.195397
1368,2200,automotive,shmuel harlap,78.0,israel,tel aviv,automotive,automotive,israel,False,u,m,1944-11-13 00:00:00,harlap,shmuel,2023-04-04 05:01:00,1944.0,11.0,13.0,108.15,0.8,395098666122,63.4,104.9,82.8,23.1,25.3,9053300.0,31.046051,34.851612
1368,2200,technology,hans-werner hector,83.0,germany,weinheim,sap,technology,germany,True,d,m,1940-01-17 00:00:00,hector,hans-werner,2023-04-04 05:01:00,1940.0,1.0,17.0,112.85,1.4,3845630030824,70.2,104.0,80.9,11.5,48.8,83132799.0,51.165691,10.451526
1368,2200,healthcare,lutz mario helmig & family,76.0,germany,grebenhain,hospitals,healthcare,germany,True,u,m,1946-08-29 00:00:00,helmig,lutz mario,2023-04-04 05:01:00,1946.0,8.0,29.0,112.85,1.4,3845630030824,70.2,104.0,80.9,11.5,48.8,83132799.0,51.165691,10.451526
1368,2200,real estate,chulong huang,64.0,china,shenzhen,real estate,real estate,canada,True,d,m,1959-01-01 00:00:00,huang,chulong,2023-04-04 05:01:00,1959.0,1.0,1.0,125.08,2.9,19910000000000,50.6,100.2,77.0,9.4,59.2,1397715000.0,35.86166,104.195397
1368,2200,finance & investments,thomas james,80.0,united states,saint petersburg,finance,finance & investments,united states,False,u,m,1942-05-10 00:00:00,james,thomas,2023-04-04 05:01:00,1942.0,5.0,10.0,117.24,7.5,21427700000000,88.2,101.8,78.5,9.6,36.6,328239523.0,37.09024,-95.712891
1368,2200,fashion & retail,james jannard,73.0,united states,san juan islands,sunglasses,fashion & retail,united states,True,d,m,1949-06-08 00:00:00,jannard,james,2023-04-04 05:01:00,1949.0,6.0,8.0,117.24,7.5,21427700000000,88.2,101.8,78.5,9.6,36.6,328239523.0,37.09024,-95.712891
1368,2200,automotive,willis johnson,75.0,united states,franklin,damaged cars,automotive,united states,True,u,m,1947-05-26 00:00:00,johnson,willis,2023-04-04 05:01:00,1947.0,5.0,26.0,117.24,7.5,21427700000000,88.2,101.8,78.5,9.6,36.6,328239523.0,37.09024,-95.712891
1368,2200,fashion & retail,lai shixian,48.0,china,quanzhou,sports apparel,fashion & retail,china,True,u,m,1975-01-01 00:00:00,lai,shixian,2023-04-04 05:01:00,1975.0,1.0,1.0,125.08,2.9,19910000000000,50.6,100.2,77.0,9.4,59.2,1397715000.0,35.86166,104.195397
1368,2200,finance & investments,chris larsen,62.0,united states,san francisco,cryptocurrency,finance & investments,united states,True,d,m,1960-06-15 00:00:00,larsen,chris,2023-04-04 05:01:00,1960.0,6.0,15.0,117.24,7.5,21427700000000,88.2,101.8,78.5,9.6,36.6,328239523.0,37.09024,-95.712891
1368,2200,fashion & retail,solomon lew,78.0,australia,melbourne,retail,fashion & retail,australia,True,d,m,1945-03-22 00:00:00,lew,solomon,2023-04-04 05:01:00,1945.0,3.0,22.0,119.8,1.6,1392680589329,113.1,100.3,82.7,23.0,47.4,25766605.0,-25.274398,133.775136
1368,2200,diversified,liang xinjun,54.0,singapore,singapore,conglomerate,diversified,singapore,True,e,m,1968-10-01 00:00:00,liang,xinjun,2023-04-04 05:01:00,1968.0,10.0,1.0,114.41,0.6,372062527489,84.8,100.6,83.1,13.1,21.0,5703569.0,1.352083,103.819836
1368,2200,diversified,harald link,68.0,thailand,bangkok,diversified,diversified,thailand,False,u,m,1955-01-12 00:00:00,link,harald,2023-04-04 05:01:00,1955.0,1.0,12.0,113.27,0.7,543649976166,49.3,99.8,76.9,14.9,29.5,69625582.0,15.870032,100.992541
1368,2200,technology,max lytvyn,43.0,united states,san francisco,software,technology,canada,True,d,m,1980-01-01 00:00:00,lytvyn,max,2023-04-04 05:01:00,1980.0,1.0,1.0,117.24,7.5,21427700000000,88.2,101.8,78.5,9.6,36.6,328239523.0,37.09024,-95.712891
1368,2200,energy,igor makarov,60.0,united states,miami,investments,energy,cyprus,True,u,m,1962-04-15 00:00:00,makarov,igor,2023-04-04 05:01:00,1962.0,4.0,15.0,117.24,7.5,21427700000000,88.2,101.8,78.5,9.6,36.6,328239523.0,37.09024,-95.712891
1368,2200,finance & investments,howard marks,76.0,united states,new york,private equity,finance & investments,united states,True,e,m,1946-04-23 00:00:00,marks,howard,2023-04-04 05:01:00,1946.0,4.0,23.0,117.24,7.5,21427700000000,88.2,101.8,78.5,9.6,36.6,328239523.0,37.09024,-95.712891
1368,2200,finance & investments,charles munger,99.0,united states,los angeles,berkshire hathaway,finance & investments,united states,True,d,m,1924-01-01 00:00:00,munger,charles,2023-04-04 05:01:00,1924.0,1.0,1.0,117.24,7.5,21427700000000,88.2,101.8,78.5,9.6,36.6,328239523.0,37.09024,-95.712891
1368,2200,real estate,adam neumann,44.0,united states,miami,wework,real estate,israel,True,u,m,1979-04-01 00:00:00,neumann,adam,2023-04-04 05:01:00,1979.0,4.0,1.0,117.24,7.5,21427700000000,88.2,101.8,78.5,9.6,36.6,328239523.0,37.09024,-95.712891
1368,2200,diversified,thi phuong thao nguyen,52.0,vietnam,ho chi minh city,airlines,diversified,vietnam,True,d,f,1970-06-07 00:00:00,nguyen,thi phuong thao,2023-04-04 05:01:00,1970.0,6.0,7.0,163.52,2.8,261921244843,28.5,110.6,75.3,19.1,37.6,96462106.0,14.058324,108.277199
1368,2200,food & beverage,ni yongpei & family,71.0,china,liuan,beverages,food & beverage,china,True,d,m,1952-01-23 00:00:00,ni,yongpei,2023-04-04 05:01:00,1952.0,1.0,23.0,125.08,2.9,19910000000000,50.6,100.2,77.0,9.4,59.2,1397715000.0,35.86166,104.195397
1368,2200,manufacturing,heloise pratt,60.0,australia,melbourne,"manufacturing, investment",manufacturing,australia,False,d,f,1962-09-13 00:00:00,pratt,heloise,2023-04-04 05:01:00,1962.0,9.0,13.0,119.8,1.6,1392680589329,113.1,100.3,82.7,23.0,47.4,25766605.0,-25.274398,133.775136
1368,2200,technology,qi xiangdong,52.0,china,beijing,software,technology,china,True,u,m,1970-10-01 00:00:00,qi,xiangdong,2023-04-04 05:01:00,1970.0,10.0,1.0,125.08,2.9,19910000000000,50.6,100.2,77.0,9.4,59.2,1397715000.0,35.86166,104.195397
1368,2200,technology,phillip t. (terry) ragon,73.0,united states,boston,health it,technology,united states,True,u,m,1949-06-01 00:00:00,ragon,phillip t. (terry),2023-04-04 05:01:00,1949.0,6.0,1.0,117.24,7.5,21427700000000,88.2,101.8,78.5,9.6,36.6,328239523.0,37.09024,-95.712891
1368,2200,healthcare,prathap reddy,91.0,india,chennai,healthcare,healthcare,india,True,d,m,1932-02-05 00:00:00,reddy,prathap,2023-04-04 05:01:00,1932.0,2.0,5.0,180.44,7.7,2611000000000,28.1,113.0,69.4,11.2,49.7,1366417754.0,20.593684,78.96288
1368,2200,sports,jerry reinsdorf,87.0,united states,chicago,sports teams,sports,united states,True,u,m,1936-02-25 00:00:00,reinsdorf,jerry,2023-04-04 05:01:00,1936.0,2.0,25.0,117.24,7.5,21427700000000,88.2,101.8,78.5,9.6,36.6,328239523.0,37.09024,-95.712891
1368,2200,technology,chad richison,52.0,united states,edmond,payroll processing,technology,united states,True,d,m,1970-10-10 00:00:00,richison,chad,2023-04-04 05:01:00,1970.0,10.0,10.0,117.24,7.5,21427700000000,88.2,101.8,78.5,9.6,36.6,328239523.0,37.09024,-95.712891
1368,2200,fashion & retail,"karl scheufele, iii. & family",84.0,switzerland,geneva,jewelry,fashion & retail,switzerland,True,u,m,1939-01-01 00:00:00,scheufele,karl,2023-04-04 05:01:00,1939.0,1.0,1.0,99.55,0.4,703082435360,59.6,105.2,83.6,10.1,28.8,8574832.0,46.818188,8.227512
1368,2200,healthcare,alice schwartz,96.0,united states,el cerrito,biotech,healthcare,united states,True,u,f,1926-07-02 00:00:00,schwartz,alice,2023-04-04 05:01:00,1926.0,7.0,2.0,117.24,7.5,21427700000000,88.2,101.8,78.5,9.6,36.6,328239523.0,37.09024,-95.712891
1368,2200,technology,kavitark ram shriram,66.0,united states,menlo park,"venture capital, google",technology,united states,True,d,m,1957-01-21 00:00:00,shriram,kavitark ram,2023-04-04 05:01:00,1957.0,1.0,21.0,117.24,7.5,21427700000000,88.2,101.8,78.5,9.6,36.6,328239523.0,37.09024,-95.712891
1368,2200,real estate,jeffrey soffer,55.0,united states,aventura,real estate,real estate,united states,False,n,m,1967-12-13 00:00:00,soffer,jeffrey,2023-04-04 05:01:00,1967.0,12.0,13.0,117.24,7.5,21427700000000,88.2,101.8,78.5,9.6,36.6,328239523.0,37.09024,-95.712891
1368,2200,technology,william stone,67.0,united states,east lyme,software,technology,united states,True,d,m,1955-04-09 00:00:00,stone,william,2023-04-04 05:01:00,1955.0,4.0,9.0,117.24,7.5,21427700000000,88.2,101.8,78.5,9.6,36.6,328239523.0,37.09024,-95.712891
1368,2200,finance & investments,henry swieca,65.0,united states,new york,hedge funds,finance & investments,united states,True,u,m,1957-05-09 00:00:00,swieca,henry,2023-04-04 05:01:00,1957.0,5.0,9.0,117.24,7.5,21427700000000,88.2,101.8,78.5,9.6,36.6,328239523.0,37.09024,-95.712891
1368,2200,diversified,harley sy,63.0,philippines,manila,diversified,diversified,philippines,False,d,m,1959-06-01 00:00:00,sy,harley,2023-04-04 05:01:00,1959.0,6.0,1.0,129.61,2.5,376795508680,35.5,107.5,71.1,14.0,43.1,108116615.0,12.879721,121.774017
1368,2200,diversified,teresita sy-coson,72.0,philippines,manila,diversified,diversified,philippines,False,d,f,1950-10-01 00:00:00,sy-coson,teresita,2023-04-04 05:01:00,1950.0,10.0,1.0,129.61,2.5,376795508680,35.5,107.5,71.1,14.0,43.1,108116615.0,12.879721,121.774017
1368,2200,real estate,katsumi tada,77.0,japan,tokyo,real estate,real estate,japan,True,d,m,1945-07-12 00:00:00,tada,katsumi,2023-04-04 05:01:00,1945.0,7.0,12.0,105.48,0.5,5081769542380,63.2,98.8,84.2,11.9,46.7,126226568.0,36.204824,138.252924
1368,2200,manufacturing,tang jinkui & family,67.0,china,suzhou,"textiles, petrochemicals",manufacturing,china,True,d,m,1955-09-19 00:00:00,tang,jinkui,2023-04-04 05:01:00,1955.0,9.0,19.0,125.08,2.9,19910000000000,50.6,100.2,77.0,9.4,59.2,1397715000.0,35.86166,104.195397
1368,2200,technology,tang xiao'ou,55.0,china,shanghai,software,technology,hong kong,True,d,m,1968-01-01 00:00:00,tang,xiao'ou,2023-04-04 05:01:00,1968.0,1.0,1.0,125.08,2.9,19910000000000,50.6,100.2,77.0,9.4,59.2,1397715000.0,35.86166,104.195397
1368,2200,fashion & retail,lottie tham & family,73.0,sweden,stockholm,h&m,fashion & retail,sweden,False,d,f,1949-04-18 00:00:00,tham,lottie,2023-04-04 05:01:00,1949.0,4.0,18.0,110.51,1.8,530832908738,67.0,126.6,82.5,27.9,49.1,10285453.0,60.128161,18.643501
1368,2200,healthcare,shamsheer vayalil,46.0,united arab emirates,abu dhabi,healthcare,healthcare,india,False,r,m,1977-01-11 00:00:00,vayalil,shamsheer,2023-04-04 05:01:00,1977.0,1.0,11.0,114.52,-1.9,421142267938,36.8,108.4,77.8,0.1,15.9,9770529.0,23.424076,53.847818
1368,2200,technology,radha vembu,50.0,india,chennai,business software,technology,india,False,u,f,1972-12-24 00:00:00,vembu,radha,2023-04-04 05:01:00,1972.0,12.0,24.0,180.44,7.7,2611000000000,28.1,113.0,69.4,11.2,49.7,1366417754.0,20.593684,78.96288
1368,2200,fashion & retail,wang wenmo,66.0,china,quanzhou,sports apparel,fashion & retail,china,True,u,m,1957-01-01 00:00:00,wang,wenmo,2023-04-04 05:01:00,1957.0,1.0,1.0,125.08,2.9,19910000000000,50.6,100.2,77.0,9.4,59.2,1397715000.0,35.86166,104.195397
1368,2200,service,wang zhenghua,78.0,china,shanghai,budget airline,service,china,True,u,m,1944-04-25 00:00:00,wang,zhenghua,2023-04-04 05:01:00,1944.0,4.0,25.0,125.08,2.9,19910000000000,50.6,100.2,77.0,9.4,59.2,1397715000.0,35.86166,104.195397
1368,2200,energy,kai wu,55.0,china,ningde,batteries,energy,china,True,d,m,1968-01-01 00:00:00,wu,kai,2023-04-04 05:01:00,1968.0,1.0,1.0,125.08,2.9,19910000000000,50.6,100.2,77.0,9.4,59.2,1397715000.0,35.86166,104.195397
1368,2200,food & beverage,xu yingzhuo,55.0,china,guangzhou,agribusiness,food & beverage,china,True,d,m,1968-01-01 00:00:00,xu,yingzhuo,2023-04-04 05:01:00,1968.0,1.0,1.0,125.08,2.9,19910000000000,50.6,100.2,77.0,9.4,59.2,1397715000.0,35.86166,104.195397
1368,2200,manufacturing,yeung kin-man,59.0,hong kong,hong kong,electronics,manufacturing,hong kong,True,d,m,1964-04-01 00:00:00,yeung,kin-man,2023-04-04 05:01:00,1964.0,4.0,1.0,117.24,2.9,21427700000000,65.6,101.8,78.5,9.6,41.2,328239523.0,37.09024,10.451526
1368,2200,logistics,huijiao yu,57.0,china,shanghai,package delivery,logistics,china,True,d,m,1966-04-01 00:00:00,yu,huijiao,2023-04-04 05:01:00,1966.0,4.0,1.0,125.08,2.9,19910000000000,50.6,100.2,77.0,9.4,59.2,1397715000.0,35.86166,104.195397
1368,2200,finance & investments,oren zeev,58.0,united states,los altos,investments,finance & investments,israel,True,d,m,1964-09-23 00:00:00,zeev,oren,2023-04-04 05:01:00,1964.0,9.0,23.0,117.24,7.5,21427700000000,88.2,101.8,78.5,9.6,36.6,328239523.0,37.09024,-95.712891
1368,2200,manufacturing,clayton zekelman,54.0,canada,windsor,steel,manufacturing,canada,False,u,m,1969-01-01 00:00:00,zekelman,clayton,2023-04-04 05:01:00,1969.0,1.0,1.0,116.76,1.9,1736425629520,68.9,100.9,81.9,12.8,24.5,36991981.0,56.130366,-106.346771
1368,2200,energy,zhao fenggang,57.0,china,ningde,batteries,energy,china,True,d,m,1966-01-01 00:00:00,zhao,fenggang,2023-04-04 05:01:00,1966.0,1.0,1.0,125.08,2.9,19910000000000,50.6,100.2,77.0,9.4,59.2,1397715000.0,35.86166,104.195397
1434,2100,metals & mining,alex beard,55.0,united kingdom,london,"mining, commodities",metals & mining,united kingdom,True,d,m,1967-08-03 00:00:00,beard,alex,2023-04-04 05:01:00,1967.0,8.0,3.0,119.62,1.7,2827113184696,60.0,101.2,81.3,25.5,30.6,66834405.0,55.378051,-3.435973
1434,2100,food & beverage,travis boersma,52.0,united states,grants pass,coffee,food & beverage,united states,True,d,m,1971-01-01 00:00:00,boersma,travis,2023-04-04 05:01:00,1971.0,1.0,1.0,117.24,7.5,21427700000000,88.2,101.8,78.5,9.6,36.6,328239523.0,37.09024,-95.712891
1434,2100,gambling & casinos,william boyd & family,91.0,united states,las vegas,"casinos, banking",gambling & casinos,united states,True,d,m,1931-11-04 00:00:00,boyd,william,2023-04-04 05:01:00,1931.0,11.0,4.0,117.24,7.5,21427700000000,88.2,101.8,78.5,9.6,36.6,328239523.0,37.09024,-95.712891
1434,2100,food & beverage,anand burman,70.0,india,delhi,consumer goods,food & beverage,india,False,d,m,1952-05-05 00:00:00,burman,anand,2023-04-04 05:01:00,1952.0,5.0,5.0,180.44,7.7,2611000000000,28.1,113.0,69.4,11.2,49.7,1366417754.0,20.593684,78.96288
1434,2100,manufacturing,cao ji,71.0,china,hangzhou,manufacturing,manufacturing,china,True,d,m,1952-01-01 00:00:00,cao,ji,2023-04-04 05:01:00,1952.0,1.0,1.0,125.08,2.9,19910000000000,50.6,100.2,77.0,9.4,59.2,1397715000.0,35.86166,104.195397
1434,2100,technology,bruce cheng,86.0,taiwan,taipei,electronics,technology,taiwan,True,e,m,1936-11-03 00:00:00,cheng,bruce,2023-04-04 05:01:00,1936.0,11.0,3.0,117.24,2.9,21427700000000,65.6,101.8,78.5,9.6,41.2,328239523.0,37.09024,10.451526
1434,2100,technology,chi yufeng,52.0,china,beijing,software,technology,china,False,u,m,1971-01-01 00:00:00,chi,yufeng,2023-04-04 05:01:00,1971.0,1.0,1.0,125.08,2.9,19910000000000,50.6,100.2,77.0,9.4,59.2,1397715000.0,35.86166,104.195397
1434,2100,energy,daniel chiu,62.0,hong kong,hong kong,oil & gas,energy,hong kong,True,u,m,1960-11-30 00:00:00,chiu,daniel,2023-04-04 05:01:00,1960.0,11.0,30.0,117.24,2.9,21427700000000,65.6,101.8,78.5,9.6,41.2,328239523.0,37.09024,10.451526
1434,2100,healthcare,beda diethelm,82.0,switzerland,zurich,hearing aids,healthcare,switzerland,True,d,m,1941-01-01 00:00:00,diethelm,beda,2023-04-04 05:01:00,1941.0,1.0,1.0,99.55,0.4,703082435360,59.6,105.2,83.6,10.1,28.8,8574832.0,46.818188,8.227512
1434,2100,fashion & retail,domenico dolce,64.0,italy,milan,luxury goods,fashion & retail,italy,True,u,m,1958-08-13 00:00:00,dolce,domenico,2023-04-04 05:01:00,1958.0,8.0,13.0,110.62,0.6,2001244392042,61.9,101.9,82.9,24.3,59.1,60297396.0,41.87194,12.56738
1434,2100,technology,ralph dommermuth,59.0,germany,montabaur,internet service provider,technology,germany,True,d,m,1963-11-19 00:00:00,dommermuth,ralph,2023-04-04 05:01:00,1963.0,11.0,19.0,112.85,1.4,3845630030824,70.2,104.0,80.9,11.5,48.8,83132799.0,51.165691,10.451526
1434,2100,diversified,georgi domuschiev,50.0,united kingdom,london,"animal health, investments",diversified,bulgaria,True,u,m,1972-08-06 00:00:00,domuschiev,georgi,2023-04-04 05:01:00,1972.0,8.0,6.0,119.62,1.7,2827113184696,60.0,101.2,81.3,25.5,30.6,66834405.0,55.378051,-3.435973
1434,2100,diversified,kiril domuschiev,53.0,united kingdom,london,"animal health, investments",diversified,bulgaria,True,u,m,1969-04-18 00:00:00,domuschiev,kiril,2023-04-04 05:01:00,1969.0,4.0,18.0,119.62,1.7,2827113184696,60.0,101.2,81.3,25.5,30.6,66834405.0,55.378051,-3.435973
1434,2100,real estate,bob ell,78.0,australia,surfers paradise,real estate,real estate,australia,True,e,m,1944-12-22 00:00:00,ell,bob,2023-04-04 05:01:00,1944.0,12.0,22.0,119.8,1.6,1392680589329,113.1,100.3,82.7,23.0,47.4,25766605.0,-25.274398,133.775136
1434,2100,energy,paul foster,65.0,united states,el paso,oil refining,energy,united states,True,u,m,1957-10-08 00:00:00,foster,paul,2023-04-04 05:01:00,1957.0,10.0,8.0,117.24,7.5,21427700000000,88.2,101.8,78.5,9.6,36.6,328239523.0,37.09024,-95.712891
1434,2100,fashion & retail,stefano gabbana,60.0,italy,milan,luxury goods,fashion & retail,italy,True,u,m,1962-11-14 00:00:00,gabbana,stefano,2023-04-04 05:01:00,1962.0,11.0,14.0,110.62,0.6,2001244392042,61.9,101.9,82.9,24.3,59.1,60297396.0,41.87194,12.56738
1434,2100,manufacturing,xingjiang gao,59.0,china,huzhou,steel,manufacturing,china,True,d,m,1963-11-01 00:00:00,gao,xingjiang,2023-04-04 05:01:00,1963.0,11.0,1.0,125.08,2.9,19910000000000,50.6,100.2,77.0,9.4,59.2,1397715000.0,35.86166,104.195397
1434,2100,energy,gordon getty,89.0,united states,san francisco,getty oil,energy,united states,False,e,m,1933-12-20 00:00:00,getty,gordon,2023-04-04 05:01:00,1933.0,12.0,20.0,117.24,7.5,21427700000000,88.2,101.8,78.5,9.6,36.6,328239523.0,37.09024,-95.712891
1434,2100,energy,kamal ghaffarian,64.0,united states,naples,"space, energy",energy,united states,True,n,m,1958-04-28 00:00:00,ghaffarian,kamal,2023-04-04 05:01:00,1958.0,4.0,28.0,117.24,7.5,21427700000000,88.2,101.8,78.5,9.6,36.6,328239523.0,37.09024,-95.712891
1434,2100,healthcare,dennis gillings,78.0,united states,durham,clinical trials,healthcare,united kingdom,True,e,m,1944-04-25 00:00:00,gillings,dennis,2023-04-04 05:01:00,1944.0,4.0,25.0,117.24,7.5,21427700000000,88.2,101.8,78.5,9.6,36.6,328239523.0,37.09024,-95.712891
1434,2100,diversified,harsh goenka,65.0,india,mumbai,diversified,diversified,india,False,e,m,1957-12-10 00:00:00,goenka,harsh,2023-04-04 05:01:00,1957.0,12.0,10.0,180.44,7.7,2611000000000,28.1,113.0,69.4,11.2,49.7,1366417754.0,20.593684,78.96288
1434,2100,diversified,sanjiv goenka,62.0,india,kolkata,diversified,diversified,india,False,d,m,1961-01-29 00:00:00,goenka,sanjiv,2023-04-04 05:01:00,1961.0,1.0,29.0,180.44,7.7,2611000000000,28.1,113.0,69.4,11.2,49.7,1366417754.0,20.593684,78.96288
1434,2100,real estate,jane goldman,67.0,united states,new york,real estate,real estate,united states,False,d,f,1955-07-29 00:00:00,goldman,jane,2023-04-04 05:01:00,1955.0,7.0,29.0,117.24,7.5,21427700000000,88.2,101.8,78.5,9.6,36.6,328239523.0,37.09024,-95.712891
1434,2100,fashion & retail,stein erik hagen,66.0,norway,oslo,consumer goods,fashion & retail,norway,True,d,m,1956-07-22 00:00:00,hagen,stein erik,2023-04-04 05:01:00,1956.0,7.0,22.0,120.27,2.2,403336363636,82.0,100.3,82.8,23.9,36.2,5347896.0,60.472024,8.468946
1434,2100,real estate,bahaa hariri,56.0,switzerland,geneva,"real estate, investments",real estate,lebanon,False,e,m,1966-04-26 00:00:00,hariri,bahaa,2023-04-04 05:01:00,1966.0,4.0,26.0,99.55,0.4,703082435360,59.6,105.2,83.6,10.1,28.8,8574832.0,46.818188,8.227512
1434,2100,fashion & retail,hortensia herrero,72.0,spain,valencia,supermarkets,fashion & retail,spain,False,d,f,1950-05-20 00:00:00,herrero,hortensia,2023-04-04 05:01:00,1950.0,5.0,20.0,110.96,0.7,1394116310769,88.9,102.7,83.3,14.2,47.0,47076781.0,40.463667,-3.74922
1434,2100,diversified,douglas hsu,80.0,taiwan,taipei,diversified,diversified,taiwan,False,d,m,1942-08-24 00:00:00,hsu,douglas,2023-04-04 05:01:00,1942.0,8.0,24.0,117.24,2.9,21427700000000,65.6,101.8,78.5,9.6,41.2,328239523.0,37.09024,10.451526
1434,2100,manufacturing,huang min,49.0,china,suzhou,machinery,manufacturing,china,True,u,m,1973-07-01 00:00:00,huang,min,2023-04-04 05:01:00,1973.0,7.0,1.0,125.08,2.9,19910000000000,50.6,100.2,77.0,9.4,59.2,1397715000.0,35.86166,104.195397
1434,2100,technology,jared isaacman,40.0,united states,easton,payment processing,technology,united states,True,u,m,1983-02-11 00:00:00,isaacman,jared,2023-04-04 05:01:00,1983.0,2.0,11.0,117.24,7.5,21427700000000,88.2,101.8,78.5,9.6,36.6,328239523.0,37.09024,-95.712891
1434,2100,technology,eugene kaspersky,57.0,russia,moscow,software,technology,russia,True,u,m,1965-10-04 00:00:00,kaspersky,eugene,2023-04-04 05:01:00,1965.0,10.0,4.0,180.75,4.5,1699876578871,81.9,102.6,72.7,11.4,46.2,144373535.0,61.52401,105.318756
1434,2100,fashion & retail,artem khachatryan,48.0,cyprus,limassol,retail,fashion & retail,russia,True,r,m,1975-01-03 00:00:00,khachatryan,artem,2023-04-04 05:01:00,1975.0,1.0,3.0,102.51,0.3,24564647935,75.9,99.3,80.8,24.5,22.4,1198575.0,35.126413,33.429859
1434,2100,food & beverage,andrei krivenko,47.0,russia,moscow,retail,food & beverage,russia,True,n,m,1975-07-25 00:00:00,krivenko,andrei,2023-04-04 05:01:00,1975.0,7.0,25.0,180.75,4.5,1699876578871,81.9,102.6,72.7,11.4,46.2,144373535.0,61.52401,105.318756
1434,2100,real estate,thomas kwok,71.0,hong kong,hong kong,real estate,real estate,hong kong,False,u,m,1951-10-06 00:00:00,kwok,thomas,2023-04-04 05:01:00,1951.0,10.0,6.0,117.24,2.9,21427700000000,65.6,101.8,78.5,9.6,41.2,328239523.0,37.09024,10.451526
1434,2100,finance & investments,marc lasry,62.0,united states,new york,hedge funds,finance & investments,united states,True,u,m,1960-09-23 00:00:00,lasry,marc,2023-04-04 05:01:00,1960.0,9.0,23.0,117.24,7.5,21427700000000,88.2,101.8,78.5,9.6,36.6,328239523.0,37.09024,-95.712891
1434,2100,finance & investments,christian latouche & family,82.0,france,lyon,accounting services,finance & investments,france,True,d,m,1940-07-18 00:00:00,latouche,christian,2023-04-04 05:01:00,1940.0,7.0,18.0,110.05,1.1,2715518274227,65.6,102.5,82.5,24.2,60.7,67059887.0,46.227638,2.213749
1434,2100,sports,theodore leonsis,67.0,united states,bethesda,sports teams,sports,united states,True,u,m,1956-01-08 00:00:00,leonsis,theodore,2023-04-04 05:01:00,1956.0,1.0,8.0,117.24,7.5,21427700000000,88.2,101.8,78.5,9.6,36.6,328239523.0,37.09024,-95.712891
1434,2100,real estate,lin chang su-o,82.0,taiwan,taipei,real estate,real estate,taiwan,False,d,f,1940-08-01 04:00:00,lin,chang su-o,2023-04-04 09:01:00,1940.0,8.0,1.0,117.24,2.9,21427700000000,65.6,101.8,78.5,9.6,41.2,328239523.0,37.09024,10.451526
1434,2100,manufacturing,liu chengyu & family,60.0,china,shenzhen,power supply equipment,manufacturing,china,True,u,m,1962-07-26 00:00:00,liu,chengyu,2023-04-04 05:01:00,1962.0,7.0,26.0,125.08,2.9,19910000000000,50.6,100.2,77.0,9.4,59.2,1397715000.0,35.86166,104.195397
1434,2100,fashion & retail,sergey lomakin,49.0,cyprus,paphos,retail,fashion & retail,russia,True,r,m,1973-05-23 00:00:00,lomakin,sergey,2023-04-04 05:01:00,1973.0,5.0,23.0,102.51,0.3,24564647935,75.9,99.3,80.8,24.5,22.4,1198575.0,35.126413,33.429859
1434,2100,food & beverage,daniel lubetzky,54.0,united states,new york,snack bars,food & beverage,united states,True,d,m,1968-09-28 00:00:00,lubetzky,daniel,2023-04-04 05:01:00,1968.0,9.0,28.0,117.24,7.5,21427700000000,88.2,101.8,78.5,9.6,36.6,328239523.0,37.09024,-95.712891
1434,2100,diversified,anand mahindra,67.0,india,mumbai,diversified,diversified,india,False,u,m,1955-05-01 00:00:00,mahindra,anand,2023-04-04 05:01:00,1955.0,5.0,1.0,180.44,7.7,2611000000000,28.1,113.0,69.4,11.2,49.7,1366417754.0,20.593684,78.96288
1434,2100,fashion & retail,rafique malik,72.0,india,mumbai,footwear,fashion & retail,india,False,u,m,1950-10-31 00:00:00,malik,rafique,2023-04-04 05:01:00,1950.0,10.0,31.0,180.44,7.7,2611000000000,28.1,113.0,69.4,11.2,49.7,1366417754.0,20.593684,78.96288
1434,2100,diversified,katarina martinson,41.0,sweden,stockholm,investments,diversified,sweden,False,u,f,1981-05-04 00:00:00,martinson,katarina,2023-04-04 05:01:00,1981.0,5.0,4.0,110.51,1.8,530832908738,67.0,126.6,82.5,27.9,49.1,10285453.0,60.128161,18.643501
1434,2100,healthcare,kiran mazumdar-shaw,70.0,india,bangalore,biopharmaceuticals,healthcare,india,True,d,f,1953-03-23 00:00:00,mazumdar-shaw,kiran,2023-04-04 05:01:00,1953.0,3.0,23.0,180.44,7.7,2611000000000,28.1,113.0,69.4,11.2,49.7,1366417754.0,20.593684,78.96288
1434,2100,automotive,nirmal minda,65.0,india,gurgaon,auto parts,automotive,india,False,d,m,1957-11-07 00:00:00,minda,nirmal,2023-04-04 05:01:00,1957.0,11.0,7.0,180.44,7.7,2611000000000,28.1,113.0,69.4,11.2,49.7,1366417754.0,20.593684,78.96288
1434,2100,technology,mu rongjun,43.0,china,beijing,e-commerce,technology,china,True,d,m,1980-01-01 00:00:00,mu,rongjun,2023-04-04 05:01:00,1980.0,1.0,1.0,125.08,2.9,19910000000000,50.6,100.2,77.0,9.4,59.2,1397715000.0,35.86166,104.195397
1434,2100,manufacturing,eugene murtagh,80.0,ireland,kingscourt,building materials,manufacturing,ireland,True,d,m,1942-06-23 00:00:00,murtagh,eugene,2023-04-04 05:01:00,1942.0,6.0,23.0,117.24,2.9,21427700000000,65.6,101.8,78.5,9.6,41.2,328239523.0,37.09024,10.451526
1434,2100,finance & investments,alexander nesis,60.0,russia,moscow,"metals, banking, fertilizers",finance & investments,russia,True,u,m,1962-12-19 00:00:00,nesis,alexander,2023-04-04 05:01:00,1962.0,12.0,19.0,180.75,4.5,1699876578871,81.9,102.6,72.7,11.4,46.2,144373535.0,61.52401,105.318756
1434,2100,manufacturing,zugen ni,66.0,china,suzhou,appliances,manufacturing,china,True,u,m,1957-01-18 00:00:00,ni,zugen,2023-04-04 05:01:00,1957.0,1.0,18.0,125.08,2.9,19910000000000,50.6,100.2,77.0,9.4,59.2,1397715000.0,35.86166,104.195397
1434,2100,construction & engineering,florentino perez,76.0,spain,madrid,construction,construction & engineering,spain,True,u,m,1947-03-08 00:00:00,perez,florentino,2023-04-04 05:01:00,1947.0,3.0,8.0,110.96,0.7,1394116310769,88.9,102.7,83.3,14.2,47.0,47076781.0,40.463667,-3.74922
1434,2100,metals & mining,victor pinchuk,62.0,ukraine,kiev,"steel pipes, diversified",metals & mining,ukraine,True,u,m,1960-12-14 00:00:00,pinchuk,victor,2023-04-04 05:01:00,1960.0,12.0,14.0,281.66,7.9,153781069118,82.7,99.0,71.6,20.1,45.2,44385155.0,48.379433,31.16558
1434,2100,technology,raveendran byju,41.0,india,bangalore,education technology,technology,india,True,d,m,1981-07-06 00:00:00,raveendran,byju,2023-04-04 05:01:00,1981.0,7.0,6.0,180.44,7.7,2611000000000,28.1,113.0,69.4,11.2,49.7,1366417754.0,20.593684,78.96288
1434,2100,construction & engineering,p.p. reddy,65.0,india,hyderabad,infrastructure,construction & engineering,india,True,u,m,1957-08-30 00:00:00,reddy,p.p.,2023-04-04 05:01:00,1957.0,8.0,30.0,180.44,7.7,2611000000000,28.1,113.0,69.4,11.2,49.7,1366417754.0,20.593684,78.96288
1434,2100,fashion & retail,richard saghian,41.0,united states,los angeles,fast fashion,fashion & retail,united states,True,u,m,1981-08-06 00:00:00,saghian,richard,2023-04-04 05:01:00,1981.0,8.0,6.0,117.24,7.5,21427700000000,88.2,101.8,78.5,9.6,36.6,328239523.0,37.09024,-95.712891
1434,2100,healthcare,shi yifeng,49.0,china,beijing,medical cosmetics,healthcare,china,True,u,m,1974-01-01 00:00:00,shi,yifeng,2023-04-04 05:01:00,1974.0,1.0,1.0,125.08,2.9,19910000000000,50.6,100.2,77.0,9.4,59.2,1397715000.0,35.86166,104.195397
1434,2100,finance & investments,thaksin shinawatra,73.0,united arab emirates,dubai,investments,finance & investments,thailand,True,u,m,1949-07-26 00:00:00,shinawatra,thaksin,2023-04-04 05:01:00,1949.0,7.0,26.0,114.52,-1.9,421142267938,36.8,108.4,77.8,0.1,15.9,9770529.0,23.424076,53.847818
1434,2100,healthcare,timothy springer,75.0,united states,chestnut hill,biotech,healthcare,united states,True,e,m,1948-02-23 00:00:00,springer,timothy,2023-04-04 05:01:00,1948.0,2.0,23.0,117.24,7.5,21427700000000,88.2,101.8,78.5,9.6,36.6,328239523.0,37.09024,-95.712891
1434,2100,automotive,venu srinivasan,70.0,india,chennai,two-wheelers,automotive,india,False,u,m,1952-12-11 00:00:00,srinivasan,venu,2023-04-04 05:01:00,1952.0,12.0,11.0,180.44,7.7,2611000000000,28.1,113.0,69.4,11.2,49.7,1366417754.0,20.593684,78.96288
1434,2100,fashion & retail,edward stack,68.0,united states,sewickley,dick's sporting goods,fashion & retail,united states,True,u,m,1954-12-27 00:00:00,stack,edward,2023-04-04 05:01:00,1954.0,12.0,27.0,117.24,7.5,21427700000000,88.2,101.8,78.5,9.6,36.6,328239523.0,37.09024,-95.712891
1434,2100,food & beverage,sun mengquan & family,73.0,china,yantai,edible oil,food & beverage,china,True,d,m,1950-03-01 00:00:00,sun,mengquan,2023-04-04 05:01:00,1950.0,3.0,1.0,125.08,2.9,19910000000000,50.6,100.2,77.0,9.4,59.2,1397715000.0,35.86166,104.195397
1434,2100,finance & investments,alexander svetakov,55.0,russia,moscow,real estate,finance & investments,russia,True,d,m,1968-02-15 00:00:00,svetakov,alexander,2023-04-04 05:01:00,1968.0,2.0,15.0,180.75,4.5,1699876578871,81.9,102.6,72.7,11.4,46.2,144373535.0,61.52401,105.318756
1434,2100,fashion & retail,torsten toeller,56.0,germany,krefeld,pet food,fashion & retail,germany,True,d,m,1966-04-06 00:00:00,toeller,torsten,2023-04-04 05:01:00,1966.0,4.0,6.0,112.85,1.4,3845630030824,70.2,104.0,80.9,11.5,48.8,83132799.0,51.165691,10.451526
1434,2100,food & beverage,barbara tyson,74.0,united states,fayetteville,food processing,food & beverage,united states,False,n,f,1949-03-06 00:00:00,tyson,barbara,2023-04-04 05:01:00,1949.0,3.0,6.0,117.24,7.5,21427700000000,88.2,101.8,78.5,9.6,36.6,328239523.0,37.09024,-95.712891
1434,2100,food & beverage,hamdi ulukaya,50.0,united states,norwich,greek yogurt,food & beverage,turkey,True,d,m,1972-10-26 00:00:00,ulukaya,hamdi,2023-04-04 05:01:00,1972.0,10.0,26.0,117.24,7.5,21427700000000,88.2,101.8,78.5,9.6,36.6,328239523.0,37.09024,-95.712891
1434,2100,construction & engineering,wang linpeng,54.0,china,beijing,furniture retailing,construction & engineering,china,True,d,m,1968-05-01 00:00:00,wang,linpeng,2023-04-04 05:01:00,1968.0,5.0,1.0,125.08,2.9,19910000000000,50.6,100.2,77.0,9.4,59.2,1397715000.0,35.86166,104.195397
1434,2100,food & beverage,wei ing-chou,69.0,china,tianjin,"food, beverages",food & beverage,taiwan,True,u,m,1953-07-01 00:00:00,wei,ing-chou,2023-04-04 05:01:00,1953.0,7.0,1.0,125.08,2.9,19910000000000,50.6,100.2,77.0,9.4,59.2,1397715000.0,35.86166,104.195397
1434,2100,food & beverage,wei yin-chun,66.0,taiwan,taipei,"food, beverages",food & beverage,taiwan,True,u,m,1957-03-08 00:00:00,wei,yin-chun,2023-04-04 05:01:00,1957.0,3.0,8.0,117.24,2.9,21427700000000,65.6,101.8,78.5,9.6,41.2,328239523.0,37.09024,10.451526
1434,2100,food & beverage,wei yin-heng,64.0,china,shanghai,"food, beverages",food & beverage,taiwan,True,u,m,1959-01-01 00:00:00,wei,yin-heng,2023-04-04 05:01:00,1959.0,1.0,1.0,125.08,2.9,19910000000000,50.6,100.2,77.0,9.4,59.2,1397715000.0,35.86166,104.195397
1434,2100,food & beverage,wei ying-chiao,68.0,taiwan,taipei,"food, beverages",food & beverage,taiwan,True,u,m,1955-02-04 00:00:00,wei,ying-chiao,2023-04-04 05:01:00,1955.0,2.0,4.0,117.24,2.9,21427700000000,65.6,101.8,78.5,9.6,41.2,328239523.0,37.09024,10.451526
1434,2100,gambling & casinos,elaine wynn,80.0,united states,las vegas,"casinos, hotels",gambling & casinos,united states,True,u,f,1942-04-28 00:00:00,wynn,elaine,2023-04-04 05:01:00,1942.0,4.0,28.0,117.24,7.5,21427700000000,88.2,101.8,78.5,9.6,36.6,328239523.0,37.09024,-95.712891
1434,2100,automotive,xu xudong & family,53.0,china,ningbo,auto parts,automotive,china,True,u,m,1970-03-01 00:00:00,xu,xudong,2023-04-04 05:01:00,1970.0,3.0,1.0,125.08,2.9,19910000000000,50.6,100.2,77.0,9.4,59.2,1397715000.0,35.86166,104.195397
1434,2100,fashion & retail,michael ying,73.0,hong kong,hong kong,retail,fashion & retail,hong kong,True,u,m,1949-12-01 00:00:00,ying,michael,2023-04-04 05:01:00,1949.0,12.0,1.0,117.24,2.9,21427700000000,65.6,101.8,78.5,9.6,41.2,328239523.0,37.09024,10.451526
1434,2100,manufacturing,yu qibing & family,57.0,china,ningbo,glass,manufacturing,china,True,d,m,1965-11-01 00:00:00,yu,qibing,2023-04-04 05:01:00,1965.0,11.0,1.0,125.08,2.9,19910000000000,50.6,100.2,77.0,9.4,59.2,1397715000.0,35.86166,104.195397
1434,2100,manufacturing,yuan fugen & family,72.0,china,suzhou,metal processing,manufacturing,china,True,u,m,1950-11-15 00:00:00,yuan,fugen,2023-04-04 05:01:00,1950.0,11.0,15.0,125.08,2.9,19910000000000,50.6,100.2,77.0,9.4,59.2,1397715000.0,35.86166,104.195397
1434,2100,manufacturing,zhang ning & family,49.0,china,shanghai,chemicals,manufacturing,canada,True,d,f,1974-04-01 00:00:00,zhang,ning,2023-04-04 05:01:00,1974.0,4.0,1.0,125.08,2.9,19910000000000,50.6,100.2,77.0,9.4,59.2,1397715000.0,35.86166,104.195397
1434,2100,healthcare,zhao tao,57.0,china,xi'an,pharmaceuticals,healthcare,singapore,False,d,m,1966-01-01 00:00:00,zhao,tao,2023-04-04 05:01:00,1966.0,1.0,1.0,125.08,2.9,19910000000000,50.6,100.2,77.0,9.4,59.2,1397715000.0,35.86166,104.195397
1516,2000,construction & engineering,anu aga,80.0,india,pune,engineering,construction & engineering,india,False,u,f,1942-08-01 00:00:00,aga,anu,2023-04-04 05:01:00,1942.0,8.0,1.0,180.44,7.7,2611000000000,28.1,113.0,69.4,11.2,49.7,1366417754.0,20.593684,78.96288
1516,2000,fashion & retail,mohamed al fayed,94.0,united kingdom,london,"retail, investments",fashion & retail,egypt,True,d,m,1929-01-27 00:00:00,al fayed,mohamed,2023-04-04 05:01:00,1929.0,1.0,27.0,119.62,1.7,2827113184696,60.0,101.2,81.3,25.5,30.6,66834405.0,55.378051,-3.435973
1516,2000,technology,andrey andreev,49.0,united kingdom,london,online dating,technology,united kingdom,True,e,m,1974-02-03 00:00:00,andreev,andrey,2023-04-04 05:01:00,1974.0,2.0,3.0,119.62,1.7,2827113184696,60.0,101.2,81.3,25.5,30.6,66834405.0,55.378051,-3.435973
1516,2000,finance & investments,michael ashcroft,77.0,turks and caicos islands,turks and caicos islands,security,finance & investments,united kingdom,True,d,m,1946-01-01 00:00:00,ashcroft,michael,2023-04-04 05:01:00,1946.0,1.0,1.0,117.24,2.9,21427700000000,65.6,101.8,78.5,9.6,41.2,328239523.0,37.09024,10.451526
1516,2000,technology,pavel baudis,62.0,czech republic,prague,software,technology,czech republic,True,d,m,1960-05-15 00:00:00,baudis,pavel,2023-04-04 05:01:00,1960.0,5.0,15.0,116.48,2.8,246489245495,64.1,100.7,79.0,14.9,46.1,10669709.0,49.817492,15.472962
1516,2000,manufacturing,cao jianwei,44.0,china,shangyu,semiconductors,manufacturing,china,True,e,m,1978-05-30 00:00:00,cao,jianwei,2023-04-04 05:01:00,1978.0,5.0,30.0,125.08,2.9,19910000000000,50.6,100.2,77.0,9.4,59.2,1397715000.0,35.86166,104.195397
1516,2000,manufacturing,huwen chen,52.0,china,shanghai,stationery,manufacturing,china,True,d,m,1970-07-01 00:00:00,chen,huwen,2023-04-04 05:01:00,1970.0,7.0,1.0,125.08,2.9,19910000000000,50.6,100.2,77.0,9.4,59.2,1397715000.0,35.86166,104.195397
1516,2000,diversified,phongthep chiaravanont,71.0,thailand,bangkok,diversified,diversified,thailand,False,u,m,1952-01-01 00:00:00,chiaravanont,phongthep,2023-04-04 05:01:00,1952.0,1.0,1.0,113.27,0.7,543649976166,49.3,99.8,76.9,14.9,29.5,69625582.0,15.870032,100.992541
1516,2000,diversified,dou zhenggang,69.0,china,hangzhou,"energy, chemicals",diversified,china,True,d,m,1953-05-21 00:00:00,dou,zhenggang,2023-04-04 05:01:00,1953.0,5.0,21.0,125.08,2.9,19910000000000,50.6,100.2,77.0,9.4,59.2,1397715000.0,35.86166,104.195397
1516,2000,food & beverage,maria franca fissolo,88.0,monaco,monaco,"nutella, chocolates",food & beverage,italy,False,e,f,1935-01-01 00:00:00,fissolo,maria franca,2023-04-04 05:01:00,1935.0,1.0,1.0,117.24,2.9,7184844193,65.6,101.8,78.5,9.6,41.2,38964.0,43.7384176,7.4246158
1516,2000,diversified,william franke,85.0,united states,houston,low-cost airlines,diversified,united states,True,d,m,1937-04-15 00:00:00,franke,william,2023-04-04 05:01:00,1937.0,4.0,15.0,117.24,7.5,21427700000000,88.2,101.8,78.5,9.6,36.6,328239523.0,37.09024,-95.712891
1516,2000,healthcare,mario germano giuliani,51.0,monaco,monaco,pharmaceuticals,healthcare,switzerland,False,d,m,1972-02-26 00:00:00,giuliani,mario germano,2023-04-04 05:01:00,1972.0,2.0,26.0,117.24,2.9,7184844193,65.6,101.8,78.5,9.6,41.2,38964.0,43.7384176,7.4246158
1516,2000,real estate,amy goldman fowler,68.0,united states,rhinebeck,real estate,real estate,united states,False,d,f,1954-04-19 00:00:00,goldman fowler,amy,2023-04-04 05:01:00,1954.0,4.0,19.0,117.24,7.5,21427700000000,88.2,101.8,78.5,9.6,36.6,328239523.0,37.09024,-95.712891
1516,2000,metals & mining,john hancock,47.0,united kingdom,london,mining,metals & mining,australia,False,d,m,1976-01-02 00:00:00,hancock,john,2023-04-04 05:01:00,1976.0,1.0,2.0,119.62,1.7,2827113184696,60.0,101.2,81.3,25.5,30.6,66834405.0,55.378051,-3.435973
1516,2000,technology,hu yangzhong,58.0,china,hangzhou,technology,technology,china,True,d,m,1965-03-06 00:00:00,hu,yangzhong,2023-04-04 05:01:00,1965.0,3.0,6.0,125.08,2.9,19910000000000,50.6,100.2,77.0,9.4,59.2,1397715000.0,35.86166,104.195397
1516,2000,manufacturing,huang dawen,62.0,hong kong,hong kong,silicon,manufacturing,hong kong,True,d,m,1960-11-01 00:00:00,huang,dawen,2023-04-04 05:01:00,1960.0,11.0,1.0,117.24,2.9,21427700000000,65.6,101.8,78.5,9.6,41.2,328239523.0,37.09024,10.451526
1516,2000,media & entertainment,huang qiaoling,64.0,china,hangzhou,amusement parks,media & entertainment,china,True,u,m,1958-11-15 00:00:00,huang,qiaoling,2023-04-04 05:01:00,1958.0,11.0,15.0,125.08,2.9,19910000000000,50.6,100.2,77.0,9.4,59.2,1397715000.0,35.86166,104.195397
1516,2000,finance & investments,rajiv jain,55.0,united states,fort lauderdale,finance,finance & investments,united states,True,n,m,1968-01-27 00:00:00,jain,rajiv,2023-04-04 05:01:00,1968.0,1.0,27.0,117.24,7.5,21427700000000,88.2,101.8,78.5,9.6,36.6,328239523.0,37.09024,-95.712891
1516,2000,sports,michael jordan,60.0,united states,jupiter,"charlotte hornets, endorsements",sports,united states,True,u,m,1963-02-17 00:00:00,jordan,michael,2023-04-04 05:01:00,1963.0,2.0,17.0,117.24,7.5,21427700000000,88.2,101.8,78.5,9.6,36.6,328239523.0,37.09024,-95.712891
1516,2000,real estate,diane kemper,77.0,united states,new york,real estate,real estate,united states,False,d,f,1945-07-21 00:00:00,kemper,diane,2023-04-04 05:01:00,1945.0,7.0,21.0,117.24,7.5,21427700000000,88.2,101.8,78.5,9.6,36.6,328239523.0,37.09024,-95.712891
1516,2000,technology,shlomo kramer,57.0,israel,tel aviv,"software, investments",technology,israel,True,d,m,1966-03-14 00:00:00,kramer,shlomo,2023-04-04 05:01:00,1966.0,3.0,14.0,108.15,0.8,395098666122,63.4,104.9,82.8,23.1,25.3,9053300.0,31.046051,34.851612
1516,2000,healthcare,heikki kyostila,77.0,finland,helsinki,dental products,healthcare,finland,True,u,m,1946-01-19 00:00:00,kyostila,heikki,2023-04-04 05:01:00,1946.0,1.0,19.0,112.33,1.0,268761201365,88.2,100.2,81.7,20.8,36.6,5520314.0,61.92411,25.748151
1516,2000,technology,martin lau,50.0,hong kong,hong kong,e-commerce,technology,hong kong,True,d,m,1973-04-01 00:00:00,lau,martin,2023-04-04 05:01:00,1973.0,4.0,1.0,117.24,2.9,21427700000000,65.6,101.8,78.5,9.6,41.2,328239523.0,37.09024,10.451526
1516,2000,technology,li min,57.0,china,fuzhou,semiconductor,technology,china,True,d,m,1965-12-26 00:00:00,li,min,2023-04-04 05:01:00,1965.0,12.0,26.0,125.08,2.9,19910000000000,50.6,100.2,77.0,9.4,59.2,1397715000.0,35.86166,104.195397
1516,2000,technology,liang rubo,40.0,china,beijing,tiktok,technology,china,True,d,m,1983-01-01 00:00:00,liang,rubo,2023-04-04 05:01:00,1983.0,1.0,1.0,125.08,2.9,19910000000000,50.6,100.2,77.0,9.4,59.2,1397715000.0,35.86166,104.195397
1516,2000,manufacturing,liang zhaoxian,58.0,china,foshan,appliances,manufacturing,china,False,d,m,1965-01-01 00:00:00,liang,zhaoxian,2023-04-04 05:01:00,1965.0,1.0,1.0,125.08,2.9,19910000000000,50.6,100.2,77.0,9.4,59.2,1397715000.0,35.86166,104.195397
1516,2000,energy,lin fanlian,61.0,china,linyi,"energy, real estate",energy,china,True,d,m,1961-06-01 00:00:00,lin,fanlian,2023-04-04 05:01:00,1961.0,6.0,1.0,125.08,2.9,19910000000000,50.6,100.2,77.0,9.4,59.2,1397715000.0,35.86166,104.195397
1516,2000,manufacturing,aloke lohia,64.0,thailand,bangkok,petrochemicals,manufacturing,india,False,d,m,1958-11-27 00:00:00,lohia,aloke,2023-04-04 05:01:00,1958.0,11.0,27.0,113.27,0.7,543649976166,49.3,99.8,76.9,14.9,29.5,69625582.0,15.870032,100.992541
1516,2000,real estate,bill malhotra,73.0,canada,ottawa,real estate,real estate,canada,True,u,m,1949-09-08 00:00:00,malhotra,bill,2023-04-04 05:01:00,1949.0,9.0,8.0,116.76,1.9,1736425629520,68.9,100.9,81.9,12.8,24.5,36991981.0,56.130366,-106.346771
1516,2000,finance & investments,alexander mamut,63.0,israel,tel aviv,investments,finance & investments,russia,True,d,m,1960-01-29 00:00:00,mamut,alexander,2023-04-04 05:01:00,1960.0,1.0,29.0,108.15,0.8,395098666122,63.4,104.9,82.8,23.1,25.3,9053300.0,31.046051,34.851612
1516,2000,telecom,craig mccaw,73.0,united states,hunts point,telecom,telecom,united states,False,d,m,1949-08-11 00:00:00,mccaw,craig,2023-04-04 05:01:00,1949.0,8.0,11.0,117.24,7.5,21427700000000,88.2,101.8,78.5,9.6,36.6,328239523.0,37.09024,-95.712891
1516,2000,manufacturing,cunhui nan,59.0,china,wenzhou,power equipment,manufacturing,china,True,d,m,1963-07-09 00:00:00,nan,cunhui,2023-04-04 05:01:00,1963.0,7.0,9.0,125.08,2.9,19910000000000,50.6,100.2,77.0,9.4,59.2,1397715000.0,35.86166,104.195397
1516,2000,service,tengyun nie & family,47.0,china,shanghai,logistics,service,china,True,d,m,1976-01-24 00:00:00,nie,tengyun,2023-04-04 05:01:00,1976.0,1.0,24.0,125.08,2.9,19910000000000,50.6,100.2,77.0,9.4,59.2,1397715000.0,35.86166,104.195397
1516,2000,finance & investments,oei hong leong,75.0,singapore,singapore,investments,finance & investments,singapore,False,u,m,1948-03-21 00:00:00,oei,hong leong,2023-04-04 05:01:00,1948.0,3.0,21.0,114.41,0.6,372062527489,84.8,100.6,83.1,13.1,21.0,5703569.0,1.352083,103.819836
1516,2000,metals & mining,clive palmer,69.0,australia,brisbane,mining,metals & mining,australia,True,d,m,1954-03-26 00:00:00,palmer,clive,2023-04-04 05:01:00,1954.0,3.0,26.0,119.8,1.6,1392680589329,113.1,100.3,82.7,23.0,47.4,25766605.0,-25.274398,133.775136
1516,2000,technology,matthew prince,48.0,united states,park city,cybersecurity,technology,united states,True,d,m,1975-01-01 00:00:00,prince,matthew,2023-04-04 05:01:00,1975.0,1.0,1.0,117.24,7.5,21427700000000,88.2,101.8,78.5,9.6,36.6,328239523.0,37.09024,-95.712891
1516,2000,service,linda pritzker,69.0,united states,missoula,"hotels, investments",service,united states,False,e,f,1953-09-14 00:00:00,pritzker,linda,2023-04-04 05:01:00,1953.0,9.0,14.0,117.24,7.5,21427700000000,88.2,101.8,78.5,9.6,36.6,328239523.0,37.09024,-95.712891
1516,2000,construction & engineering,p.v. krishna reddy,53.0,india,hyderabad,infrastructure,construction & engineering,india,True,u,m,1969-06-30 00:00:00,reddy,p.v. krishna,2023-04-04 05:01:00,1969.0,6.0,30.0,180.44,7.7,2611000000000,28.1,113.0,69.4,11.2,49.7,1366417754.0,20.593684,78.96288
1516,2000,metals & mining,bianca rinehart,46.0,australia,brisbane,mining,metals & mining,australia,False,d,f,1977-03-19 00:00:00,rinehart,bianca,2023-04-04 05:01:00,1977.0,3.0,19.0,119.8,1.6,1392680589329,113.1,100.3,82.7,23.0,47.4,25766605.0,-25.274398,133.775136
1516,2000,metals & mining,ginia rinehart,36.0,australia,sydney,mining,metals & mining,australia,False,d,f,1986-09-06 00:00:00,rinehart,ginia,2023-04-04 05:01:00,1986.0,9.0,6.0,119.8,1.6,1392680589329,113.1,100.3,82.7,23.0,47.4,25766605.0,-25.274398,133.775136
1516,2000,finance & investments,t. denny sanford,87.0,united states,sioux falls,"banking, credit cards",finance & investments,united states,True,d,m,1935-12-23 00:00:00,sanford,t. denny,2023-04-04 05:01:00,1935.0,12.0,23.0,117.24,7.5,21427700000000,88.2,101.8,78.5,9.6,36.6,328239523.0,37.09024,-95.712891
1516,2000,manufacturing,bhadresh shah,71.0,india,ahmedabad,engineering,manufacturing,india,True,u,m,1951-10-07 00:00:00,shah,bhadresh,2023-04-04 05:01:00,1951.0,10.0,7.0,180.44,7.7,2611000000000,28.1,113.0,69.4,11.2,49.7,1366417754.0,20.593684,78.96288
1516,2000,media & entertainment,zygmunt solorz-zak,66.0,poland,warsaw,tv broadcasting,media & entertainment,poland,True,d,m,1956-08-04 00:00:00,solorz-zak,zygmunt,2023-04-04 05:01:00,1956.0,8.0,4.0,114.11,2.2,592164400688,67.8,100.0,77.6,17.4,40.8,37970874.0,51.919438,19.145136
1516,2000,fashion & retail,sylvia stroeher,67.0,germany,darmstadt,cosmetics,fashion & retail,germany,False,e,f,1955-05-30 00:00:00,stroeher,sylvia,2023-04-04 05:01:00,1955.0,5.0,30.0,112.85,1.4,3845630030824,70.2,104.0,80.9,11.5,48.8,83132799.0,51.165691,10.451526
1516,2000,technology,otto toto sugiri,69.0,indonesia,jakarta,data centers,technology,indonesia,True,d,m,1953-09-23 00:00:00,sugiri,otto toto,2023-04-04 05:01:00,1953.0,9.0,23.0,151.18,3.0,1119190780753,36.3,106.4,71.5,10.2,30.1,270203917.0,-0.789275,113.921327
1516,2000,sports,larry tanenbaum,77.0,canada,toronto,sports,sports,canada,True,n,m,1945-07-01 00:00:00,tanenbaum,larry,2023-04-04 05:01:00,1945.0,7.0,1.0,116.76,1.9,1736425629520,68.9,100.9,81.9,12.8,24.5,36991981.0,56.130366,-106.346771
1516,2000,finance & investments,wichai thongtang,76.0,thailand,bangkok,investments,finance & investments,thailand,True,e,m,1947-01-01 00:00:00,thongtang,wichai,2023-04-04 05:01:00,1947.0,1.0,1.0,113.27,0.7,543649976166,49.3,99.8,76.9,14.9,29.5,69625582.0,15.870032,100.992541
1516,2000,finance & investments,ion tiriac,83.0,romania,bucharest,"banking, insurance",finance & investments,romania,True,u,m,1939-05-09 00:00:00,tiriac,ion,2023-04-04 05:01:00,1939.0,5.0,9.0,123.78,3.8,250077444017,49.4,85.2,75.4,14.6,20.0,19356544.0,45.943161,24.96676
1516,2000,metals & mining,hope welker,37.0,united states,new york,mining,metals & mining,australia,False,d,f,1985-08-13 00:00:00,welker,hope,2023-04-04 05:01:00,1985.0,8.0,13.0,117.24,7.5,21427700000000,88.2,101.8,78.5,9.6,36.6,328239523.0,37.09024,-95.712891
1516,2000,manufacturing,william young,82.0,united states,ypsilanti,plastics,manufacturing,united states,True,d,m,1941-01-01 00:00:00,young,william,2023-04-04 05:01:00,1941.0,1.0,1.0,117.24,7.5,21427700000000,88.2,101.8,78.5,9.6,36.6,328239523.0,37.09024,-95.712891
1516,2000,technology,zhang fan,57.0,china,shenzhen,touch screens,technology,china,True,d,m,1965-12-29 00:00:00,zhang,fan,2023-04-04 05:01:00,1965.0,12.0,29.0,125.08,2.9,19910000000000,50.6,100.2,77.0,9.4,59.2,1397715000.0,35.86166,104.195397
1516,2000,technology,shilong zhang & family,57.0,china,beijing,semiconductor,technology,china,True,d,m,1966-01-01 00:00:00,zhang,shilong,2023-04-04 05:01:00,1966.0,1.0,1.0,125.08,2.9,19910000000000,50.6,100.2,77.0,9.4,59.2,1397715000.0,35.86166,104.195397
1516,2000,manufacturing,zhang wanzhen,73.0,china,chaozhou,electronics components,manufacturing,china,True,d,m,1949-12-01 00:00:00,zhang,wanzhen,2023-04-04 05:01:00,1949.0,12.0,1.0,125.08,2.9,19910000000000,50.6,100.2,77.0,9.4,59.2,1397715000.0,35.86166,104.195397
1516,2000,technology,hongfei zhao,48.0,china,beijing,software,technology,china,True,d,m,1974-06-01 00:00:00,zhao,hongfei,2023-04-04 05:01:00,1974.0,6.0,1.0,125.08,2.9,19910000000000,50.6,100.2,77.0,9.4,59.2,1397715000.0,35.86166,104.195397
1516,2000,energy,zhou jian,46.0,china,shenzhen,solar energy equipment,energy,china,True,d,m,1976-07-01 00:00:00,zhou,jian,2023-04-04 05:01:00,1976.0,7.0,1.0,125.08,2.9,19910000000000,50.6,100.2,77.0,9.4,59.2,1397715000.0,35.86166,104.195397
1516,2000,healthcare,zhu yiwen & family,59.0,china,shanghai,healthcare,healthcare,china,True,u,m,1964-01-01 00:00:00,zhu,yiwen,2023-04-04 05:01:00,1964.0,1.0,1.0,125.08,2.9,19910000000000,50.6,100.2,77.0,9.4,59.2,1397715000.0,35.86166,104.195397
1575,1900,diversified,roberto angelini rossi,74.0,chile,santiago,"forestry, mining",diversified,chile,False,u,m,1948-07-30 00:00:00,angelini rossi,roberto,2023-04-04 05:01:00,1948.0,7.0,30.0,131.91,2.6,282318159745,88.5,101.4,80.0,18.2,34.0,18952038.0,-35.675147,-71.542969
1575,1900,energy,mika anttonen,56.0,finland,helsinki,oil & gas,energy,finland,True,u,m,1966-12-18 00:00:00,anttonen,mika,2023-04-04 05:01:00,1966.0,12.0,18.0,112.33,1.0,268761201365,88.2,100.2,81.7,20.8,36.6,5520314.0,61.92411,25.748151
1575,1900,sports,david blitzer,53.0,united states,new york,sports,sports,united states,True,n,m,1969-09-07 00:00:00,blitzer,david,2023-04-04 05:01:00,1969.0,9.0,7.0,117.24,7.5,21427700000000,88.2,101.8,78.5,9.6,36.6,328239523.0,37.09024,-95.712891
1575,1900,finance & investments,julio bozano,87.0,brazil,rio de janeiro,banking,finance & investments,brazil,True,d,m,1936-02-01 00:00:00,bozano,julio,2023-04-04 05:01:00,1936.0,2.0,1.0,167.4,3.7,1839758040766,51.3,115.4,75.7,14.2,65.1,212559417.0,-14.235004,-51.92528
1575,1900,energy,nikolai buinov,55.0,russia,irkutsk,"oil, gas",energy,russia,True,u,m,1967-07-09 00:00:00,buinov,nikolai,2023-04-04 05:01:00,1967.0,7.0,9.0,180.75,4.5,1699876578871,81.9,102.6,72.7,11.4,46.2,144373535.0,61.52401,105.318756
1575,1900,fashion & retail,nicola bulgari,82.0,italy,rome,luxury goods,fashion & retail,italy,False,e,m,1941-01-16 00:00:00,bulgari,nicola,2023-04-04 05:01:00,1941.0,1.0,16.0,110.62,0.6,2001244392042,61.9,101.9,82.9,24.3,59.1,60297396.0,41.87194,12.56738
1575,1900,fashion & retail,"howard butt, iii. & family",71.0,united states,san antonio,supermarkets,fashion & retail,united states,False,n,m,1952-04-04 00:00:00,butt,howard,2023-04-04 05:01:00,1952.0,4.0,4.0,117.24,7.5,21427700000000,88.2,101.8,78.5,9.6,36.6,328239523.0,37.09024,-95.712891
1575,1900,fashion & retail,jianxing che,56.0,china,shanghai,furniture retailing,fashion & retail,china,True,d,m,1966-07-18 00:00:00,che,jianxing,2023-04-04 05:01:00,1966.0,7.0,18.0,125.08,2.9,19910000000000,50.6,100.2,77.0,9.4,59.2,1397715000.0,35.86166,104.195397
1575,1900,manufacturing,huxiong chen,52.0,china,shanghai,stationery,manufacturing,china,True,d,m,1970-07-01 00:00:00,chen,huxiong,2023-04-04 05:01:00,1970.0,7.0,1.0,125.08,2.9,19910000000000,50.6,100.2,77.0,9.4,59.2,1397715000.0,35.86166,104.195397
1575,1900,technology,chen zhisong,57.0,china,xiamen,communication equipment,technology,china,True,d,m,1966-01-07 00:00:00,chen,zhisong,2023-04-04 05:01:00,1966.0,1.0,7.0,125.08,2.9,19910000000000,50.6,100.2,77.0,9.4,59.2,1397715000.0,35.86166,104.195397
1575,1900,diversified,prathip chiravanond,74.0,thailand,bangkok,diversified,diversified,thailand,False,r,m,1948-10-21 00:00:00,chiravanond,prathip,2023-04-04 05:01:00,1948.0,10.0,21.0,113.27,0.7,543649976166,49.3,99.8,76.9,14.9,29.5,69625582.0,15.870032,100.992541
1575,1900,food & beverage,alexandra daitch,60.0,united states,old lyme,cargill,food & beverage,united states,False,d,f,1963-01-01 00:00:00,daitch,alexandra,2023-04-04 05:01:00,1963.0,1.0,1.0,117.24,7.5,21427700000000,88.2,101.8,78.5,9.6,36.6,328239523.0,37.09024,-95.712891
1575,1900,food & beverage,sol daurella,57.0,spain,madrid,coca-cola bottler,food & beverage,spain,False,u,f,1966-01-01 00:00:00,daurella,sol,2023-04-04 05:01:00,1966.0,1.0,1.0,110.96,0.7,1394116310769,88.9,102.7,83.3,14.2,47.0,47076781.0,40.463667,-3.74922
1575,1900,sports,mark davis,67.0,united states,henderson,las vegas raiders,sports,united states,False,n,m,1955-05-18 00:00:00,davis,mark,2023-04-04 05:01:00,1955.0,5.0,18.0,117.24,7.5,21427700000000,88.2,101.8,78.5,9.6,36.6,328239523.0,37.09024,-95.712891
1575,1900,finance & investments,james dinan,63.0,united states,north salem,hedge funds,finance & investments,united states,True,e,m,1959-05-22 00:00:00,dinan,james,2023-04-04 05:01:00,1959.0,5.0,22.0,117.24,7.5,21427700000000,88.2,101.8,78.5,9.6,36.6,328239523.0,37.09024,-95.712891
1575,1900,diversified,bulent eczacibasi,73.0,turkey,istanbul,"pharmaceuticals, diversified",diversified,turkey,False,u,m,1949-12-25 00:00:00,eczacibasi,bulent,2023-04-04 05:01:00,1949.0,12.0,25.0,234.44,15.2,754411708203,23.9,93.2,77.4,17.9,42.3,83429615.0,38.963745,35.243322
1575,1900,diversified,faruk eczacibasi,68.0,turkey,istanbul,"pharmaceuticals, diversified",diversified,turkey,False,u,m,1954-06-15 00:00:00,eczacibasi,faruk,2023-04-04 05:01:00,1954.0,6.0,15.0,234.44,15.2,754411708203,23.9,93.2,77.4,17.9,42.3,83429615.0,38.963745,35.243322
1575,1900,diversified,eduardo eurnekian,90.0,argentina,buenos aires,"airports, investments",diversified,argentina,True,u,m,1932-12-04 00:00:00,eurnekian,eduardo,2023-04-04 05:01:00,1932.0,12.0,4.0,232.75,53.5,449663446954,90.0,109.7,76.5,10.1,106.3,44938712.0,-38.416097,-63.616672
1575,1900,real estate,david fong,65.0,hong kong,hong kong,real estate,real estate,hong kong,False,n,m,1957-05-29 00:00:00,fong,david,2023-04-04 05:01:00,1957.0,5.0,29.0,117.24,2.9,21427700000000,65.6,101.8,78.5,9.6,41.2,328239523.0,37.09024,10.451526
1575,1900,fashion & retail,guo zhenyu & family,59.0,china,kunming,cosmetics,fashion & retail,canada,True,d,m,1963-11-01 00:00:00,guo,zhenyu,2023-04-04 05:01:00,1963.0,11.0,1.0,125.08,2.9,19910000000000,50.6,100.2,77.0,9.4,59.2,1397715000.0,35.86166,104.195397
1575,1900,manufacturing,surjit kumar gupta,81.0,india,delhi,electrical equipment,manufacturing,india,False,u,m,1942-01-13 00:00:00,gupta,surjit kumar,2023-04-04 05:01:00,1942.0,1.0,13.0,180.44,7.7,2611000000000,28.1,113.0,69.4,11.2,49.7,1366417754.0,20.593684,78.96288
1575,1900,diversified,caroline hagen kjos,39.0,switzerland,wollerau,conglomerate,diversified,norway,False,d,f,1984-01-01 00:00:00,hagen kjos,caroline,2023-04-04 05:01:00,1984.0,1.0,1.0,99.55,0.4,703082435360,59.6,105.2,83.6,10.1,28.8,8574832.0,46.818188,8.227512
1575,1900,finance & investments,roberto hernandez ramirez,81.0,mexico,mexico city,"banking, investments",finance & investments,mexico,True,e,m,1942-03-24 00:00:00,hernandez ramirez,roberto,2023-04-04 05:01:00,1942.0,3.0,24.0,141.54,3.6,1258286717125,40.2,105.8,75.0,13.1,55.1,126014024.0,23.634501,-102.552784
1575,1900,technology,reid hoffman,55.0,united states,palo alto,linkedin,technology,united states,True,d,m,1967-08-05 00:00:00,hoffman,reid,2023-04-04 05:01:00,1967.0,8.0,5.0,117.24,7.5,21427700000000,88.2,101.8,78.5,9.6,36.6,328239523.0,37.09024,-95.712891
1575,1900,manufacturing,hu rongda & family,64.0,china,jinhua,chemicals,manufacturing,china,True,u,m,1959-01-01 00:00:00,hu,rongda,2023-04-04 05:01:00,1959.0,1.0,1.0,125.08,2.9,19910000000000,50.6,100.2,77.0,9.4,59.2,1397715000.0,35.86166,104.195397
1575,1900,real estate,"b. wayne hughes, jr.",63.0,united states,jackson,storage facilities,real estate,united states,False,d,m,1959-05-27 00:00:00,hughes,b. wayne,2023-04-04 05:01:00,1959.0,5.0,27.0,117.24,7.5,21427700000000,88.2,101.8,78.5,9.6,36.6,328239523.0,37.09024,-95.712891
1575,1900,real estate,hui wing mau,72.0,hong kong,hong kong,real estate,real estate,hong kong,True,d,m,1950-07-01 00:00:00,hui,wing mau,2023-04-04 05:01:00,1950.0,7.0,1.0,117.24,2.9,21427700000000,65.6,101.8,78.5,9.6,41.2,328239523.0,37.09024,10.451526
1575,1900,finance & investments,scott kapnick,64.0,united states,naples,private equity,finance & investments,united states,True,u,m,1959-02-09 00:00:00,kapnick,scott,2023-04-04 05:01:00,1959.0,2.0,9.0,117.24,7.5,21427700000000,88.2,101.8,78.5,9.6,36.6,328239523.0,37.09024,-95.712891
1575,1900,finance & investments,richard kayne,77.0,united states,santa monica,investments,finance & investments,united states,True,u,m,1946-01-01 00:00:00,kayne,richard,2023-04-04 05:01:00,1946.0,1.0,1.0,117.24,7.5,21427700000000,88.2,101.8,78.5,9.6,36.6,328239523.0,37.09024,-95.712891
1575,1900,finance & investments,dominika kulczyk,45.0,united kingdom,london,diversified,finance & investments,poland,False,u,f,1977-07-30 00:00:00,kulczyk,dominika,2023-04-04 05:01:00,1977.0,7.0,30.0,119.62,1.7,2827113184696,60.0,101.2,81.3,25.5,30.6,66834405.0,55.378051,-3.435973
1575,1900,finance & investments,edward lampert,60.0,united states,miami beach,sears,finance & investments,united states,True,u,m,1962-07-19 00:00:00,lampert,edward,2023-04-04 05:01:00,1962.0,7.0,19.0,117.24,7.5,21427700000000,88.2,101.8,78.5,9.6,36.6,328239523.0,37.09024,-95.712891
1575,1900,food & beverage,james leprino,85.0,united states,indian hills,cheese,food & beverage,united states,False,d,m,1937-11-22 00:00:00,leprino,james,2023-04-04 05:01:00,1937.0,11.0,22.0,117.24,7.5,21427700000000,88.2,101.8,78.5,9.6,36.6,328239523.0,37.09024,-95.712891
1575,1900,real estate,david lichtenstein,61.0,united states,monsey,real estate,real estate,united states,True,e,m,1961-11-21 00:00:00,lichtenstein,david,2023-04-04 05:01:00,1961.0,11.0,21.0,117.24,7.5,21427700000000,88.2,101.8,78.5,9.6,36.6,328239523.0,37.09024,-95.712891
1575,1900,real estate,lin dingqiang & family,56.0,china,beijing,real estate,real estate,hong kong,True,e,m,1966-10-01 00:00:00,lin,dingqiang,2023-04-04 05:01:00,1966.0,10.0,1.0,125.08,2.9,19910000000000,50.6,100.2,77.0,9.4,59.2,1397715000.0,35.86166,104.195397
1575,1900,food & beverage,sarah macmillan,69.0,united states,los angeles,cargill,food & beverage,united states,False,d,f,1954-01-01 00:00:00,macmillan,sarah,2023-04-04 05:01:00,1954.0,1.0,1.0,117.24,7.5,21427700000000,88.2,101.8,78.5,9.6,36.6,328239523.0,37.09024,-95.712891
1575,1900,telecom,strive masiyiwa,62.0,united kingdom,london,telecom,telecom,zimbabwe,True,d,m,1961-01-29 00:00:00,masiyiwa,strive,2023-04-04 05:01:00,1961.0,1.0,29.0,119.62,1.7,2827113184696,60.0,101.2,81.3,25.5,30.6,66834405.0,55.378051,-3.435973
1575,1900,fashion & retail,robert miller,89.0,hong kong,hong kong,retail,fashion & retail,united kingdom,True,d,m,1933-05-23 00:00:00,miller,robert,2023-04-04 05:01:00,1933.0,5.0,23.0,117.24,2.9,21427700000000,65.6,101.8,78.5,9.6,41.2,328239523.0,37.09024,10.451526
1575,1900,technology,simon nixon,55.0,united kingdom,"st. brelade, jersey",price comparison website,technology,united kingdom,True,u,m,1967-08-01 00:00:00,nixon,simon,2023-04-04 05:01:00,1967.0,8.0,1.0,119.62,1.7,2827113184696,60.0,101.2,81.3,25.5,30.6,66834405.0,55.378051,-3.435973
1575,1900,food & beverage,kentaro ogawa,74.0,japan,tokyo,restaurants,food & beverage,japan,True,u,m,1948-07-01 00:00:00,ogawa,kentaro,2023-04-04 05:01:00,1948.0,7.0,1.0,105.48,0.5,5081769542380,63.2,98.8,84.2,11.9,46.7,126226568.0,36.204824,138.252924
1575,1900,manufacturing,ajay parekh,65.0,india,mumbai,adhesives,manufacturing,india,False,d,m,1957-06-23 00:00:00,parekh,ajay,2023-04-04 05:01:00,1957.0,6.0,23.0,180.44,7.7,2611000000000,28.1,113.0,69.4,11.2,49.7,1366417754.0,20.593684,78.96288
1575,1900,manufacturing,narendrakumar parekh,84.0,india,mumbai,adhesives,manufacturing,india,False,d,m,1938-04-17 00:00:00,parekh,narendrakumar,2023-04-04 05:01:00,1938.0,4.0,17.0,180.44,7.7,2611000000000,28.1,113.0,69.4,11.2,49.7,1366417754.0,20.593684,78.96288
1575,1900,finance & investments,jennifer pritzker,72.0,united states,chicago,"hotels, investments",finance & investments,united states,False,d,f,1950-08-13 00:00:00,pritzker,jennifer,2023-04-04 05:01:00,1950.0,8.0,13.0,117.24,7.5,21427700000000,88.2,101.8,78.5,9.6,36.6,328239523.0,37.09024,-95.712891
1575,1900,fashion & retail,g. rajendran,80.0,india,chennai,jewellery,fashion & retail,india,True,u,m,1942-10-05 00:00:00,rajendran,g.,2023-04-04 05:01:00,1942.0,10.0,5.0,180.44,7.7,2611000000000,28.1,113.0,69.4,11.2,49.7,1366417754.0,20.593684,78.96288
1575,1900,manufacturing,ren jianhua,66.0,china,hangzhou,kitchen appliances,manufacturing,china,True,d,m,1956-08-01 00:00:00,ren,jianhua,2023-04-04 05:01:00,1956.0,8.0,1.0,125.08,2.9,19910000000000,50.6,100.2,77.0,9.4,59.2,1397715000.0,35.86166,104.195397
1575,1900,finance & investments,larry robbins,53.0,united states,alpine,hedge funds,finance & investments,united states,True,e,m,1969-10-21 00:00:00,robbins,larry,2023-04-04 05:01:00,1969.0,10.0,21.0,117.24,7.5,21427700000000,88.2,101.8,78.5,9.6,36.6,328239523.0,37.09024,-95.712891
1575,1900,construction & engineering,dwight schar,81.0,united states,palm beach,"homebuilding, nfl team",construction & engineering,united states,True,e,m,1942-02-08 00:00:00,schar,dwight,2023-04-04 05:01:00,1942.0,2.0,8.0,117.24,7.5,21427700000000,88.2,101.8,78.5,9.6,36.6,328239523.0,37.09024,-95.712891
1575,1900,manufacturing,qinxiang shao,68.0,china,hangzhou,diversified,manufacturing,china,True,u,m,1954-09-01 00:00:00,shao,qinxiang,2023-04-04 05:01:00,1954.0,9.0,1.0,125.08,2.9,19910000000000,50.6,100.2,77.0,9.4,59.2,1397715000.0,35.86166,104.195397
1575,1900,technology,hua shen,60.0,china,jiaxing,semiconductors,technology,united states,True,d,m,1963-01-01 00:00:00,shen,hua,2023-04-04 05:01:00,1963.0,1.0,1.0,125.08,2.9,19910000000000,50.6,100.2,77.0,9.4,59.2,1397715000.0,35.86166,104.195397
1575,1900,manufacturing,shi wen-long,95.0,taiwan,tainan,plastics,manufacturing,taiwan,True,d,m,1928-02-01 00:00:00,shi,wen-long,2023-04-04 05:01:00,1928.0,2.0,1.0,117.24,2.9,21427700000000,65.6,101.8,78.5,9.6,41.2,328239523.0,37.09024,10.451526
1575,1900,finance & investments,peter sondakh,73.0,indonesia,surabaya,investments,finance & investments,indonesia,True,d,m,1950-02-26 00:00:00,sondakh,peter,2023-04-04 05:01:00,1950.0,2.0,26.0,151.18,3.0,1119190780753,36.3,106.4,71.5,10.2,30.1,270203917.0,-0.789275,113.921327
1575,1900,food & beverage,lucy stitzer,63.0,united states,greenwich,cargill,food & beverage,united states,False,d,f,1960-01-01 00:00:00,stitzer,lucy,2023-04-04 05:01:00,1960.0,1.0,1.0,117.24,7.5,21427700000000,88.2,101.8,78.5,9.6,36.6,328239523.0,37.09024,-95.712891
1575,1900,diversified,elizabeth sy,70.0,philippines,manila,diversified,diversified,philippines,False,d,f,1952-06-01 00:00:00,sy,elizabeth,2023-04-04 05:01:00,1952.0,6.0,1.0,129.61,2.5,376795508680,35.5,107.5,71.1,14.0,43.1,108116615.0,12.879721,121.774017
1575,1900,manufacturing,hermanto tanoko,60.0,indonesia,surabaya,paints,manufacturing,indonesia,False,split family fortune,m,1962-09-17 00:00:00,tanoko,hermanto,2023-04-04 05:01:00,1962.0,9.0,17.0,151.18,3.0,1119190780753,36.3,106.4,71.5,10.2,30.1,270203917.0,-0.789275,113.921327
1575,1900,construction & engineering,mehmet sinan tara,64.0,turkey,istanbul,construction,construction & engineering,turkey,False,u,m,1958-05-24 00:00:00,tara,mehmet sinan,2023-04-04 05:01:00,1958.0,5.0,24.0,234.44,15.2,754411708203,23.9,93.2,77.4,17.9,42.3,83429615.0,38.963745,35.243322
1575,1900,fashion & retail,masateru uno & family,76.0,japan,fukuoka,drugstores,fashion & retail,japan,True,d,m,1947-02-06 00:00:00,uno,masateru,2023-04-04 05:01:00,1947.0,2.0,6.0,105.48,0.5,5081769542380,63.2,98.8,84.2,11.9,46.7,126226568.0,36.204824,138.252924
1575,1900,energy,vardis vardinoyannis & family,90.0,greece,athens,oil and gas,energy,greece,True,u,m,1933-01-01 00:00:00,vardinoyannis & family,vardis,2023-04-04 05:01:00,1933.0,1.0,1.0,101.87,0.2,209852761469,136.6,99.6,81.3,26.2,51.9,10716322.0,39.074208,21.824312
1575,1900,real estate,jitendra virwani,57.0,india,bangalore,real estate,real estate,india,False,d,m,1966-02-18 00:00:00,virwani,jitendra,2023-04-04 05:01:00,1966.0,2.0,18.0,180.44,7.7,2611000000000,28.1,113.0,69.4,11.2,49.7,1366417754.0,20.593684,78.96288
1575,1900,real estate,wang chaobin,67.0,china,zhengzhou,real estate,real estate,china,True,e,m,1956-01-01 00:00:00,wang,chaobin,2023-04-04 05:01:00,1956.0,1.0,1.0,125.08,2.9,19910000000000,50.6,100.2,77.0,9.4,59.2,1397715000.0,35.86166,104.195397
1575,1900,fashion & retail,wang ren-sheng,91.0,china,zhengzhou,retail,fashion & retail,taiwan,True,d,m,1931-12-01 00:00:00,wang,ren-sheng,2023-04-04 05:01:00,1931.0,12.0,1.0,125.08,2.9,19910000000000,50.6,100.2,77.0,9.4,59.2,1397715000.0,35.86166,104.195397
1575,1900,food & beverage,charlotte colket weber,80.0,united states,hobe sound,campbell soup,food & beverage,united states,False,u,f,1942-11-19 00:00:00,weber,charlotte colket,2023-04-04 05:01:00,1942.0,11.0,19.0,117.24,7.5,21427700000000,88.2,101.8,78.5,9.6,36.6,328239523.0,37.09024,-95.712891
1575,1900,healthcare,xie juhua & family,72.0,china,nanjing,pharmaceuticals,healthcare,china,False,d,f,1951-01-01 00:00:00,xie,juhua,2023-04-04 05:01:00,1951.0,1.0,1.0,125.08,2.9,19910000000000,50.6,100.2,77.0,9.4,59.2,1397715000.0,35.86166,104.195397
1575,1900,manufacturing,chuanhua xu & family,88.0,china,hangzhou,"chemicals, logistics",manufacturing,china,True,d,m,1935-01-01 00:00:00,xu,chuanhua,2023-04-04 05:01:00,1935.0,1.0,1.0,125.08,2.9,19910000000000,50.6,100.2,77.0,9.4,59.2,1397715000.0,35.86166,104.195397
1575,1900,diversified,zhang hongwei,68.0,china,beijing,"oil, banking",diversified,china,True,d,m,1954-12-26 00:00:00,zhang,hongwei,2023-04-04 05:01:00,1954.0,12.0,26.0,125.08,2.9,19910000000000,50.6,100.2,77.0,9.4,59.2,1397715000.0,35.86166,104.195397
1575,1900,manufacturing,anita zucker,71.0,united states,charleston,chemicals,manufacturing,united states,False,u,f,1952-01-19 00:00:00,zucker,anita,2023-04-04 05:01:00,1952.0,1.0,19.0,117.24,7.5,21427700000000,88.2,101.8,78.5,9.6,36.6,328239523.0,37.09024,-95.712891
1647,1800,technology,cameron adams,43.0,australia,sydney,software,technology,australia,True,d,m,1979-12-26 00:00:00,adams,cameron,2023-04-04 05:01:00,1979.0,12.0,26.0,119.8,1.6,1392680589329,113.1,100.3,82.7,23.0,47.4,25766605.0,-25.274398,133.775136
1647,1800,diversified,faisal bin qassim al thani,75.0,qatar,doha,"hotels, diversified",diversified,qatar,True,d,m,1948-01-01 00:00:00,al thani,faisal bin qassim,2023-04-04 05:01:00,1948.0,1.0,1.0,115.38,-0.7,183466208791,17.9,103.8,80.1,14.7,11.3,2832067.0,25.354826,51.183884
1647,1800,sports,leslie alexander,79.0,united states,houston,sports team,sports,united states,True,e,m,1943-06-30 00:00:00,alexander,leslie,2023-04-04 05:01:00,1943.0,6.0,30.0,117.24,7.5,21427700000000,88.2,101.8,78.5,9.6,36.6,328239523.0,37.09024,-95.712891
1647,1800,real estate,masaaki arai,57.0,japan,tokyo,home sales,real estate,japan,True,d,m,1965-10-29 00:00:00,arai,masaaki,2023-04-04 05:01:00,1965.0,10.0,29.0,105.48,0.5,5081769542380,63.2,98.8,84.2,11.9,46.7,126226568.0,36.204824,138.252924
1647,1800,fashion & retail,sabrina benetton,49.0,italy,treviso,"fashion retail, investments",fashion & retail,italy,False,u,f,1973-10-04 00:00:00,benetton,sabrina,2023-04-04 05:01:00,1973.0,10.0,4.0,110.62,0.6,2001244392042,61.9,101.9,82.9,24.3,59.1,60297396.0,41.87194,12.56738
1647,1800,technology,sanjeev bikhchandani,59.0,india,delhi,internet,technology,india,True,d,m,1963-06-29 00:00:00,bikhchandani,sanjeev,2023-04-04 05:01:00,1963.0,6.0,29.0,180.44,7.7,2611000000000,28.1,113.0,69.4,11.2,49.7,1366417754.0,20.593684,78.96288
1647,1800,finance & investments,o. francis biondi,58.0,united states,new york,hedge funds,finance & investments,united states,True,e,m,1964-07-04 00:00:00,biondi,o. francis,2023-04-04 05:01:00,1964.0,7.0,4.0,117.24,7.5,21427700000000,88.2,101.8,78.5,9.6,36.6,328239523.0,37.09024,-95.712891
1647,1800,energy,alejandro bulgheroni,78.0,uruguay,manantiales,oil & gas,energy,argentina,False,d,m,1944-11-01 00:00:00,bulgheroni,alejandro,2023-04-04 05:01:00,1944.0,11.0,1.0,202.92,7.9,56045912952,63.1,108.5,77.8,20.1,41.8,3461734.0,-32.522779,-55.765835
1647,1800,food & beverage,r.g. chandramogan,74.0,india,chennai,dairy,food & beverage,india,True,d,m,1949-03-01 00:00:00,chandramogan,r.g.,2023-04-04 05:01:00,1949.0,3.0,1.0,180.44,7.7,2611000000000,28.1,113.0,69.4,11.2,49.7,1366417754.0,20.593684,78.96288
1647,1800,diversified,binod chaudhary,67.0,nepal,kathmandu,diversified,diversified,nepal,False,u,m,1955-04-14 00:00:00,chaudhary,binod,2023-04-04 05:01:00,1955.0,4.0,14.0,188.73,5.6,30641380604,12.4,142.1,70.5,20.7,41.8,28608710.0,28.394857,84.124008
1647,1800,technology,parker conrad,42.0,united states,san francisco,software,technology,united states,True,n,m,1980-04-13 00:00:00,conrad,parker,2023-04-04 05:01:00,1980.0,4.0,13.0,117.24,7.5,21427700000000,88.2,101.8,78.5,9.6,36.6,328239523.0,37.09024,-95.712891
1647,1800,technology,tim cook,62.0,united states,cupertino,apple,technology,united states,True,d,m,1960-11-01 00:00:00,cook,tim,2023-04-04 05:01:00,1960.0,11.0,1.0,117.24,7.5,21427700000000,88.2,101.8,78.5,9.6,36.6,328239523.0,37.09024,-95.712891
1647,1800,finance & investments,mark coombs,62.0,united kingdom,london,finance,finance & investments,united kingdom,True,e,m,1961-01-01 00:00:00,coombs,mark,2023-04-04 05:01:00,1961.0,1.0,1.0,119.62,1.7,2827113184696,60.0,101.2,81.3,25.5,30.6,66834405.0,55.378051,-3.435973
1647,1800,media & entertainment,john de mol,68.0,netherlands,blaricum,tv programs,media & entertainment,netherlands,True,e,m,1955-03-24 00:00:00,de mol,john,2023-04-04 05:01:00,1955.0,3.0,24.0,115.91,2.6,909070395161,85.0,104.2,81.8,23.0,41.2,17332850.0,52.132633,5.291266
1647,1800,construction & engineering,d. leopoldo del pino,60.0,spain,madrid,construction,construction & engineering,spain,False,d,m,1962-07-30 00:00:00,del pino,d. leopoldo,2023-04-04 05:01:00,1962.0,7.0,30.0,110.96,0.7,1394116310769,88.9,102.7,83.3,14.2,47.0,47076781.0,40.463667,-3.74922
1647,1800,technology,diao zhizhong,59.0,china,beijing,software,technology,china,True,u,m,1963-11-06 00:00:00,diao,zhizhong,2023-04-04 05:01:00,1963.0,11.0,6.0,125.08,2.9,19910000000000,50.6,100.2,77.0,9.4,59.2,1397715000.0,35.86166,104.195397
1647,1800,healthcare,robert duggan,78.0,united states,clearwater,pharmaceuticals,healthcare,united states,True,d,m,1944-04-28 00:00:00,duggan,robert,2023-04-04 05:01:00,1944.0,4.0,28.0,117.24,7.5,21427700000000,88.2,101.8,78.5,9.6,36.6,328239523.0,37.09024,-95.712891
1647,1800,sports,james france,78.0,united states,daytona beach,"nascar, racing",sports,united states,False,e,m,1944-10-24 00:00:00,france,james,2023-04-04 05:01:00,1944.0,10.0,24.0,117.24,7.5,21427700000000,88.2,101.8,78.5,9.6,36.6,328239523.0,37.09024,-95.712891
1647,1800,healthcare,phillip frost,86.0,united states,miami beach,pharmaceuticals,healthcare,united states,True,d,m,1936-11-11 00:00:00,frost,phillip,2023-04-04 05:01:00,1936.0,11.0,11.0,117.24,7.5,21427700000000,88.2,101.8,78.5,9.6,36.6,328239523.0,37.09024,-95.712891
1647,1800,finance & investments,jayme garfinkel & family,77.0,brazil,sao paulo,insurance,finance & investments,brazil,False,u,m,1945-11-30 00:00:00,garfinkel,jayme,2023-04-04 05:01:00,1945.0,11.0,30.0,167.4,3.7,1839758040766,51.3,115.4,75.7,14.2,65.1,212559417.0,-14.235004,-51.92528
1647,1800,food & beverage,christopher goldsbury,80.0,united states,san antonio,salsa,food & beverage,united states,False,e,m,1943-01-01 00:00:00,goldsbury,christopher,2023-04-04 05:01:00,1943.0,1.0,1.0,117.24,7.5,21427700000000,88.2,101.8,78.5,9.6,36.6,328239523.0,37.09024,-95.712891
1647,1800,healthcare,yusuf hamied,86.0,india,mumbai,pharmaceuticals,healthcare,india,False,d,m,1936-07-26 00:00:00,hamied,yusuf,2023-04-04 05:01:00,1936.0,7.0,26.0,180.44,7.7,2611000000000,28.1,113.0,69.4,11.2,49.7,1366417754.0,20.593684,78.96288
1647,1800,finance & investments,brian higgins,58.0,united states,new york,hedge funds,finance & investments,united states,True,e,m,1965-02-08 00:00:00,higgins,brian,2023-04-04 05:01:00,1965.0,2.0,8.0,117.24,7.5,21427700000000,88.2,101.8,78.5,9.6,36.6,328239523.0,37.09024,-95.712891
1647,1800,real estate,wei huang,63.0,china,hangzhou,real estate,real estate,china,True,u,m,1959-09-30 00:00:00,huang,wei,2023-04-04 05:01:00,1959.0,9.0,30.0,125.08,2.9,19910000000000,50.6,100.2,77.0,9.4,59.2,1397715000.0,35.86166,104.195397
1647,1800,automotive,yintai jiang & family,72.0,china,shanghai,auto parts,automotive,china,True,u,m,1950-07-30 00:00:00,jiang,yintai,2023-04-04 05:01:00,1950.0,7.0,30.0,125.08,2.9,19910000000000,50.6,100.2,77.0,9.4,59.2,1397715000.0,35.86166,104.195397
1647,1800,healthcare,lei jin,57.0,china,changchun,pharmaceuticals,healthcare,china,True,u,m,1965-08-01 00:00:00,jin,lei,2023-04-04 05:01:00,1965.0,8.0,1.0,125.08,2.9,19910000000000,50.6,100.2,77.0,9.4,59.2,1397715000.0,35.86166,104.195397
1647,1800,healthcare,jin lei & family,68.0,china,beijing,medical equipment,healthcare,china,True,u,m,1954-09-23 00:00:00,jin,lei,2023-04-04 05:01:00,1954.0,9.0,23.0,125.08,2.9,19910000000000,50.6,100.2,77.0,9.4,59.2,1397715000.0,35.86166,104.195397
1647,1800,technology,valentin kipyatkov,46.0,cyprus,peyia,software,technology,cyprus,True,d,m,1976-06-05 00:00:00,kipyatkov,valentin,2023-04-04 05:01:00,1976.0,6.0,5.0,102.51,0.3,24564647935,75.9,99.3,80.8,24.5,22.4,1198575.0,35.126413,33.429859
1647,1800,diversified,koo kwang-mo,45.0,south korea,seoul,lg,diversified,south korea,False,u,m,1978-01-23 00:00:00,koo,kwang-mo,2023-04-04 05:01:00,1978.0,1.0,23.0,115.16,0.4,2029000000000,94.3,98.1,82.6,15.6,33.2,51709098.0,35.907757,127.766922
1647,1800,technology,george kurtz,52.0,united states,paradise valley,security software,technology,united states,True,d,m,1970-10-01 00:00:00,kurtz,george,2023-04-04 05:01:00,1970.0,10.0,1.0,117.24,7.5,21427700000000,88.2,101.8,78.5,9.6,36.6,328239523.0,37.09024,-95.712891
1647,1800,sports,joe lacob,67.0,united states,atherton,golden state warriors,sports,united states,True,u,m,1956-01-10 00:00:00,lacob,joe,2023-04-04 05:01:00,1956.0,1.0,10.0,117.24,7.5,21427700000000,88.2,101.8,78.5,9.6,36.6,328239523.0,37.09024,-95.712891
1647,1800,technology,joe lau,33.0,united states,stanford,"blockchain, technology",technology,united states,True,d,m,1989-07-01 00:00:00,lau,joe,2023-04-04 05:01:00,1989.0,7.0,1.0,117.24,7.5,21427700000000,88.2,101.8,78.5,9.6,36.6,328239523.0,37.09024,-95.712891
1647,1800,diversified,louise lindh,43.0,sweden,stockholm,investments,diversified,sweden,False,u,f,1979-10-20 00:00:00,lindh,louise,2023-04-04 05:01:00,1979.0,10.0,20.0,110.51,1.8,530832908738,67.0,126.6,82.5,27.9,49.1,10285453.0,60.128161,18.643501
1647,1800,metals & mining,luo yangyong & family,47.0,china,panzhihua,mining,metals & mining,china,True,d,m,1975-06-02 00:00:00,luo,yangyong,2023-04-04 05:01:00,1975.0,6.0,2.0,125.08,2.9,19910000000000,50.6,100.2,77.0,9.4,59.2,1397715000.0,35.86166,104.195397
1647,1800,media & entertainment,joao roberto marinho,69.0,brazil,rio de janeiro,media,media & entertainment,brazil,False,d,m,1953-09-16 00:00:00,marinho,joao roberto,2023-04-04 05:01:00,1953.0,9.0,16.0,167.4,3.7,1839758040766,51.3,115.4,75.7,14.2,65.1,212559417.0,-14.235004,-51.92528
1647,1800,media & entertainment,jose roberto marinho,67.0,brazil,rio de janeiro,media,media & entertainment,brazil,False,d,m,1955-12-26 00:00:00,marinho,jose roberto,2023-04-04 05:01:00,1955.0,12.0,26.0,167.4,3.7,1839758040766,51.3,115.4,75.7,14.2,65.1,212559417.0,-14.235004,-51.92528
1647,1800,media & entertainment,roberto irineu marinho,75.0,brazil,rio de janeiro,media,media & entertainment,brazil,False,d,m,1947-10-13 00:00:00,marinho,roberto irineu,2023-04-04 05:01:00,1947.0,10.0,13.0,167.4,3.7,1839758040766,51.3,115.4,75.7,14.2,65.1,212559417.0,-14.235004,-51.92528
1647,1800,healthcare,gary michelson,74.0,united states,los angeles,medical patents,healthcare,united states,True,e,m,1949-01-14 00:00:00,michelson,gary,2023-04-04 05:01:00,1949.0,1.0,14.0,117.24,7.5,21427700000000,88.2,101.8,78.5,9.6,36.6,328239523.0,37.09024,-95.712891
1647,1800,technology,robert g. miller,77.0,canada,montreal,electronics components,technology,canada,True,e,m,1945-07-03 00:00:00,miller,robert g.,2023-04-04 05:01:00,1945.0,7.0,3.0,116.76,1.9,1736425629520,68.9,100.9,81.9,12.8,24.5,36991981.0,56.130366,-106.346771
1647,1800,real estate,david mindus,51.0,sweden,stockholm,real estate,real estate,sweden,True,d,m,1972-01-26 00:00:00,mindus,david,2023-04-04 05:01:00,1972.0,1.0,26.0,110.51,1.8,530832908738,67.0,126.6,82.5,27.9,49.1,10285453.0,60.128161,18.643501
1647,1800,technology,adriaan mol,39.0,netherlands,amsterdam,fintech,technology,netherlands,True,n,m,1984-03-14 00:00:00,mol,adriaan,2023-04-04 05:01:00,1984.0,3.0,14.0,115.91,2.6,909070395161,85.0,104.2,81.8,23.0,41.2,17332850.0,52.132633,5.291266
1647,1800,real estate,mofatraj munot,78.0,india,mumbai,real estate,real estate,india,True,u,m,1944-10-04 00:00:00,munot,mofatraj,2023-04-04 05:01:00,1944.0,10.0,4.0,180.44,7.7,2611000000000,28.1,113.0,69.4,11.2,49.7,1366417754.0,20.593684,78.96288
1647,1800,finance & investments,ezra nahmad,77.0,monaco,monte carlo,art,finance & investments,monaco,False,u,m,1945-07-31 00:00:00,nahmad,ezra,2023-04-04 05:01:00,1945.0,7.0,31.0,117.24,2.9,7184844193,65.6,101.8,78.5,9.6,41.2,38964.0,43.7384176,7.4246158
1647,1800,manufacturing,satyanarayan nuwal,70.0,india,nagpur,industrial explosives,manufacturing,india,True,u,m,1952-07-25 00:00:00,nuwal,satyanarayan,2023-04-04 05:01:00,1952.0,7.0,25.0,180.44,7.7,2611000000000,28.1,113.0,69.4,11.2,49.7,1366417754.0,20.593684,78.96288
1647,1800,diversified,nihat ozdemir,72.0,turkey,ankara,diversified,diversified,turkey,True,d,m,1950-04-05 00:00:00,ozdemir,nihat,2023-04-04 05:01:00,1950.0,4.0,5.0,234.44,15.2,754411708203,23.9,93.2,77.4,17.9,42.3,83429615.0,38.963745,35.243322
1647,1800,technology,benjamin zhengmin pan & family,53.0,china,shenzhen,electronics,technology,china,True,d,m,1969-12-01 00:00:00,pan,benjamin zhengmin,2023-04-04 05:01:00,1969.0,12.0,1.0,125.08,2.9,19910000000000,50.6,100.2,77.0,9.4,59.2,1397715000.0,35.86166,104.195397
1647,1800,media & entertainment,pierre karl péladeau,61.0,canada,montreal,media,media & entertainment,canada,False,e,m,1961-10-16 00:00:00,péladeau,pierre karl,2023-04-04 05:01:00,1961.0,10.0,16.0,116.76,1.9,1736425629520,68.9,100.9,81.9,12.8,24.5,36991981.0,56.130366,-106.346771
1647,1800,finance & investments,ronald perelman,80.0,united states,new york,leveraged buyouts,finance & investments,united states,True,d,m,1943-01-01 00:00:00,perelman,ronald,2023-04-04 05:01:00,1943.0,1.0,1.0,117.24,7.5,21427700000000,88.2,101.8,78.5,9.6,36.6,328239523.0,37.09024,-95.712891
1647,1800,technology,olivier pomel,46.0,united states,new york,cloud computing,technology,france,True,d,m,1977-03-26 00:00:00,pomel,olivier,2023-04-04 05:01:00,1977.0,3.0,26.0,117.24,7.5,21427700000000,88.2,101.8,78.5,9.6,36.6,328239523.0,37.09024,-95.712891
1647,1800,media & entertainment,krit ratanarak,76.0,thailand,bangkok,"media, real estate",media & entertainment,thailand,False,e,m,1946-04-19 00:00:00,ratanarak,krit,2023-04-04 05:01:00,1946.0,4.0,19.0,113.27,0.7,543649976166,49.3,99.8,76.9,14.9,29.5,69625582.0,15.870032,100.992541
1647,1800,manufacturing,vinod saraf,70.0,india,mumbai,chemicals,manufacturing,india,True,d,m,1952-06-16 00:00:00,saraf,vinod,2023-04-04 05:01:00,1952.0,6.0,16.0,180.44,7.7,2611000000000,28.1,113.0,69.4,11.2,49.7,1366417754.0,20.593684,78.96288
1647,1800,metals & mining,anatoly sedykh,58.0,russia,moscow,steel pipes,metals & mining,russia,True,r,m,1964-11-28 00:00:00,sedykh,anatoly,2023-04-04 05:01:00,1964.0,11.0,28.0,180.75,4.5,1699876578871,81.9,102.6,72.7,11.4,46.2,144373535.0,61.52401,105.318756
1647,1800,food & beverage,genhuo shao,57.0,china,beijing,agribusiness,food & beverage,china,True,d,m,1965-07-29 00:00:00,shao,genhuo,2023-04-04 05:01:00,1965.0,7.0,29.0,125.08,2.9,19910000000000,50.6,100.2,77.0,9.4,59.2,1397715000.0,35.86166,104.195397
1647,1800,energy,shen xiqiang & family,75.0,china,yixing,chemical,energy,china,True,d,m,1948-03-02 00:00:00,shen,xiqiang,2023-04-04 05:01:00,1948.0,3.0,2.0,125.08,2.9,19910000000000,50.6,100.2,77.0,9.4,59.2,1397715000.0,35.86166,104.195397
1647,1800,technology,s.d. shibulal,68.0,india,bangalore,software services,technology,india,True,d,m,1955-03-01 00:00:00,shibulal,s.d.,2023-04-04 05:01:00,1955.0,3.0,1.0,180.44,7.7,2611000000000,28.1,113.0,69.4,11.2,49.7,1366417754.0,20.593684,78.96288
1647,1800,fashion & retail,suh kyung-bae,60.0,south korea,seoul,cosmetics,fashion & retail,south korea,False,d,m,1963-01-14 00:00:00,suh,kyung-bae,2023-04-04 05:01:00,1963.0,1.0,14.0,115.16,0.4,2029000000000,94.3,98.1,82.6,15.6,33.2,51709098.0,35.907757,127.766922
1647,1800,manufacturing,sze man bok,73.0,china,jinjiang,hygiene products,manufacturing,china,True,d,m,1950-01-01 00:00:00,sze,man bok,2023-04-04 05:01:00,1950.0,1.0,1.0,125.08,2.9,19910000000000,50.6,100.2,77.0,9.4,59.2,1397715000.0,35.86166,104.195397
1647,1800,logistics,jim thompson,83.0,hong kong,hong kong,logistics,logistics,united states,True,u,m,1940-01-14 00:00:00,thompson,jim,2023-04-04 05:01:00,1940.0,1.0,14.0,117.24,2.9,21427700000000,65.6,101.8,78.5,9.6,41.2,328239523.0,37.09024,10.451526
1647,1800,manufacturing,tran dinh long,62.0,vietnam,hanoi,steel,manufacturing,vietnam,True,d,m,1961-01-01 00:00:00,tran dinh,long,2023-04-04 05:01:00,1961.0,1.0,1.0,163.52,2.8,261921244843,28.5,110.6,75.3,19.1,37.6,96462106.0,14.058324,108.277199
1647,1800,technology,alan trefler,67.0,united states,brookline,software,technology,united states,True,d,m,1956-03-10 00:00:00,trefler,alan,2023-04-04 05:01:00,1956.0,3.0,10.0,117.24,7.5,21427700000000,88.2,101.8,78.5,9.6,36.6,328239523.0,37.09024,-95.712891
1647,1800,finance & investments,riaz valani,46.0,united states,malibu,e-cigarettes,finance & investments,united states,True,d,m,1976-09-01 00:00:00,valani,riaz,2023-04-04 05:01:00,1976.0,9.0,1.0,117.24,7.5,21427700000000,88.2,101.8,78.5,9.6,36.6,328239523.0,37.09024,-95.712891
1647,1800,technology,pieter van der does,53.0,netherlands,amsterdam,payments software,technology,netherlands,True,d,m,1969-05-01 00:00:00,van der does,pieter,2023-04-04 05:01:00,1969.0,5.0,1.0,115.91,2.6,909070395161,85.0,104.2,81.8,23.0,41.2,17332850.0,52.132633,5.291266
1647,1800,manufacturing,martin viessmann,69.0,germany,allendorf,heating and cooling equipment,manufacturing,germany,False,d,m,1953-10-10 00:00:00,viessmann,martin,2023-04-04 05:01:00,1953.0,10.0,10.0,112.85,1.4,3845630030824,70.2,104.0,80.9,11.5,48.8,83132799.0,51.165691,10.451526
1647,1800,technology,nikil viswanathan,35.0,united states,san francisco,blockchain technology,technology,united states,True,d,m,1987-10-16 00:00:00,viswanathan,nikil,2023-04-04 05:01:00,1987.0,10.0,16.0,117.24,7.5,21427700000000,88.2,101.8,78.5,9.6,36.6,328239523.0,37.09024,-95.712891
1647,1800,media & entertainment,todd wagner,62.0,united states,dallas,online media,media & entertainment,united states,True,d,m,1960-08-02 00:00:00,wagner,todd,2023-04-04 05:01:00,1960.0,8.0,2.0,117.24,7.5,21427700000000,88.2,101.8,78.5,9.6,36.6,328239523.0,37.09024,-95.712891
1647,1800,technology,evan williams,51.0,united states,san francisco,twitter,technology,united states,True,d,m,1972-03-31 00:00:00,williams,evan,2023-04-04 05:01:00,1972.0,3.0,31.0,117.24,7.5,21427700000000,88.2,101.8,78.5,9.6,36.6,328239523.0,37.09024,-95.712891
1647,1800,metals & mining,kie chie wong,75.0,australia,sydney,investments,metals & mining,malaysia,False,u,m,1948-04-04 00:00:00,wong,kie chie,2023-04-04 05:01:00,1948.0,4.0,4.0,119.8,1.6,1392680589329,113.1,100.3,82.7,23.0,47.4,25766605.0,-25.274398,133.775136
1647,1800,finance & investments,thomas wu,72.0,taiwan,taipei,finance,finance & investments,taiwan,False,d,m,1950-04-11 00:00:00,wu,thomas,2023-04-04 05:01:00,1950.0,4.0,11.0,117.24,2.9,21427700000000,65.6,101.8,78.5,9.6,41.2,328239523.0,37.09024,10.451526
1647,1800,energy,wu yingming,56.0,china,ningde,batteries,energy,china,True,d,m,1967-01-01 00:00:00,wu,yingming,2023-04-04 05:01:00,1967.0,1.0,1.0,125.08,2.9,19910000000000,50.6,100.2,77.0,9.4,59.2,1397715000.0,35.86166,104.195397
1647,1800,healthcare,amy wyss,52.0,united states,wilson,medical equipment,healthcare,united states,False,d,f,1971-01-01 00:00:00,wyss,amy,2023-04-04 05:01:00,1971.0,1.0,1.0,117.24,7.5,21427700000000,88.2,101.8,78.5,9.6,36.6,328239523.0,37.09024,-95.712891
1647,1800,real estate,yan zhi,50.0,china,wuhan,real estate,real estate,china,True,d,m,1972-07-01 00:00:00,yan,zhi,2023-04-04 05:01:00,1972.0,7.0,1.0,125.08,2.9,19910000000000,50.6,100.2,77.0,9.4,59.2,1397715000.0,35.86166,104.195397
1647,1800,manufacturing,alan zekelman,60.0,united states,bloomfield hills,steel,manufacturing,canada,False,u,m,1962-10-01 00:00:00,zekelman,alan,2023-04-04 05:01:00,1962.0,10.0,1.0,117.24,7.5,21427700000000,88.2,101.8,78.5,9.6,36.6,328239523.0,37.09024,-95.712891
1647,1800,real estate,zhang li,70.0,china,guangzhou,real estate,real estate,china,True,d,m,1953-01-01 00:00:00,zhang,li,2023-04-04 05:01:00,1953.0,1.0,1.0,125.08,2.9,19910000000000,50.6,100.2,77.0,9.4,59.2,1397715000.0,35.86166,104.195397
1725,1700,sports,amy adams strunk,67.0,united states,nashville,tennessee titans,sports,united states,False,n,f,1955-09-29 00:00:00,adams strunk,amy,2023-04-04 05:01:00,1955.0,9.0,29.0,117.24,7.5,21427700000000,88.2,101.8,78.5,9.6,36.6,328239523.0,37.09024,-95.712891
1725,1700,finance & investments,marc andreessen,51.0,united states,atherton,venture capital investing,finance & investments,united states,True,e,m,1971-07-09 00:00:00,andreessen,marc,2023-04-04 05:01:00,1971.0,7.0,9.0,117.24,7.5,21427700000000,88.2,101.8,78.5,9.6,36.6,328239523.0,37.09024,-95.712891
1725,1700,metals & mining,giovanni arvedi,85.0,italy,cremona,steel,metals & mining,italy,True,n,m,1937-08-28 00:00:00,arvedi,giovanni,2023-04-04 05:01:00,1937.0,8.0,28.0,110.62,0.6,2001244392042,61.9,101.9,82.9,24.3,59.1,60297396.0,41.87194,12.56738
1725,1700,real estate,lesley bamberger,57.0,netherlands,amsterdam,real estate,real estate,netherlands,False,u,m,1965-06-03 00:00:00,bamberger,lesley,2023-04-04 05:01:00,1965.0,6.0,3.0,115.91,2.6,909070395161,85.0,104.2,81.8,23.0,41.2,17332850.0,52.132633,5.291266
1725,1700,media & entertainment,bang si-hyuk,50.0,south korea,seoul,entertainment,media & entertainment,south korea,True,d,m,1972-08-09 00:00:00,bang,si-hyuk,2023-04-04 05:01:00,1972.0,8.0,9.0,115.16,0.4,2029000000000,94.3,98.1,82.6,15.6,33.2,51709098.0,35.907757,127.766922
1725,1700,finance & investments,david booth,77.0,united states,austin,mutual funds,finance & investments,united states,True,e,m,1946-01-01 00:00:00,booth,david,2023-04-04 05:01:00,1946.0,1.0,1.0,117.24,7.5,21427700000000,88.2,101.8,78.5,9.6,36.6,328239523.0,37.09024,-95.712891
1725,1700,technology,jim breyer,61.0,united states,austin,venture capital,technology,united states,True,d,m,1961-07-26 00:00:00,breyer,jim,2023-04-04 05:01:00,1961.0,7.0,26.0,117.24,7.5,21427700000000,88.2,101.8,78.5,9.6,36.6,328239523.0,37.09024,-95.712891
1725,1700,manufacturing,kommer damen,79.0,netherlands,gorinchem,shipbuilding,manufacturing,netherlands,False,d,m,1944-03-30 00:00:00,damen,kommer,2023-04-04 05:01:00,1944.0,3.0,30.0,115.91,2.6,909070395161,85.0,104.2,81.8,23.0,41.2,17332850.0,52.132633,5.291266
1725,1700,food & beverage,carl desantis,83.0,united states,delray beach,energy drink,food & beverage,united states,True,u,m,1939-07-19 00:00:00,desantis,carl,2023-04-04 05:01:00,1939.0,7.0,19.0,117.24,7.5,21427700000000,88.2,101.8,78.5,9.6,36.6,328239523.0,37.09024,-95.712891
1725,1700,finance & investments,marek dospiva,53.0,czech republic,prague,investments,finance & investments,czech republic,True,u,m,1969-07-18 00:00:00,dospiva,marek,2023-04-04 05:01:00,1969.0,7.0,18.0,116.48,2.8,246489245495,64.1,100.7,79.0,14.9,46.1,10669709.0,49.817492,15.472962
1725,1700,healthcare,keith dunleavy & family,53.0,united states,annapolis,health it,healthcare,united states,True,e,m,1969-06-25 00:00:00,dunleavy,keith,2023-04-04 05:01:00,1969.0,6.0,25.0,117.24,7.5,21427700000000,88.2,101.8,78.5,9.6,36.6,328239523.0,37.09024,-95.712891
1725,1700,finance & investments,john elkann,47.0,italy,turin,"fiat, investments",finance & investments,italy,False,d,m,1976-01-04 00:00:00,elkann,john,2023-04-04 05:01:00,1976.0,1.0,4.0,110.62,0.6,2001244392042,61.9,101.9,82.9,24.3,59.1,60297396.0,41.87194,12.56738
1725,1700,automotive,francois feuillet & family,74.0,france,paris,"motorhomes, rvs",automotive,france,False,d,m,1949-01-01 00:00:00,feuillet,francois,2023-04-04 05:01:00,1949.0,1.0,1.0,110.05,1.1,2715518274227,65.6,102.5,82.5,24.2,60.7,67059887.0,46.227638,2.213749
1725,1700,media & entertainment,yasuhiro fukushima,75.0,japan,tokyo,video games,media & entertainment,japan,True,d,m,1947-08-18 00:00:00,fukushima,yasuhiro,2023-04-04 05:01:00,1947.0,8.0,18.0,105.48,0.5,5081769542380,63.2,98.8,84.2,11.9,46.7,126226568.0,36.204824,138.252924
1725,1700,finance & investments,mario gabelli,81.0,united states,greenwich,money management,finance & investments,united states,True,d,m,1942-03-31 00:00:00,gabelli,mario,2023-04-04 05:01:00,1942.0,3.0,31.0,117.24,7.5,21427700000000,88.2,101.8,78.5,9.6,36.6,328239523.0,37.09024,-95.712891
1725,1700,finance & investments,rolf gerling,68.0,switzerland,zurich,insurance,finance & investments,germany,False,e,m,1954-12-15 00:00:00,gerling,rolf,2023-04-04 05:01:00,1954.0,12.0,15.0,99.55,0.4,703082435360,59.6,105.2,83.6,10.1,28.8,8574832.0,46.818188,8.227512
1725,1700,real estate,john goff,67.0,united states,fort worth,real estate,real estate,united states,True,u,m,1955-08-26 00:00:00,goff,john,2023-04-04 05:01:00,1955.0,8.0,26.0,117.24,7.5,21427700000000,88.2,101.8,78.5,9.6,36.6,328239523.0,37.09024,-95.712891
1725,1700,fashion & retail,alexandre grendene bartelle,73.0,brazil,porto alegre,shoes,fashion & retail,brazil,True,d,m,1950-01-23 00:00:00,grendene bartelle,alexandre,2023-04-04 05:01:00,1950.0,1.0,23.0,167.4,3.7,1839758040766,51.3,115.4,75.7,14.2,65.1,212559417.0,-14.235004,-51.92528
1725,1700,fashion & retail,gerry harvey,83.0,australia,sydney,retail,fashion & retail,australia,True,d,m,1939-09-18 00:00:00,harvey,gerry,2023-04-04 05:01:00,1939.0,9.0,18.0,119.8,1.6,1392680589329,113.1,100.3,82.7,23.0,47.4,25766605.0,-25.274398,133.775136
1725,1700,technology,he zhaoxi,49.0,china,shenzhen,software,technology,china,True,e,m,1974-01-01 00:00:00,he,zhaoxi,2023-04-04 05:01:00,1974.0,1.0,1.0,125.08,2.9,19910000000000,50.6,100.2,77.0,9.4,59.2,1397715000.0,35.86166,104.195397
1725,1700,real estate,william heinecke,73.0,thailand,bangkok,hotels,real estate,thailand,True,e,m,1949-06-04 00:00:00,heinecke,william,2023-04-04 05:01:00,1949.0,6.0,4.0,113.27,0.7,543649976166,49.3,99.8,76.9,14.9,29.5,69625582.0,15.870032,100.992541
1725,1700,finance & investments,jay hennick,66.0,canada,toronto,real estate finance,finance & investments,canada,True,d,m,1957-01-20 00:00:00,hennick,jay,2023-04-04 05:01:00,1957.0,1.0,20.0,116.76,1.9,1736425629520,68.9,100.9,81.9,12.8,24.5,36991981.0,56.130366,-106.346771
1725,1700,manufacturing,ilkka herlin,64.0,finland,helsinki,"elevators, escalators",manufacturing,finland,False,u,m,1959-01-01 00:00:00,herlin,ilkka,2023-04-04 05:01:00,1959.0,1.0,1.0,112.33,1.0,268761201365,88.2,100.2,81.7,20.8,36.6,5520314.0,61.92411,25.748151
1725,1700,real estate,asok kumar hiranandani,68.0,singapore,singapore,real estate,real estate,singapore,False,u,m,1954-11-28 00:00:00,hiranandani,asok kumar,2023-04-04 05:01:00,1954.0,11.0,28.0,114.41,0.6,372062527489,84.8,100.6,83.1,13.1,21.0,5703569.0,1.352083,103.819836
1725,1700,finance & investments,hal jackman,90.0,canada,toronto,"insurance, investments",finance & investments,canada,True,d,m,1932-06-10 00:00:00,jackman,hal,2023-04-04 05:01:00,1932.0,6.0,10.0,116.76,1.9,1736425629520,68.9,100.9,81.9,12.8,24.5,36991981.0,56.130366,-106.346771
1725,1700,manufacturing,pavan jain,71.0,india,delhi,chemicals,manufacturing,india,False,n,m,1951-05-17 00:00:00,jain,pavan,2023-04-04 05:01:00,1951.0,5.0,17.0,180.44,7.7,2611000000000,28.1,113.0,69.4,11.2,49.7,1366417754.0,20.593684,78.96288
1725,1700,real estate,keeree kanjanapas,72.0,thailand,bangkok,transportation,real estate,thailand,True,d,m,1950-10-18 00:00:00,kanjanapas,keeree,2023-04-04 05:01:00,1950.0,10.0,18.0,113.27,0.7,543649976166,49.3,99.8,76.9,14.9,29.5,69625582.0,15.870032,100.992541
1725,1700,healthcare,osman kibar,52.0,united states,la jolla,biotech,healthcare,united states,True,d,m,1971-04-01 00:00:00,kibar,osman,2023-04-04 05:01:00,1971.0,4.0,1.0,117.24,7.5,21427700000000,88.2,101.8,78.5,9.6,36.6,328239523.0,37.09024,-95.712891
1725,1700,fashion & retail,kim chang-soo,62.0,south korea,seoul,apparel,fashion & retail,south korea,True,d,m,1961-04-01 00:00:00,kim,chang-soo,2023-04-04 05:01:00,1961.0,4.0,1.0,115.16,0.4,2029000000000,94.3,98.1,82.6,15.6,33.2,51709098.0,35.907757,127.766922
1725,1700,fashion & retail,mustafa kucuk,59.0,turkey,istanbul,fashion retail,fashion & retail,turkey,True,u,m,1963-06-03 00:00:00,kucuk,mustafa,2023-04-04 05:01:00,1963.0,6.0,3.0,234.44,15.2,754411708203,23.9,93.2,77.4,17.9,42.3,83429615.0,38.963745,35.243322
1725,1700,real estate,christopher kwok,37.0,hong kong,hong kong,real estate,real estate,hong kong,False,u,m,1986-04-01 00:00:00,kwok,christopher,2023-04-04 05:01:00,1986.0,4.0,1.0,117.24,2.9,21427700000000,65.6,101.8,78.5,9.6,41.2,328239523.0,37.09024,10.451526
1725,1700,real estate,edward kwok,42.0,hong kong,hong kong,real estate,real estate,hong kong,False,u,m,1981-04-01 00:00:00,kwok,edward,2023-04-04 05:01:00,1981.0,4.0,1.0,117.24,2.9,21427700000000,65.6,101.8,78.5,9.6,41.2,328239523.0,37.09024,10.451526
1725,1700,diversified,lau cho kun,87.0,malaysia,"tawau, sabah","palm oil, property",diversified,malaysia,False,d,m,1936-01-10 00:00:00,lau,cho kun,2023-04-04 05:01:00,1936.0,1.0,10.0,121.46,0.7,364701517788,45.1,105.3,76.0,12.0,38.7,32447385.0,4.210484,101.975766
1725,1700,technology,alexis lê-quôc,48.0,united states,new york,cloud computing,technology,united states,True,d,m,1974-11-14 00:00:00,lê-quôc,alexis,2023-04-04 05:01:00,1974.0,11.0,14.0,117.24,7.5,21427700000000,88.2,101.8,78.5,9.6,36.6,328239523.0,37.09024,-95.712891
1725,1700,healthcare,lei jufang,70.0,china,lanzhou,pharmaceuticals,healthcare,china,True,d,f,1953-01-03 00:00:00,lei,jufang,2023-04-04 05:01:00,1953.0,1.0,3.0,125.08,2.9,19910000000000,50.6,100.2,77.0,9.4,59.2,1397715000.0,35.86166,104.195397
1725,1700,healthcare,james leininger,78.0,united states,san antonio,medical products,healthcare,united states,True,e,m,1945-03-30 00:00:00,leininger,james,2023-04-04 05:01:00,1945.0,3.0,30.0,117.24,7.5,21427700000000,88.2,101.8,78.5,9.6,36.6,328239523.0,37.09024,-95.712891
1725,1700,food & beverage,xuhui li,54.0,china,foshan,soy sauce,food & beverage,china,True,d,f,1968-06-15 00:00:00,li,xuhui,2023-04-04 05:01:00,1968.0,6.0,15.0,125.08,2.9,19910000000000,50.6,100.2,77.0,9.4,59.2,1397715000.0,35.86166,104.195397
1725,1700,food & beverage,jimmy john liautaud,59.0,united states,key largo,sandwich chain,food & beverage,united states,True,e,m,1964-01-12 00:00:00,liautaud,jimmy john,2023-04-04 05:01:00,1964.0,1.0,12.0,117.24,7.5,21427700000000,88.2,101.8,78.5,9.6,36.6,328239523.0,37.09024,-95.712891
1725,1700,metals & mining,lin lairong & family,54.0,china,bayannur,iron ore mining,metals & mining,china,True,d,m,1968-08-09 00:00:00,lin,lairong,2023-04-04 05:01:00,1968.0,8.0,9.0,125.08,2.9,19910000000000,50.6,100.2,77.0,9.4,59.2,1397715000.0,35.86166,104.195397
1725,1700,technology,palmer luckey,30.0,united states,newport beach,virtual reality,technology,united states,True,n,m,1992-09-19 00:00:00,luckey,palmer,2023-04-04 05:01:00,1992.0,9.0,19.0,117.24,7.5,21427700000000,88.2,101.8,78.5,9.6,36.6,328239523.0,37.09024,-95.712891
1725,1700,finance & investments,duncan macmillan,85.0,united states,princeton,bloomberg lp,finance & investments,united states,True,u,m,1937-12-17 00:00:00,macmillan,duncan,2023-04-04 05:01:00,1937.0,12.0,17.0,117.24,7.5,21427700000000,88.2,101.8,78.5,9.6,36.6,328239523.0,37.09024,-95.712891
1725,1700,technology,yusaku maezawa,47.0,japan,chiba,online retail,technology,japan,True,d,m,1975-11-22 00:00:00,maezawa,yusaku,2023-04-04 05:01:00,1975.0,11.0,22.0,105.48,0.5,5081769542380,63.2,98.8,84.2,11.9,46.7,126226568.0,36.204824,138.252924
1725,1700,fashion & retail,ilson mateus & family,60.0,brazil,sao luis,supermarkets,fashion & retail,brazil,True,u,m,1963-02-06 00:00:00,mateus,ilson,2023-04-04 05:01:00,1963.0,2.0,6.0,167.4,3.7,1839758040766,51.3,115.4,75.7,14.2,65.1,212559417.0,-14.235004,-51.92528
1725,1700,manufacturing,meng qingshan & family,74.0,china,langfang,chemicals,manufacturing,china,True,u,m,1948-11-17 00:00:00,meng,qingshan,2023-04-04 05:01:00,1948.0,11.0,17.0,125.08,2.9,19910000000000,50.6,100.2,77.0,9.4,59.2,1397715000.0,35.86166,104.195397
1725,1700,fashion & retail,alberto palatchi,73.0,spain,madrid,wedding dresses,fashion & retail,spain,True,e,m,1949-06-26 00:00:00,palatchi,alberto,2023-04-04 05:01:00,1949.0,6.0,26.0,110.96,0.7,1394116310769,88.9,102.7,83.3,14.2,47.0,47076781.0,40.463667,-3.74922
1725,1700,manufacturing,mrudula parekh,75.0,india,mumbai,adhesives,manufacturing,india,False,d,f,1948-01-01 00:00:00,parekh,mrudula,2023-04-04 05:01:00,1948.0,1.0,1.0,180.44,7.7,2611000000000,28.1,113.0,69.4,11.2,49.7,1366417754.0,20.593684,78.96288
1725,1700,fashion & retail,dragos paval,56.0,romania,bacau,retail,fashion & retail,romania,True,u,m,1966-06-22 00:00:00,paval,dragos,2023-04-04 05:01:00,1966.0,6.0,22.0,123.78,3.8,250077444017,49.4,85.2,75.4,14.6,20.0,19356544.0,45.943161,24.96676
1725,1700,real estate,jorge perez,73.0,united states,miami,real estate,real estate,united states,True,e,m,1949-10-17 00:00:00,perez,jorge,2023-04-04 05:01:00,1949.0,10.0,17.0,117.24,7.5,21427700000000,88.2,101.8,78.5,9.6,36.6,328239523.0,37.09024,-95.712891
1725,1700,metals & mining,dmitry pumpyansky,59.0,russia,moscow,steel pipes,metals & mining,russia,True,r,m,1964-03-22 00:00:00,pumpyansky,dmitry,2023-04-04 05:01:00,1964.0,3.0,22.0,180.75,4.5,1699876578871,81.9,102.6,72.7,11.4,46.2,144373535.0,61.52401,105.318756
1725,1700,healthcare,jinsheng ren & family,60.0,china,nanjing,pharmaceutical,healthcare,china,True,u,m,1963-01-01 00:00:00,ren,jinsheng,2023-04-04 05:01:00,1963.0,1.0,1.0,125.08,2.9,19910000000000,50.6,100.2,77.0,9.4,59.2,1397715000.0,35.86166,104.195397
1725,1700,media & entertainment,brian roberts,63.0,united states,philadelphia,comcast,media & entertainment,united states,False,u,m,1959-06-28 00:00:00,roberts,brian,2023-04-04 05:01:00,1959.0,6.0,28.0,117.24,7.5,21427700000000,88.2,101.8,78.5,9.6,36.6,328239523.0,37.09024,-95.712891
1725,1700,food & beverage,"joe rogers, jr.",76.0,united states,atlanta,waffle house,food & beverage,united states,False,d,m,1946-12-02 00:00:00,rogers,joe,2023-04-04 05:01:00,1946.0,12.0,2.0,117.24,7.5,21427700000000,88.2,101.8,78.5,9.6,36.6,328239523.0,37.09024,-95.712891
1725,1700,manufacturing,ruan shuilong & family,87.0,china,shangyu,chemicals,manufacturing,china,True,d,m,1935-12-01 00:00:00,ruan,shuilong,2023-04-04 05:01:00,1935.0,12.0,1.0,125.08,2.9,19910000000000,50.6,100.2,77.0,9.4,59.2,1397715000.0,35.86166,104.195397
1725,1700,real estate,paul saville,67.0,united states,palm beach,homebuilder,real estate,united states,True,u,m,1955-12-14 00:00:00,saville,paul,2023-04-04 05:01:00,1955.0,12.0,14.0,117.24,7.5,21427700000000,88.2,101.8,78.5,9.6,36.6,328239523.0,37.09024,-95.712891
1725,1700,diversified,ivan savvidis & family,64.0,russia,rostov-on-don,agribusiness,diversified,russia,True,u,m,1959-03-27 00:00:00,savvidis,ivan,2023-04-04 05:01:00,1959.0,3.0,27.0,180.75,4.5,1699876578871,81.9,102.6,72.7,11.4,46.2,144373535.0,61.52401,105.318756
1725,1700,healthcare,keiichi shibahara,58.0,japan,tokyo,healthcare,healthcare,japan,True,u,m,1964-10-09 00:00:00,shibahara,keiichi,2023-04-04 05:01:00,1964.0,10.0,9.0,105.48,0.5,5081769542380,63.2,98.8,84.2,11.9,46.7,126226568.0,36.204824,138.252924
1725,1700,manufacturing,rajju shroff,89.0,india,mumbai,agrochemicals,manufacturing,india,True,d,m,1933-10-20 00:00:00,shroff,rajju,2023-04-04 05:01:00,1933.0,10.0,20.0,180.44,7.7,2611000000000,28.1,113.0,69.4,11.2,49.7,1366417754.0,20.593684,78.96288
1725,1700,fashion & retail,sun huaiqing & family,53.0,china,guangzhou,cosmetics,fashion & retail,china,True,u,m,1969-10-02 00:00:00,sun,huaiqing,2023-04-04 05:01:00,1969.0,10.0,2.0,125.08,2.9,19910000000000,50.6,100.2,77.0,9.4,59.2,1397715000.0,35.86166,104.195397
1725,1700,real estate,alain taravella,75.0,france,paris,real estate development,real estate,france,True,d,m,1948-01-01 00:00:00,taravella,alain,2023-04-04 05:01:00,1948.0,1.0,1.0,110.05,1.1,2715518274227,65.6,102.5,82.5,24.2,60.7,67059887.0,46.227638,2.213749
1725,1700,diversified,jonathan tisch,69.0,united states,new york,"insurance, nfl team",diversified,united states,False,u,m,1953-12-07 00:00:00,tisch,jonathan,2023-04-04 05:01:00,1953.0,12.0,7.0,117.24,7.5,21427700000000,88.2,101.8,78.5,9.6,36.6,328239523.0,37.09024,-95.712891
1725,1700,service,kenneth tuchman,63.0,united states,denver,call centers,service,united states,True,d,m,1959-10-23 00:00:00,tuchman,kenneth,2023-04-04 05:01:00,1959.0,10.0,23.0,117.24,7.5,21427700000000,88.2,101.8,78.5,9.6,36.6,328239523.0,37.09024,-95.712891
1725,1700,manufacturing,wang chou-hsiong,82.0,taiwan,yunlin,footwear,manufacturing,taiwan,True,d,m,1941-01-01 00:00:00,wang,chou-hsiong,2023-04-04 05:01:00,1941.0,1.0,1.0,117.24,2.9,21427700000000,65.6,101.8,78.5,9.6,41.2,328239523.0,37.09024,10.451526
1725,1700,technology,wang minwen,59.0,china,beijing,semiconductor,technology,china,True,d,m,1963-11-01 00:00:00,wang,minwen,2023-04-04 05:01:00,1963.0,11.0,1.0,125.08,2.9,19910000000000,50.6,100.2,77.0,9.4,59.2,1397715000.0,35.86166,104.195397
1725,1700,sports,tom werner,72.0,united states,los angeles,sports teams,sports,united states,True,u,m,1950-04-12 00:00:00,werner,tom,2023-04-04 05:01:00,1950.0,4.0,12.0,117.24,7.5,21427700000000,88.2,101.8,78.5,9.6,36.6,328239523.0,37.09024,-95.712891
1725,1700,real estate,stephen winn,76.0,united states,dallas,real estate services,real estate,united states,True,e,m,1946-09-12 00:00:00,winn,stephen,2023-04-04 05:01:00,1946.0,9.0,12.0,117.24,7.5,21427700000000,88.2,101.8,78.5,9.6,36.6,328239523.0,37.09024,-95.712891
1725,1700,energy,ian wood & family,80.0,united kingdom,aberdeen,energy services,energy,united kingdom,False,e,m,1942-07-21 00:00:00,wood,ian,2023-04-04 05:01:00,1942.0,7.0,21.0,119.62,1.7,2827113184696,60.0,101.2,81.3,25.5,30.6,66834405.0,55.378051,-3.435973
1725,1700,manufacturing,wu lanlan & family,49.0,china,shenzhen,packaging,manufacturing,china,True,d,f,1974-01-01 00:00:00,wu,lanlan,2023-04-04 05:01:00,1974.0,1.0,1.0,125.08,2.9,19910000000000,50.6,100.2,77.0,9.4,59.2,1397715000.0,35.86166,104.195397
1725,1700,food & beverage,xu bingzhong,49.0,china,shenzhen,bars,food & beverage,china,True,u,m,1974-01-01 00:00:00,xu,bingzhong,2023-04-04 05:01:00,1974.0,1.0,1.0,125.08,2.9,19910000000000,50.6,100.2,77.0,9.4,59.2,1397715000.0,35.86166,104.195397
1725,1700,manufacturing,yang xuegang,58.0,china,beijing,coking,manufacturing,china,True,d,m,1965-02-01 00:00:00,yang,xuegang,2023-04-04 05:01:00,1965.0,2.0,1.0,125.08,2.9,19910000000000,50.6,100.2,77.0,9.4,59.2,1397715000.0,35.86166,104.195397
1725,1700,telecom,vladimir yevtushenkov,74.0,russia,moscow,"telecom, investments",telecom,russia,True,e,m,1948-09-25 00:00:00,yevtushenkov,vladimir,2023-04-04 05:01:00,1948.0,9.0,25.0,180.75,4.5,1699876578871,81.9,102.6,72.7,11.4,46.2,144373535.0,61.52401,105.318756
1725,1700,technology,david zalik,49.0,united states,atlanta,financial technology,technology,united states,True,d,m,1974-02-02 00:00:00,zalik,david,2023-04-04 05:01:00,1974.0,2.0,2.0,117.24,7.5,21427700000000,88.2,101.8,78.5,9.6,36.6,328239523.0,37.09024,-95.712891
1725,1700,logistics,zhang xiaojuan,53.0,china,shanghai,logistics,logistics,china,True,d,f,1969-10-01 00:00:00,zhang,xiaojuan,2023-04-04 05:01:00,1969.0,10.0,1.0,125.08,2.9,19910000000000,50.6,100.2,77.0,9.4,59.2,1397715000.0,35.86166,104.195397
1725,1700,manufacturing,zheng xiaodong,59.0,china,shanghai,manufacturing,manufacturing,china,True,d,m,1964-03-01 00:00:00,zheng,xiaodong,2023-04-04 05:01:00,1964.0,3.0,1.0,125.08,2.9,19910000000000,50.6,100.2,77.0,9.4,59.2,1397715000.0,35.86166,104.195397
1725,1700,manufacturing,zhong ruonong & family,60.0,china,zhuzhou,electronics,manufacturing,china,True,d,f,1962-10-30 00:00:00,zhong,ruonong,2023-04-04 05:01:00,1962.0,10.0,30.0,125.08,2.9,19910000000000,50.6,100.2,77.0,9.4,59.2,1397715000.0,35.86166,104.195397
1804,1600,healthcare,noubar afeyan,60.0,united states,lexington,biotech,healthcare,united states,True,d,m,1962-07-25 00:00:00,afeyan,noubar,2023-04-04 05:01:00,1962.0,7.0,25.0,117.24,7.5,21427700000000,88.2,101.8,78.5,9.6,36.6,328239523.0,37.09024,-95.712891
1804,1600,construction & engineering,syed mokhtar albukhary,71.0,malaysia,kuala lumpur,"engineering, automotive",construction & engineering,malaysia,True,u,m,1951-12-12 00:00:00,albukhary,syed mokhtar,2023-04-04 05:01:00,1951.0,12.0,12.0,121.46,0.7,364701517788,45.1,105.3,76.0,12.0,38.7,32447385.0,4.210484,101.975766
1804,1600,finance & investments,"herbert allen, jr. & family",83.0,united states,new york,investment banking,finance & investments,united states,False,e,m,1940-03-05 00:00:00,allen,herbert,2023-04-04 05:01:00,1940.0,3.0,5.0,117.24,7.5,21427700000000,88.2,101.8,78.5,9.6,36.6,328239523.0,37.09024,-95.712891
1804,1600,finance & investments,clifford asness,56.0,united states,greenwich,money management,finance & investments,united states,True,e,m,1966-10-17 00:00:00,asness,clifford,2023-04-04 05:01:00,1966.0,10.0,17.0,117.24,7.5,21427700000000,88.2,101.8,78.5,9.6,36.6,328239523.0,37.09024,-95.712891
1804,1600,finance & investments,louis bacon,66.0,united states,oyster bay,hedge funds,finance & investments,united states,True,e,m,1956-07-25 00:00:00,bacon,louis,2023-04-04 05:01:00,1956.0,7.0,25.0,117.24,7.5,21427700000000,88.2,101.8,78.5,9.6,36.6,328239523.0,37.09024,-95.712891
1804,1600,fashion & retail,christian birkenstock,50.0,austria,kitzbuhel,shoes,fashion & retail,germany,False,d,m,1972-09-21 00:00:00,birkenstock,christian,2023-04-04 05:01:00,1972.0,9.0,21.0,118.06,1.5,446314739528,85.1,103.1,81.6,25.4,51.4,8877067.0,47.516231,14.550072
1804,1600,food & beverage,josef boquoi & family,89.0,germany,straelen,frozen foods,food & beverage,germany,True,d,m,1934-01-01 00:00:00,boquoi,josef,2023-04-04 05:01:00,1934.0,1.0,1.0,112.85,1.4,3845630030824,70.2,104.0,80.9,11.5,48.8,83132799.0,51.165691,10.451526
1804,1600,technology,cai huabo,47.0,china,jiujiang,electronics,technology,china,True,n,m,1976-01-01 00:00:00,cai,huabo,2023-04-04 05:01:00,1976.0,1.0,1.0,125.08,2.9,19910000000000,50.6,100.2,77.0,9.4,59.2,1397715000.0,35.86166,104.195397
1804,1600,technology,chen tianshi,38.0,china,beijing,semiconductors,technology,china,True,e,m,1985-01-01 00:00:00,chen,tianshi,2023-04-04 05:01:00,1985.0,1.0,1.0,125.08,2.9,19910000000000,50.6,100.2,77.0,9.4,59.2,1397715000.0,35.86166,104.195397
1804,1600,real estate,chen yung-tai,87.0,taiwan,taipei,real estate,real estate,taiwan,True,d,m,1936-01-20 00:00:00,chen,yung-tai,2023-04-04 05:01:00,1936.0,1.0,20.0,117.24,2.9,21427700000000,65.6,101.8,78.5,9.6,41.2,328239523.0,37.09024,10.451526
1804,1600,technology,chey tae-won,62.0,south korea,seoul,"oil, semiconductor",technology,south korea,False,d,m,1960-12-03 00:00:00,chey,tae-won,2023-04-04 05:01:00,1960.0,12.0,3.0,115.16,0.4,2029000000000,94.3,98.1,82.6,15.6,33.2,51709098.0,35.907757,127.766922
1804,1600,real estate,ivan chrenko,55.0,slovakia,bratislava,real estate,real estate,slovakia,True,d,m,1967-06-27 00:00:00,chrenko,ivan,2023-04-04 05:01:00,1967.0,6.0,27.0,115.34,2.7,105422304976,46.6,98.7,77.2,18.7,49.7,5454073.0,48.669026,19.699024
1804,1600,construction & engineering,robert clark,64.0,united states,st. louis,construction,construction & engineering,united states,True,e,m,1959-01-30 00:00:00,clark,robert,2023-04-04 05:01:00,1959.0,1.0,30.0,117.24,7.5,21427700000000,88.2,101.8,78.5,9.6,36.6,328239523.0,37.09024,-95.712891
1804,1600,finance & investments,jack cockwell,82.0,canada,toronto,"real estate, private equity",finance & investments,canada,True,d,m,1941-01-12 00:00:00,cockwell,jack,2023-04-04 05:01:00,1941.0,1.0,12.0,116.76,1.9,1736425629520,68.9,100.9,81.9,12.8,24.5,36991981.0,56.130366,-106.346771
1804,1600,finance & investments,tench coxe,65.0,united states,palo alto,venture capital,finance & investments,united states,True,d,m,1958-01-14 00:00:00,coxe,tench,2023-04-04 05:01:00,1958.0,1.0,14.0,117.24,7.5,21427700000000,88.2,101.8,78.5,9.6,36.6,328239523.0,37.09024,-95.712891
1804,1600,sports,jim crane,69.0,united states,houston,"logistics, baseball",sports,united states,True,u,m,1954-01-17 00:00:00,crane,jim,2023-04-04 05:01:00,1954.0,1.0,17.0,117.24,7.5,21427700000000,88.2,101.8,78.5,9.6,36.6,328239523.0,37.09024,-95.712891
1804,1600,logistics,norbert dentressangle,68.0,france,lyon,"transport, logistics",logistics,france,True,d,m,1954-07-09 00:00:00,dentressangle,norbert,2023-04-04 05:01:00,1954.0,7.0,9.0,110.05,1.1,2715518274227,65.6,102.5,82.5,24.2,60.7,67059887.0,46.227638,2.213749
1804,1600,finance & investments,jamie dimon,67.0,united states,new york,banking,finance & investments,united states,True,e,m,1956-03-13 00:00:00,dimon,jamie,2023-04-04 05:01:00,1956.0,3.0,13.0,117.24,7.5,21427700000000,88.2,101.8,78.5,9.6,36.6,328239523.0,37.09024,-95.712891
1804,1600,technology,daniel dines,51.0,united states,new york,software,technology,romania,True,d,m,1972-01-01 00:00:00,dines,daniel,2023-04-04 05:01:00,1972.0,1.0,1.0,117.24,7.5,21427700000000,88.2,101.8,78.5,9.6,36.6,328239523.0,37.09024,-95.712891
1804,1600,finance & investments,alfredo egydio arruda villela filho,53.0,brazil,sao paulo,banking,finance & investments,brazil,False,d,m,1969-11-18 00:00:00,egydio arruda villela filho,alfredo,2023-04-04 05:01:00,1969.0,11.0,18.0,167.4,3.7,1839758040766,51.3,115.4,75.7,14.2,65.1,212559417.0,-14.235004,-51.92528
1804,1600,metals & mining,gary fegel,49.0,switzerland,gstaad,"commodities, investments",metals & mining,switzerland,True,e,m,1974-01-01 00:00:00,fegel,gary,2023-04-04 05:01:00,1974.0,1.0,1.0,99.55,0.4,703082435360,59.6,105.2,83.6,10.1,28.8,8574832.0,46.818188,8.227512
1804,1600,finance & investments,"william foley, ii.",78.0,united states,las vegas,financial services,finance & investments,united states,True,u,m,1944-12-29 00:00:00,foley,william,2023-04-04 05:01:00,1944.0,12.0,29.0,117.24,7.5,21427700000000,88.2,101.8,78.5,9.6,36.6,328239523.0,37.09024,-95.712891
1804,1600,fashion & retail,richard fortin,74.0,canada,boucherville,convinience stores,fashion & retail,canada,True,u,m,1948-09-01 00:00:00,fortin,richard,2023-04-04 05:01:00,1948.0,9.0,1.0,116.76,1.9,1736425629520,68.9,100.9,81.9,12.8,24.5,36991981.0,56.130366,-106.346771
1804,1600,healthcare,gao yi & family,54.0,china,changsha,pharmaceuticals,healthcare,china,True,u,m,1968-10-25 00:00:00,gao,yi,2023-04-04 05:01:00,1968.0,10.0,25.0,125.08,2.9,19910000000000,50.6,100.2,77.0,9.4,59.2,1397715000.0,35.86166,104.195397
1804,1600,healthcare,giammaria giuliani,45.0,switzerland,montagnola,pharmaceuticals,healthcare,switzerland,False,d,m,1978-02-20 00:00:00,giuliani,giammaria,2023-04-04 05:01:00,1978.0,2.0,20.0,99.55,0.4,703082435360,59.6,105.2,83.6,10.1,28.8,8574832.0,46.818188,8.227512
1804,1600,finance & investments,bill gross,78.0,united states,laguna beach,investments,finance & investments,united states,True,e,m,1944-04-13 00:00:00,gross,bill,2023-04-04 05:01:00,1944.0,4.0,13.0,117.24,7.5,21427700000000,88.2,101.8,78.5,9.6,36.6,328239523.0,37.09024,-95.712891
1804,1600,finance & investments,sue gross,73.0,united states,laguna beach,investments,finance & investments,united states,False,e,f,1950-02-17 00:00:00,gross,sue,2023-04-04 05:01:00,1950.0,2.0,17.0,117.24,7.5,21427700000000,88.2,101.8,78.5,9.6,36.6,328239523.0,37.09024,-95.712891
1804,1600,sports,irving grousbeck & family,88.0,united states,portola valley,"telecommunication, sports",sports,united states,True,n,m,1934-07-20 00:00:00,grousbeck,irving,2023-04-04 05:01:00,1934.0,7.0,20.0,117.24,7.5,21427700000000,88.2,101.8,78.5,9.6,36.6,328239523.0,37.09024,-95.712891
1804,1600,energy,timothy headington,72.0,united states,dallas,"oil & gas, investments",energy,united states,False,u,m,1950-04-24 00:00:00,headington,timothy,2023-04-04 05:01:00,1950.0,4.0,24.0,117.24,7.5,21427700000000,88.2,101.8,78.5,9.6,36.6,328239523.0,37.09024,-95.712891
1804,1600,manufacturing,ilona herlin,58.0,finland,helsinki,"elevators, escalators",manufacturing,finland,False,u,f,1965-01-01 00:00:00,herlin,ilona,2023-04-04 05:01:00,1965.0,1.0,1.0,112.33,1.0,268761201365,88.2,100.2,81.7,20.8,36.6,5520314.0,61.92411,25.748151
1804,1600,diversified,david hoffmann,70.0,united states,naples,"executive search, investments",diversified,united states,True,u,m,1952-08-07 00:00:00,hoffmann,david,2023-04-04 05:01:00,1952.0,8.0,7.0,117.24,7.5,21427700000000,88.2,101.8,78.5,9.6,36.6,328239523.0,37.09024,-95.712891
1804,1600,media & entertainment,stanley hubbard,89.0,united states,st. paul,directv,media & entertainment,united states,False,d,m,1933-05-28 00:00:00,hubbard,stanley,2023-04-04 05:01:00,1933.0,5.0,28.0,117.24,7.5,21427700000000,88.2,101.8,78.5,9.6,36.6,328239523.0,37.09024,-95.712891
1804,1600,manufacturing,hui lin chit,69.0,china,jinjiang,hygiene products,manufacturing,china,True,d,m,1953-06-16 00:00:00,hui,lin chit,2023-04-04 05:01:00,1953.0,6.0,16.0,125.08,2.9,19910000000000,50.6,100.2,77.0,9.4,59.2,1397715000.0,35.86166,104.195397
1804,1600,metals & mining,tianjiang jia & family,60.0,china,yinchuan,non-ferrous metals,metals & mining,china,True,d,m,1962-07-01 00:00:00,jia,tianjiang,2023-04-04 05:01:00,1962.0,7.0,1.0,125.08,2.9,19910000000000,50.6,100.2,77.0,9.4,59.2,1397715000.0,35.86166,104.195397
1804,1600,real estate,zhaobai jiang,59.0,china,shanghai,real estate,real estate,china,True,d,m,1963-08-17 00:00:00,jiang,zhaobai,2023-04-04 05:01:00,1963.0,8.0,17.0,125.08,2.9,19910000000000,50.6,100.2,77.0,9.4,59.2,1397715000.0,35.86166,104.195397
1804,1600,fashion & retail,sergei katsiev,65.0,russia,moscow,"retail, wholesale",fashion & retail,russia,True,r,m,1958-01-11 00:00:00,katsiev,sergei,2023-04-04 05:01:00,1958.0,1.0,11.0,180.75,4.5,1699876578871,81.9,102.6,72.7,11.4,46.2,144373535.0,61.52401,105.318756
1804,1600,healthcare,randal j. kirk,69.0,united states,manalapan,pharmaceuticals,healthcare,united states,True,e,m,1954-03-01 00:00:00,kirk,randal j.,2023-04-04 05:01:00,1954.0,3.0,1.0,117.24,7.5,21427700000000,88.2,101.8,78.5,9.6,36.6,328239523.0,37.09024,-95.712891
1804,1600,energy,william koch,82.0,united states,palm beach,"oil, investments",energy,united states,False,e,m,1940-05-03 00:00:00,koch,william,2023-04-04 05:01:00,1940.0,5.0,3.0,117.24,7.5,21427700000000,88.2,101.8,78.5,9.6,36.6,328239523.0,37.09024,-95.712891
1804,1600,manufacturing,pyotr kondrashev,73.0,austria,wien,investments,manufacturing,russia,True,u,m,1949-07-16 00:00:00,kondrashev,pyotr,2023-04-04 05:01:00,1949.0,7.0,16.0,118.06,1.5,446314739528,85.1,103.1,81.6,25.4,51.4,8877067.0,47.516231,14.550072
1804,1600,logistics,eiichi kuriwada,76.0,japan,osaka,package delivery,logistics,japan,True,d,m,1946-10-10 00:00:00,kuriwada,eiichi,2023-04-04 05:01:00,1946.0,10.0,10.0,105.48,0.5,5081769542380,63.2,98.8,84.2,11.9,46.7,126226568.0,36.204824,138.252924
1804,1600,healthcare,robert langer,74.0,united states,boston,biotech,healthcare,united states,True,e,m,1948-08-29 00:00:00,langer,robert,2023-04-04 05:01:00,1948.0,8.0,29.0,117.24,7.5,21427700000000,88.2,101.8,78.5,9.6,36.6,328239523.0,37.09024,-95.712891
1804,1600,diversified,anthony langley,68.0,united kingdom,nottinghamshire,manufacturing,diversified,united kingdom,True,d,m,1954-12-02 00:00:00,langley,anthony,2023-04-04 05:01:00,1954.0,12.0,2.0,119.62,1.7,2827113184696,60.0,101.2,81.3,25.5,30.6,66834405.0,55.378051,-3.435973
1804,1600,diversified,marianna latsis & family,70.0,greece,athens,"banking, shipping",diversified,greece,False,n,f,1953-03-29 00:00:00,latsis,marianna,2023-04-04 05:01:00,1953.0,3.0,29.0,101.87,0.2,209852761469,136.6,99.6,81.3,26.2,51.9,10716322.0,39.074208,21.824312
1804,1600,real estate,li sze lim,66.0,china,guangzhou,real estate,real estate,hong kong,True,e,m,1957-04-01 00:00:00,li,sze lim,2023-04-04 05:01:00,1957.0,4.0,1.0,125.08,2.9,19910000000000,50.6,100.2,77.0,9.4,59.2,1397715000.0,35.86166,104.195397
1804,1600,real estate,li wa,57.0,china,shenzhen,real estate,real estate,hong kong,True,d,m,1966-01-01 00:00:00,li,wa,2023-04-04 05:01:00,1966.0,1.0,1.0,125.08,2.9,19910000000000,50.6,100.2,77.0,9.4,59.2,1397715000.0,35.86166,104.195397
1804,1600,technology,li weiwei,46.0,china,shanghai,online games,technology,china,True,d,m,1977-01-01 00:00:00,li,weiwei,2023-04-04 05:01:00,1977.0,1.0,1.0,125.08,2.9,19910000000000,50.6,100.2,77.0,9.4,59.2,1397715000.0,35.86166,104.195397
1804,1600,technology,liang qin & family,51.0,china,yangzhou,semiconductor devices,technology,china,True,d,f,1971-10-26 00:00:00,liang,qin,2023-04-04 05:01:00,1971.0,10.0,26.0,125.08,2.9,19910000000000,50.6,100.2,77.0,9.4,59.2,1397715000.0,35.86166,104.195397
1804,1600,real estate,vincent lo,75.0,hong kong,hong kong,real estate,real estate,hong kong,False,e,m,1948-04-01 00:00:00,lo,vincent,2023-04-04 05:01:00,1948.0,4.0,1.0,117.24,2.9,21427700000000,65.6,101.8,78.5,9.6,41.2,328239523.0,37.09024,10.451526
1804,1600,telecom,terence (terry) matthews,80.0,canada,ottawa,telecom,telecom,canada,True,e,m,1943-04-01 00:00:00,matthews,terence (terry),2023-04-04 05:01:00,1943.0,4.0,1.0,116.76,1.9,1736425629520,68.9,100.9,81.9,12.8,24.5,36991981.0,56.130366,-106.346771
1804,1600,technology,jim mckelvey,57.0,united states,st. louis,mobile payments,technology,united states,True,d,m,1965-10-19 00:00:00,mckelvey,jim,2023-04-04 05:01:00,1965.0,10.0,19.0,117.24,7.5,21427700000000,88.2,101.8,78.5,9.6,36.6,328239523.0,37.09024,-95.712891
1804,1600,real estate,p.n.c. menon,74.0,united arab emirates,dubai,real estate,real estate,oman,True,r,m,1948-11-17 00:00:00,menon,p.n.c.,2023-04-04 05:01:00,1948.0,11.0,17.0,114.52,-1.9,421142267938,36.8,108.4,77.8,0.1,15.9,9770529.0,23.424076,53.847818
1804,1600,energy,massimo moratti,77.0,italy,milan,oil refinery,energy,italy,False,u,m,1945-05-16 00:00:00,moratti,massimo,2023-04-04 05:01:00,1945.0,5.0,16.0,110.62,0.6,2001244392042,61.9,101.9,82.9,24.3,59.1,60297396.0,41.87194,12.56738
1804,1600,finance & investments,liora ofer,69.0,israel,tel aviv,investments,finance & investments,israel,False,d,f,1953-12-22 00:00:00,ofer,liora,2023-04-04 05:01:00,1953.0,12.0,22.0,108.15,0.8,395098666122,63.4,104.9,82.8,23.1,25.3,9053300.0,31.046051,34.851612
1804,1600,automotive,stefan pierer,66.0,austria,wels,automotive,automotive,austria,True,u,m,1956-11-25 00:00:00,pierer,stefan,2023-04-04 05:01:00,1956.0,11.0,25.0,118.06,1.5,446314739528,85.1,103.1,81.6,25.4,51.4,8877067.0,47.516231,14.550072
1804,1600,finance & investments,andreas pohl,58.0,germany,marburg,mutual funds,finance & investments,germany,False,u,m,1964-07-28 00:00:00,pohl,andreas,2023-04-04 05:01:00,1964.0,7.0,28.0,112.85,1.4,3845630030824,70.2,104.0,80.9,11.5,48.8,83132799.0,51.165691,10.451526
1804,1600,finance & investments,"reinfried pohl, jr.",63.0,germany,marburg,mutual funds,finance & investments,germany,False,u,m,1959-11-02 00:00:00,pohl,reinfried,2023-04-04 05:01:00,1959.0,11.0,2.0,112.85,1.4,3845630030824,70.2,104.0,80.9,11.5,48.8,83132799.0,51.165691,10.451526
1804,1600,energy,michael polsky,74.0,united states,chicago,electric power,energy,united states,True,u,m,1949-01-01 00:00:00,polsky,michael,2023-04-04 05:01:00,1949.0,1.0,1.0,117.24,7.5,21427700000000,88.2,101.8,78.5,9.6,36.6,328239523.0,37.09024,-95.712891
1804,1600,manufacturing,francisco jose riberas mera,58.0,spain,madrid,"steel, autoparts",manufacturing,spain,False,u,m,1964-06-01 00:00:00,riberas mera,francisco jose,2023-04-04 05:01:00,1964.0,6.0,1.0,110.96,0.7,1394116310769,88.9,102.7,83.3,14.2,47.0,47076781.0,40.463667,-3.74922
1804,1600,metals & mining,juan maria riberas mera,54.0,spain,madrid,"steel, investments",metals & mining,spain,False,r,m,1968-10-01 00:00:00,riberas mera,juan maria,2023-04-04 05:01:00,1968.0,10.0,1.0,110.96,0.7,1394116310769,88.9,102.7,83.3,14.2,47.0,47076781.0,40.463667,-3.74922
1804,1600,food & beverage,andres santo domingo,44.0,united states,new york,beer,food & beverage,united states,False,e,m,1978-06-01 00:00:00,santo domingo,andres,2023-04-04 05:01:00,1978.0,6.0,1.0,117.24,7.5,21427700000000,88.2,101.8,78.5,9.6,36.6,328239523.0,37.09024,-95.712891
1804,1600,food & beverage,sathien sathientham,68.0,thailand,bangkok,energy drinks,food & beverage,thailand,True,e,m,1954-04-20 00:00:00,sathientham,sathien,2023-04-04 05:01:00,1954.0,4.0,20.0,113.27,0.7,543649976166,49.3,99.8,76.9,14.9,29.5,69625582.0,15.870032,100.992541
1804,1600,manufacturing,shang xiaobo & family,49.0,china,hefei,manufacturing,manufacturing,china,True,d,m,1974-03-30 00:00:00,shang,xiaobo,2023-04-04 05:01:00,1974.0,3.0,30.0,125.08,2.9,19910000000000,50.6,100.2,77.0,9.4,59.2,1397715000.0,35.86166,104.195397
1804,1600,food & beverage,yuri shefler,55.0,switzerland,geneva,alcohol,food & beverage,russia,True,u,m,1967-09-10 00:00:00,shefler,yuri,2023-04-04 05:01:00,1967.0,9.0,10.0,99.55,0.4,703082435360,59.6,105.2,83.6,10.1,28.8,8574832.0,46.818188,8.227512
1804,1600,metals & mining,evgeny (eugene) shvidler,59.0,united kingdom,london,"metals, investments",metals & mining,united states,True,e,m,1964-03-23 00:00:00,shvidler,evgeny (eugene),2023-04-04 05:01:00,1964.0,3.0,23.0,119.62,1.7,2827113184696,60.0,101.2,81.3,25.5,30.6,66834405.0,55.378051,-3.435973
1804,1600,technology,ryan smith,44.0,united states,provo,cloud computing,technology,united states,True,e,m,1978-06-28 00:00:00,smith,ryan,2023-04-04 05:01:00,1978.0,6.0,28.0,117.24,7.5,21427700000000,88.2,101.8,78.5,9.6,36.6,328239523.0,37.09024,-95.712891
1804,1600,diversified,zakhar smushkin,61.0,russia,saint petersburg,"pulp and paper, diversified",diversified,russia,True,r,m,1962-01-23 00:00:00,smushkin,zakhar,2023-04-04 05:01:00,1962.0,1.0,23.0,180.75,4.5,1699876578871,81.9,102.6,72.7,11.4,46.2,144373535.0,61.52401,105.318756
1804,1600,service,peter sperling,63.0,united states,phoenix,education,service,united states,False,e,m,1959-11-22 00:00:00,sperling,peter,2023-04-04 05:01:00,1959.0,11.0,22.0,117.24,7.5,21427700000000,88.2,101.8,78.5,9.6,36.6,328239523.0,37.09024,-95.712891
1804,1600,diversified,laurie tisch,72.0,united states,new york,"insurance, nfl team",diversified,united states,False,u,f,1951-02-19 00:00:00,tisch,laurie,2023-04-04 05:01:00,1951.0,2.0,19.0,117.24,7.5,21427700000000,88.2,101.8,78.5,9.6,36.6,328239523.0,37.09024,-95.712891
1804,1600,diversified,steven tisch,74.0,united states,beverly hills,insurance,diversified,united states,False,u,m,1949-02-14 00:00:00,tisch,steven,2023-04-04 05:01:00,1949.0,2.0,14.0,117.24,7.5,21427700000000,88.2,101.8,78.5,9.6,36.6,328239523.0,37.09024,-95.712891
1804,1600,manufacturing,michael tojner,57.0,austria,vienna,"batteries, investments",manufacturing,austria,True,d,m,1966-03-31 00:00:00,tojner,michael,2023-04-04 05:01:00,1966.0,3.0,31.0,118.06,1.5,446314739528,85.1,103.1,81.6,25.4,51.4,8877067.0,47.516231,14.550072
1804,1600,healthcare,august troendle,67.0,united states,cincinnati,pharmaceutical services,healthcare,united states,True,u,m,1956-01-01 00:00:00,troendle,august,2023-04-04 05:01:00,1956.0,1.0,1.0,117.24,7.5,21427700000000,88.2,101.8,78.5,9.6,36.6,328239523.0,37.09024,-95.712891
1804,1600,technology,sekar vembu,51.0,india,chennai,business software,technology,india,True,u,m,1972-01-01 00:00:00,vembu,sekar,2023-04-04 05:01:00,1972.0,1.0,1.0,180.44,7.7,2611000000000,28.1,113.0,69.4,11.2,49.7,1366417754.0,20.593684,78.96288
1804,1600,energy,chris wallin,70.0,australia,brisbane,mining,energy,australia,True,r,m,1953-01-01 00:00:00,wallin,chris,2023-04-04 05:01:00,1953.0,1.0,1.0,119.8,1.6,1392680589329,113.1,100.3,82.7,23.0,47.4,25766605.0,-25.274398,133.775136
1804,1600,media & entertainment,wang changtian,57.0,china,beijing,"tv, movie production",media & entertainment,china,True,d,m,1965-04-26 00:00:00,wang,changtian,2023-04-04 05:01:00,1965.0,4.0,26.0,125.08,2.9,19910000000000,50.6,100.2,77.0,9.4,59.2,1397715000.0,35.86166,104.195397
1804,1600,media & entertainment,ning wang & family,36.0,china,beijing,toys,media & entertainment,china,True,d,m,1987-01-01 00:00:00,wang,ning,2023-04-04 05:01:00,1987.0,1.0,1.0,125.08,2.9,19910000000000,50.6,100.2,77.0,9.4,59.2,1397715000.0,35.86166,104.195397
1804,1600,technology,scott watterson,67.0,united states,logan,fitness equipment,technology,united states,True,e,m,1955-05-18 00:00:00,watterson,scott,2023-04-04 05:01:00,1955.0,5.0,18.0,117.24,7.5,21427700000000,88.2,101.8,78.5,9.6,36.6,328239523.0,37.09024,-95.712891
1804,1600,energy,dan wilks,66.0,united states,cisco,natural gas,energy,united states,True,u,m,1956-05-30 00:00:00,wilks,dan,2023-04-04 05:01:00,1956.0,5.0,30.0,117.24,7.5,21427700000000,88.2,101.8,78.5,9.6,36.6,328239523.0,37.09024,-95.712891
1804,1600,fashion & retail,alan wilson,82.0,australia,melbourne,retailing,fashion & retail,australia,False,split family fortune,m,1940-10-28 00:00:00,wilson,alan,2023-04-04 05:01:00,1940.0,10.0,28.0,119.8,1.6,1392680589329,113.1,100.3,82.7,23.0,47.4,25766605.0,-25.274398,133.775136
1804,1600,fashion & retail,bruce wilson,76.0,australia,melbourne,retailing,fashion & retail,australia,False,split family fortune,m,1946-04-19 00:00:00,wilson,bruce,2023-04-04 05:01:00,1946.0,4.0,19.0,119.8,1.6,1392680589329,113.1,100.3,82.7,23.0,47.4,25766605.0,-25.274398,133.775136
1804,1600,fashion & retail,john wilson,85.0,australia,melbourne,retailing,fashion & retail,australia,False,split family fortune,m,1937-12-31 00:00:00,wilson,john,2023-04-04 05:01:00,1937.0,12.0,31.0,119.8,1.6,1392680589329,113.1,100.3,82.7,23.0,47.4,25766605.0,-25.274398,133.775136
1804,1600,technology,anthony wood,57.0,united states,palo alto,roku,technology,united states,True,d,m,1965-12-04 00:00:00,wood,anthony,2023-04-04 05:01:00,1965.0,12.0,4.0,117.24,7.5,21427700000000,88.2,101.8,78.5,9.6,36.6,328239523.0,37.09024,-95.712891
1804,1600,manufacturing,wu ying,58.0,china,xianyang,materials,manufacturing,china,True,d,m,1964-04-16 00:00:00,wu,ying,2023-04-04 05:01:00,1964.0,4.0,16.0,125.08,2.9,19910000000000,50.6,100.2,77.0,9.4,59.2,1397715000.0,35.86166,104.195397
1804,1600,healthcare,wu yulan,53.0,china,lianyungang,pharmaceuticals,healthcare,china,True,d,f,1969-08-26 00:00:00,wu,yulan,2023-04-04 05:01:00,1969.0,8.0,26.0,125.08,2.9,19910000000000,50.6,100.2,77.0,9.4,59.2,1397715000.0,35.86166,104.195397
1804,1600,technology,zhongyi wu,49.0,china,xiamen,electronics,technology,china,True,d,m,1973-10-28 00:00:00,wu,zhongyi,2023-04-04 05:01:00,1973.0,10.0,28.0,125.08,2.9,19910000000000,50.6,100.2,77.0,9.4,59.2,1397715000.0,35.86166,104.195397
1804,1600,manufacturing,xiang guangming & family,59.0,china,wenzhou,waste disposal,manufacturing,china,True,d,m,1963-10-01 00:00:00,xiang,guangming,2023-04-04 05:01:00,1963.0,10.0,1.0,125.08,2.9,19910000000000,50.6,100.2,77.0,9.4,59.2,1397715000.0,35.86166,104.195397
1804,1600,technology,xue xiangdong & family,64.0,china,beijing,software,technology,china,True,d,m,1959-02-10 00:00:00,xue,xiangdong,2023-04-04 05:01:00,1959.0,2.0,10.0,125.08,2.9,19910000000000,50.6,100.2,77.0,9.4,59.2,1397715000.0,35.86166,104.195397
1804,1600,healthcare,george yancopoulos,63.0,united states,yorktown heights,pharmaceuticals,healthcare,united states,True,u,m,1959-09-10 00:00:00,yancopoulos,george,2023-04-04 05:01:00,1959.0,9.0,10.0,117.24,7.5,21427700000000,88.2,101.8,78.5,9.6,36.6,328239523.0,37.09024,-95.712891
1804,1600,technology,steven meng yang & family,40.0,china,changsha,electronics,technology,china,True,d,m,1982-05-01 00:00:00,yang,steven meng,2023-04-04 05:01:00,1982.0,5.0,1.0,125.08,2.9,19910000000000,50.6,100.2,77.0,9.4,59.2,1397715000.0,35.86166,104.195397
1804,1600,automotive,ye fan & family,52.0,china,dongguan,auto dealerships,automotive,china,True,d,m,1971-01-01 00:00:00,ye,fan,2023-04-04 05:01:00,1971.0,1.0,1.0,125.08,2.9,19910000000000,50.6,100.2,77.0,9.4,59.2,1397715000.0,35.86166,104.195397
1804,1600,diversified,yi dasheng,62.0,china,changsha,conglomerate,diversified,china,True,d,m,1961-02-01 00:00:00,yi,dasheng,2023-04-04 05:01:00,1961.0,2.0,1.0,125.08,2.9,19910000000000,50.6,100.2,77.0,9.4,59.2,1397715000.0,35.86166,104.195397
1804,1600,manufacturing,yu lili,55.0,china,changsha,electronic components,manufacturing,china,True,d,f,1968-01-01 00:00:00,yu,lili,2023-04-04 05:01:00,1968.0,1.0,1.0,125.08,2.9,19910000000000,50.6,100.2,77.0,9.4,59.2,1397715000.0,35.86166,104.195397
1804,1600,technology,zeng kaitian,48.0,china,shanghai,online games,technology,china,True,d,m,1975-01-01 00:00:00,zeng,kaitian,2023-04-04 05:01:00,1975.0,1.0,1.0,125.08,2.9,19910000000000,50.6,100.2,77.0,9.4,59.2,1397715000.0,35.86166,104.195397
1804,1600,metals & mining,zhang xuexin & family,75.0,china,liaocheng,aluminum,metals & mining,china,True,d,m,1947-07-01 00:00:00,zhang,xuexin,2023-04-04 05:01:00,1947.0,7.0,1.0,125.08,2.9,19910000000000,50.6,100.2,77.0,9.4,59.2,1397715000.0,35.86166,104.195397
1804,1600,food & beverage,yubai zhang,58.0,china,suqian,wine,food & beverage,china,True,d,m,1964-10-01 00:00:00,zhang,yubai,2023-04-04 05:01:00,1964.0,10.0,1.0,125.08,2.9,19910000000000,50.6,100.2,77.0,9.4,59.2,1397715000.0,35.86166,104.195397
1804,1600,gambling & casinos,fredrik österberg,52.0,sweden,stockholm,gambling products,gambling & casinos,sweden,True,u,m,1971-01-19 00:00:00,österberg,fredrik,2023-04-04 05:01:00,1971.0,1.0,19.0,110.51,1.8,530832908738,67.0,126.6,82.5,27.9,49.1,10285453.0,60.128161,18.643501
1905,1500,food & beverage,shiv kishan agrawal,82.0,india,nagpur,snacks,food & beverage,india,False,n,m,1941-01-01 00:00:00,agrawal,shiv kishan,2023-04-04 05:01:00,1941.0,1.0,1.0,180.44,7.7,2611000000000,28.1,113.0,69.4,11.2,49.7,1366417754.0,20.593684,78.96288
1905,1500,diversified,aziz akhannouch & family,62.0,morocco,casablanca,"petroleum, diversified",diversified,morocco,False,d,m,1961-01-01 00:00:00,akhannouch,aziz,2023-04-04 05:01:00,1961.0,1.0,1.0,111.07,0.2,118725279596,35.9,113.9,76.5,21.9,45.8,36910560.0,31.791702,-7.09262
1905,1500,diversified,hamdi akin & family,68.0,turkey,istanbul,diversified,diversified,turkey,True,e,m,1955-01-01 00:00:00,akin,hamdi,2023-04-04 05:01:00,1955.0,1.0,1.0,234.44,15.2,754411708203,23.9,93.2,77.4,17.9,42.3,83429615.0,38.963745,35.243322
1905,1500,manufacturing,nerio alessandri,61.0,italy,cesena,gym equipment,manufacturing,italy,True,u,m,1961-04-08 00:00:00,alessandri,nerio,2023-04-04 05:01:00,1961.0,4.0,8.0,110.62,0.6,2001244392042,61.9,101.9,82.9,24.3,59.1,60297396.0,41.87194,12.56738
1905,1500,diversified,alexandra andresen,26.0,norway,oslo,investments,diversified,norway,False,u,f,1996-07-23 00:00:00,andresen,alexandra,2023-04-04 05:01:00,1996.0,7.0,23.0,120.27,2.2,403336363636,82.0,100.3,82.8,23.9,36.2,5347896.0,60.472024,8.468946
1905,1500,diversified,katharina andresen,27.0,norway,oslo,investments,diversified,norway,False,u,f,1995-05-21 00:00:00,andresen,katharina,2023-04-04 05:01:00,1995.0,5.0,21.0,120.27,2.2,403336363636,82.0,100.3,82.8,23.9,36.2,5347896.0,60.472024,8.468946
1905,1500,diversified,patricia angelini rossi,68.0,chile,santiago,"forestry, mining",diversified,chile,False,u,f,1954-04-05 00:00:00,angelini rossi,patricia,2023-04-04 05:01:00,1954.0,4.0,5.0,131.91,2.6,282318159745,88.5,101.4,80.0,18.2,34.0,18952038.0,-35.675147,-71.542969
1905,1500,healthcare,mori arkin,70.0,israel,herzliya pituach,pharmaceuticals,healthcare,israel,True,d,m,1952-09-24 00:00:00,arkin,mori,2023-04-04 05:01:00,1952.0,9.0,24.0,108.15,0.8,395098666122,63.4,104.9,82.8,23.1,25.3,9053300.0,31.046051,34.851612
1905,1500,fashion & retail,barbara benetton,53.0,italy,campodoro,"fashion retail, investments",fashion & retail,italy,False,u,f,1969-07-02 00:00:00,benetton,barbara,2023-04-04 05:01:00,1969.0,7.0,2.0,110.62,0.6,2001244392042,61.9,101.9,82.9,24.3,59.1,60297396.0,41.87194,12.56738
1905,1500,metals & mining,angela bennett,79.0,australia,perth,mining,metals & mining,australia,False,u,f,1944-04-01 00:00:00,bennett,angela,2023-04-04 05:01:00,1944.0,4.0,1.0,119.8,1.6,1392680589329,113.1,100.3,82.7,23.0,47.4,25766605.0,-25.274398,133.775136
1905,1500,diversified,zadik bino & family,79.0,israel,tel aviv,"banking, oil",diversified,israel,True,d,m,1944-01-01 00:00:00,bino,zadik,2023-04-04 05:01:00,1944.0,1.0,1.0,108.15,0.8,395098666122,63.4,104.9,82.8,23.1,25.3,9053300.0,31.046051,34.851612
1905,1500,fashion & retail,paolo bulgari,85.0,italy,rome,luxury goods,fashion & retail,italy,False,e,m,1937-09-08 00:00:00,bulgari,paolo,2023-04-04 05:01:00,1937.0,9.0,8.0,110.62,0.6,2001244392042,61.9,101.9,82.9,24.3,59.1,60297396.0,41.87194,12.56738
1905,1500,food & beverage,saket burman,46.0,united arab emirates,dubai,consumer goods,food & beverage,united kingdom,False,d,m,1977-03-10 00:00:00,burman,saket,2023-04-04 05:01:00,1977.0,3.0,10.0,114.52,-1.9,421142267938,36.8,108.4,77.8,0.1,15.9,9770529.0,23.424076,53.847818
1905,1500,diversified,ahmet calik,65.0,turkey,istanbul,"energy, banking, construction",diversified,turkey,True,e,m,1958-03-01 00:00:00,calik,ahmet,2023-04-04 05:01:00,1958.0,3.0,1.0,234.44,15.2,754411708203,23.9,93.2,77.4,17.9,42.3,83429615.0,38.963745,35.243322
1905,1500,technology,safra catz,61.0,united states,redwood city,software,technology,united states,True,e,f,1961-12-13 00:00:00,catz,safra,2023-04-04 05:01:00,1961.0,12.0,13.0,117.24,7.5,21427700000000,88.2,101.8,78.5,9.6,36.6,328239523.0,37.09024,-95.712891
1905,1500,logistics,chang kuo-hua,68.0,taiwan,taipei,"shipping, airlines",logistics,taiwan,False,d,m,1955-01-01 00:00:00,chang,kuo-hua,2023-04-04 05:01:00,1955.0,1.0,1.0,117.24,2.9,21427700000000,65.6,101.8,78.5,9.6,41.2,328239523.0,37.09024,10.451526
1905,1500,manufacturing,chu jian,60.0,china,hangzhou,manufacturing,manufacturing,china,True,u,m,1963-04-01 00:00:00,chu,jian,2023-04-04 05:01:00,1963.0,4.0,1.0,125.08,2.9,19910000000000,50.6,100.2,77.0,9.4,59.2,1397715000.0,35.86166,104.195397
1905,1500,diversified,sandor csanyi,70.0,hungary,budapest,"finance, real estate",diversified,hungary,True,u,m,1953-03-20 00:00:00,csanyi,sandor,2023-04-04 05:01:00,1953.0,3.0,20.0,121.64,3.3,160967157504,48.5,100.8,75.8,23.0,37.9,9769949.0,47.162494,19.503304
1905,1500,finance & investments,ana lucia de mattos barretto villela,49.0,brazil,sao paulo,banking,finance & investments,brazil,False,d,f,1973-10-25 00:00:00,de mattos barretto villela,ana lucia,2023-04-04 05:01:00,1973.0,10.0,25.0,167.4,3.7,1839758040766,51.3,115.4,75.7,14.2,65.1,212559417.0,-14.235004,-51.92528
1905,1500,manufacturing,federico de nora,55.0,italy,milan,electrodes,manufacturing,italy,False,d,m,1968-03-23 00:00:00,de nora,federico,2023-04-04 05:01:00,1968.0,3.0,23.0,110.62,0.6,2001244392042,61.9,101.9,82.9,24.3,59.1,60297396.0,41.87194,12.56738
1905,1500,technology,bharat desai,70.0,united states,fisher island,it consulting,technology,united states,True,e,m,1952-11-20 00:00:00,desai,bharat,2023-04-04 05:01:00,1952.0,11.0,20.0,117.24,7.5,21427700000000,88.2,101.8,78.5,9.6,36.6,328239523.0,37.09024,-95.712891
1905,1500,diversified,mohammed dewji,47.0,tanzania,dar es salaam,diversified,diversified,tanzania,False,e,m,1975-05-08 00:00:00,dewji,mohammed,2023-04-04 05:01:00,1975.0,5.0,8.0,187.43,3.5,63177068175,4.0,94.2,65.0,11.5,43.8,58005463.0,-6.369028,34.888822
1905,1500,finance & investments,egon durban,49.0,united states,atherton,private equity,finance & investments,united states,True,e,m,1973-08-23 00:00:00,durban,egon,2023-04-04 05:01:00,1973.0,8.0,23.0,117.24,7.5,21427700000000,88.2,101.8,78.5,9.6,36.6,328239523.0,37.09024,-95.712891
1905,1500,manufacturing,fu mingkang & family,60.0,china,ningbo,manufacturing,manufacturing,china,True,d,m,1963-03-17 00:00:00,fu,mingkang,2023-04-04 05:01:00,1963.0,3.0,17.0,125.08,2.9,19910000000000,50.6,100.2,77.0,9.4,59.2,1397715000.0,35.86166,104.195397
1905,1500,media & entertainment,alan gerry,94.0,united states,liberty,cable television,media & entertainment,united states,True,e,m,1928-12-25 00:00:00,gerry,alan,2023-04-04 05:01:00,1928.0,12.0,25.0,117.24,7.5,21427700000000,88.2,101.8,78.5,9.6,36.6,328239523.0,37.09024,-95.712891
1905,1500,fashion & retail,philippe ginestet & family,69.0,france,pujols,retail stores,fashion & retail,france,True,d,m,1954-01-01 00:00:00,ginestet,philippe,2023-04-04 05:01:00,1954.0,1.0,1.0,110.05,1.1,2715518274227,65.6,102.5,82.5,24.2,60.7,67059887.0,46.227638,2.213749
1905,1500,logistics,g. gnanalingam,78.0,malaysia,kuala lumpur,ports,logistics,malaysia,True,d,m,1944-09-10 00:00:00,gnanalingam,g.,2023-04-04 05:01:00,1944.0,9.0,10.0,121.46,0.7,364701517788,45.1,105.3,76.0,12.0,38.7,32447385.0,4.210484,101.975766
1905,1500,fashion & retail,esther grether,87.0,switzerland,basel,art collection,fashion & retail,switzerland,False,e,f,1936-01-01 00:00:00,grether,esther,2023-04-04 05:01:00,1936.0,1.0,1.0,99.55,0.4,703082435360,59.6,105.2,83.6,10.1,28.8,8574832.0,46.818188,8.227512
1905,1500,manufacturing,wei gu,58.0,china,shenzhen,consumer electronics,manufacturing,china,True,e,m,1965-01-27 00:00:00,gu,wei,2023-04-04 05:01:00,1965.0,1.0,27.0,125.08,2.9,19910000000000,50.6,100.2,77.0,9.4,59.2,1397715000.0,35.86166,104.195397
1905,1500,technology,patrick hanrahan,67.0,united states,portola valley,software,technology,united states,True,d,m,1955-05-08 00:00:00,hanrahan,patrick,2023-04-04 05:01:00,1955.0,5.0,8.0,117.24,7.5,21427700000000,88.2,101.8,78.5,9.6,36.6,328239523.0,37.09024,-95.712891
1905,1500,finance & investments,kenneth hao,54.0,united states,hillsborough,private equity,finance & investments,united states,True,e,m,1968-09-11 00:00:00,hao,kenneth,2023-04-04 05:01:00,1968.0,9.0,11.0,117.24,7.5,21427700000000,88.2,101.8,78.5,9.6,36.6,328239523.0,37.09024,-95.712891
1905,1500,finance & investments,jaroslav hascak & family,53.0,slovakia,bratislava,investments,finance & investments,slovakia,True,u,m,1969-08-30 00:00:00,hascak,jaroslav,2023-04-04 05:01:00,1969.0,8.0,30.0,115.34,2.7,105422304976,46.6,98.7,77.2,18.7,49.7,5454073.0,48.669026,19.699024
1905,1500,manufacturing,he zhenggang,69.0,china,leshan,chemicals,manufacturing,china,True,d,m,1954-03-25 00:00:00,he,zhenggang,2023-04-04 05:01:00,1954.0,3.0,25.0,125.08,2.9,19910000000000,50.6,100.2,77.0,9.4,59.2,1397715000.0,35.86166,104.195397
1905,1500,real estate,niranjan hiranandani,73.0,india,mumbai,real estate,real estate,india,True,e,m,1950-03-08 00:00:00,hiranandani,niranjan,2023-04-04 05:01:00,1950.0,3.0,8.0,180.44,7.7,2611000000000,28.1,113.0,69.4,11.2,49.7,1366417754.0,20.593684,78.96288
1905,1500,finance & investments,ho hung anh,52.0,vietnam,hanoi,"consumer products, banking",finance & investments,vietnam,True,d,m,1970-06-08 00:00:00,ho,hung anh,2023-04-04 05:01:00,1970.0,6.0,8.0,163.52,2.8,261921244843,28.5,110.6,75.3,19.1,37.6,96462106.0,14.058324,108.277199
1905,1500,technology,archie hwang,70.0,taiwan,taipei,semiconductors,technology,taiwan,True,d,m,1952-08-20 00:00:00,hwang,archie,2023-04-04 05:01:00,1952.0,8.0,20.0,117.24,2.9,21427700000000,65.6,101.8,78.5,9.6,41.2,328239523.0,37.09024,10.451526
1905,1500,media & entertainment,peter jackson,61.0,new zealand,wellington,"movies, digital effects",media & entertainment,new zealand,True,e,m,1961-10-31 00:00:00,jackson,peter,2023-04-04 05:01:00,1961.0,10.0,31.0,114.24,1.6,206928765544,82.0,100.0,81.9,29.0,34.6,4841000.0,-40.900557,174.885971
1905,1500,finance & investments,stephen jarislowsky,97.0,canada,montreal,money management,finance & investments,canada,True,d,m,1925-09-09 00:00:00,jarislowsky,stephen,2023-04-04 05:01:00,1925.0,9.0,9.0,116.76,1.9,1736425629520,68.9,100.9,81.9,12.8,24.5,36991981.0,56.130366,-106.346771
1905,1500,healthcare,rajeev juneja,57.0,india,delhi,phamaceuticals,healthcare,india,True,u,m,1965-07-28 00:00:00,juneja,rajeev,2023-04-04 05:01:00,1965.0,7.0,28.0,180.44,7.7,2611000000000,28.1,113.0,69.4,11.2,49.7,1366417754.0,20.593684,78.96288
1905,1500,healthcare,ramesh juneja,67.0,india,delhi,pharmaceuticals,healthcare,india,True,u,m,1955-07-28 00:00:00,juneja,ramesh,2023-04-04 05:01:00,1955.0,7.0,28.0,180.44,7.7,2611000000000,28.1,113.0,69.4,11.2,49.7,1366417754.0,20.593684,78.96288
1905,1500,diversified,ke xiping & family,62.0,china,xiamen,investments,diversified,china,True,e,m,1960-06-07 00:00:00,ke,xiping,2023-04-04 05:01:00,1960.0,6.0,7.0,125.08,2.9,19910000000000,50.6,100.2,77.0,9.4,59.2,1397715000.0,35.86166,104.195397
1905,1500,diversified,kim jun-ki,78.0,south korea,seoul,diversified,diversified,south korea,True,u,m,1944-12-04 00:00:00,kim,jun-ki,2023-04-04 05:01:00,1944.0,12.0,4.0,115.16,0.4,2029000000000,94.3,98.1,82.6,15.6,33.2,51709098.0,35.907757,127.766922
1905,1500,fashion & retail,sidney kimmel,95.0,united states,new york,retail,fashion & retail,united states,True,e,m,1928-01-16 00:00:00,kimmel,sidney,2023-04-04 05:01:00,1928.0,1.0,16.0,117.24,7.5,21427700000000,88.2,101.8,78.5,9.6,36.6,328239523.0,37.09024,-95.712891
1905,1500,food & beverage,jim koch,73.0,united states,newton,beer,food & beverage,united states,True,d,m,1949-05-27 00:00:00,koch,jim,2023-04-04 05:01:00,1949.0,5.0,27.0,117.24,7.5,21427700000000,88.2,101.8,78.5,9.6,36.6,328239523.0,37.09024,-95.712891
1905,1500,real estate,raj kumar,68.0,singapore,singapore,"real estate, hotels",real estate,singapore,True,split family fortune,m,1954-05-25 00:00:00,kumar,raj,2023-04-04 05:01:00,1954.0,5.0,25.0,114.41,0.6,372062527489,84.8,100.6,83.1,13.1,21.0,5703569.0,1.352083,103.819836
1905,1500,diversified,spiro latsis & family,76.0,switzerland,geneva,"banking, shipping",diversified,greece,False,r,m,1946-08-15 00:00:00,latsis,spiro,2023-04-04 05:01:00,1946.0,8.0,15.0,99.55,0.4,703082435360,59.6,105.2,83.6,10.1,28.8,8574832.0,46.818188,8.227512
1905,1500,manufacturing,peter leibinger,56.0,germany,schwieberdingen,machine tools,manufacturing,germany,False,d,m,1967-01-01 00:00:00,leibinger,peter,2023-04-04 05:01:00,1967.0,1.0,1.0,112.85,1.4,3845630030824,70.2,104.0,80.9,11.5,48.8,83132799.0,51.165691,10.451526
1905,1500,manufacturing,regine leibinger,60.0,germany,berlin,machine tools,manufacturing,germany,False,d,f,1963-01-01 00:00:00,leibinger,regine,2023-04-04 05:01:00,1963.0,1.0,1.0,112.85,1.4,3845630030824,70.2,104.0,80.9,11.5,48.8,83132799.0,51.165691,10.451526
1905,1500,manufacturing,nicola leibinger-kammueller,63.0,germany,berlin,manufacturing,manufacturing,germany,False,d,f,1959-12-15 00:00:00,leibinger-kammueller,nicola,2023-04-04 05:01:00,1959.0,12.0,15.0,112.85,1.4,3845630030824,70.2,104.0,80.9,11.5,48.8,83132799.0,51.165691,10.451526
1905,1500,manufacturing,li jianli,50.0,china,shenzhen,lithium-ion battery cap,manufacturing,china,True,d,m,1972-09-27 00:00:00,li,jianli,2023-04-04 05:01:00,1972.0,9.0,27.0,125.08,2.9,19910000000000,50.6,100.2,77.0,9.4,59.2,1397715000.0,35.86166,104.195397
1905,1500,manufacturing,li jiaquan,59.0,china,chengdu,chemicals,manufacturing,china,True,d,m,1963-09-06 00:00:00,li,jiaquan,2023-04-04 05:01:00,1963.0,9.0,6.0,125.08,2.9,19910000000000,50.6,100.2,77.0,9.4,59.2,1397715000.0,35.86166,104.195397
1905,1500,fashion & retail,li rucheng,71.0,china,ningbo,apparel,fashion & retail,china,True,d,m,1951-06-13 00:00:00,li,rucheng,2023-04-04 05:01:00,1951.0,6.0,13.0,125.08,2.9,19910000000000,50.6,100.2,77.0,9.4,59.2,1397715000.0,35.86166,104.195397
1905,1500,manufacturing,li shui-po,66.0,china,kunshan,stainless steel products,manufacturing,taiwan,True,u,m,1956-08-01 00:00:00,li,shui-po,2023-04-04 05:01:00,1956.0,8.0,1.0,125.08,2.9,19910000000000,50.6,100.2,77.0,9.4,59.2,1397715000.0,35.86166,104.195397
1905,1500,technology,scott lin,90.0,taiwan,taichung,optical components,technology,taiwan,True,u,m,1933-01-01 00:00:00,lin,scott,2023-04-04 05:01:00,1933.0,1.0,1.0,117.24,2.9,21427700000000,65.6,101.8,78.5,9.6,41.2,328239523.0,37.09024,10.451526
1905,1500,manufacturing,liu xiucai & family,66.0,china,shanghai,chemicals,manufacturing,united states,True,d,m,1957-03-01 00:00:00,liu,xiucai,2023-04-04 05:01:00,1957.0,3.0,1.0,125.08,2.9,19910000000000,50.6,100.2,77.0,9.4,59.2,1397715000.0,35.86166,104.195397
1905,1500,automotive,lu zhongfang,80.0,china,tonghua,education,automotive,china,True,d,f,1942-12-01 00:00:00,lu,zhongfang,2023-04-04 05:01:00,1942.0,12.0,1.0,125.08,2.9,19910000000000,50.6,100.2,77.0,9.4,59.2,1397715000.0,35.86166,104.195397
1905,1500,logistics,lu zongjun,59.0,china,shanghai,logistics,logistics,china,True,d,m,1963-06-01 00:00:00,lu,zongjun,2023-04-04 05:01:00,1963.0,6.0,1.0,125.08,2.9,19910000000000,50.6,100.2,77.0,9.4,59.2,1397715000.0,35.86166,104.195397
1905,1500,diversified,youssef mansour,77.0,egypt,cairo,diversified,diversified,egypt,True,e,m,1945-05-21 00:00:00,mansour,youssef,2023-04-04 05:01:00,1945.0,5.0,21.0,288.57,9.2,303175127598,35.2,106.3,71.8,12.5,44.4,100388073.0,26.820553,30.802498
1905,1500,real estate,bruce mathieson,79.0,australia,gold coast,hotels,real estate,australia,True,d,m,1944-02-14 00:00:00,mathieson,bruce,2023-04-04 05:01:00,1944.0,2.0,14.0,119.8,1.6,1392680589329,113.1,100.3,82.7,23.0,47.4,25766605.0,-25.274398,133.775136
1905,1500,diversified,romano minozzi,88.0,italy,spilamberto,"utilities, diversified",diversified,italy,True,d,m,1935-03-06 00:00:00,minozzi,romano,2023-04-04 05:01:00,1935.0,3.0,6.0,110.62,0.6,2001244392042,61.9,101.9,82.9,24.3,59.1,60297396.0,41.87194,12.56738
1905,1500,finance & investments,greg mondre,48.0,united states,new york,private equity,finance & investments,united states,True,e,m,1974-05-20 00:00:00,mondre,greg,2023-04-04 05:01:00,1974.0,5.0,20.0,117.24,7.5,21427700000000,88.2,101.8,78.5,9.6,36.6,328239523.0,37.09024,-95.712891
1905,1500,fashion & retail,mario moretti polegato & family,70.0,italy,crocetta del montello,shoes,fashion & retail,italy,True,d,m,1952-08-16 00:00:00,moretti polegato,mario,2023-04-04 05:01:00,1952.0,8.0,16.0,110.62,0.6,2001244392042,61.9,101.9,82.9,24.3,59.1,60297396.0,41.87194,12.56738
1905,1500,service,robert mouawad,78.0,bahrain,manama,fine jewelry,service,lebanon,False,e,m,1945-01-01 00:00:00,mouawad,robert,2023-04-04 05:01:00,1945.0,1.0,1.0,117.59,2.1,38574069149,50.5,99.4,77.2,4.2,13.8,1501635.0,26.0667,50.5577
1905,1500,logistics,jerry moyes & family,79.0,united states,tolleson,transportation,logistics,united states,True,u,m,1944-01-15 00:00:00,moyes,jerry,2023-04-04 05:01:00,1944.0,1.0,15.0,117.24,7.5,21427700000000,88.2,101.8,78.5,9.6,36.6,328239523.0,37.09024,-95.712891
1905,1500,technology,john ocampo,63.0,united states,los altos,semiconductors,technology,united states,True,u,m,1959-04-05 00:00:00,ocampo,john,2023-04-04 05:01:00,1959.0,4.0,5.0,117.24,7.5,21427700000000,88.2,101.8,78.5,9.6,36.6,328239523.0,37.09024,-95.712891
1905,1500,diversified,stefan olsson,74.0,united kingdom,london,diversified,diversified,sweden,False,u,m,1949-01-01 00:00:00,olsson,stefan,2023-04-04 05:01:00,1949.0,1.0,1.0,119.62,1.7,2827113184696,60.0,101.2,81.3,25.5,30.6,66834405.0,55.378051,-3.435973
1905,1500,energy,rubens ometto silveira mello,73.0,brazil,sao paulo,"sugar, ethanol",energy,brazil,False,d,m,1950-01-01 00:00:00,ometto silveira mello,rubens,2023-04-04 05:01:00,1950.0,1.0,1.0,167.4,3.7,1839758040766,51.3,115.4,75.7,14.2,65.1,212559417.0,-14.235004,-51.92528
1905,1500,finance & investments,nelson peltz,80.0,united states,bedford,investments,finance & investments,united states,True,d,m,1942-06-01 00:00:00,peltz,nelson,2023-04-04 05:01:00,1942.0,6.0,1.0,117.24,7.5,21427700000000,88.2,101.8,78.5,9.6,36.6,328239523.0,37.09024,-95.712891
1905,1500,construction & engineering,david penaloza alanis,49.0,mexico,mexico city,toll roads,construction & engineering,mexico,False,u,m,1974-01-01 00:00:00,penaloza alanis,david,2023-04-04 05:01:00,1974.0,1.0,1.0,141.54,3.6,1258286717125,40.2,105.8,75.0,13.1,55.1,126014024.0,23.634501,-102.552784
1905,1500,fashion & retail,karl-johan persson,48.0,sweden,stockholm,h&m,fashion & retail,sweden,False,e,m,1975-03-25 00:00:00,persson,karl-johan,2023-04-04 05:01:00,1975.0,3.0,25.0,110.51,1.8,530832908738,67.0,126.6,82.5,27.9,49.1,10285453.0,60.128161,18.643501
1905,1500,food & beverage,mike repole,55.0,united states,windermere,sports drink,food & beverage,united states,True,e,m,1968-01-21 00:00:00,repole,mike,2023-04-04 05:01:00,1968.0,1.0,21.0,117.24,7.5,21427700000000,88.2,101.8,78.5,9.6,36.6,328239523.0,37.09024,-95.712891
1905,1500,food & beverage,duke reyes,66.0,united states,palm beach,beer distribution,food & beverage,united states,False,u,m,1957-03-23 00:00:00,reyes,duke,2023-04-04 05:01:00,1957.0,3.0,23.0,117.24,7.5,21427700000000,88.2,101.8,78.5,9.6,36.6,328239523.0,37.09024,-95.712891
1905,1500,real estate,kishin rk,39.0,singapore,singapore,"real estate, hotels",real estate,singapore,False,split family fortune,m,1983-05-05 00:00:00,rk,kishin,2023-04-04 05:01:00,1983.0,5.0,5.0,114.41,0.6,372062527489,84.8,100.6,83.1,13.1,21.0,5703569.0,1.352083,103.819836
1905,1500,finance & investments,carlos rodriguez-pastor,63.0,peru,lima,finance,finance & investments,peru,False,split family fortune,m,1959-04-11 00:00:00,rodriguez-pastor,carlos,2023-04-04 05:01:00,1959.0,4.0,11.0,129.78,2.1,226848050820,70.7,106.9,76.5,14.3,36.8,32510453.0,-9.189967,-75.015152
1905,1500,finance & investments,christopher rokos,52.0,united kingdom,london,hedge fund,finance & investments,united kingdom,True,e,m,1970-09-21 00:00:00,rokos,christopher,2023-04-04 05:01:00,1970.0,9.0,21.0,119.62,1.7,2827113184696,60.0,101.2,81.3,25.5,30.6,66834405.0,55.378051,-3.435973
1905,1500,service,john ruiz,56.0,united states,coral gables,healthcare services,service,united states,True,n,m,1967-01-07 00:00:00,ruiz,john,2023-04-04 05:01:00,1967.0,1.0,7.0,117.24,7.5,21427700000000,88.2,101.8,78.5,9.6,36.6,328239523.0,37.09024,-95.712891
1905,1500,technology,sheryl sandberg,53.0,united states,menlo park,facebook,technology,united states,True,d,f,1969-08-28 00:00:00,sandberg,sheryl,2023-04-04 05:01:00,1969.0,8.0,28.0,117.24,7.5,21427700000000,88.2,101.8,78.5,9.6,36.6,328239523.0,37.09024,-95.712891
1905,1500,automotive,amnon shashua,62.0,israel,kfar shmaryahu,automotive technology,automotive,israel,True,e,m,1960-05-26 00:00:00,shashua,amnon,2023-04-04 05:01:00,1960.0,5.0,26.0,108.15,0.8,395098666122,63.4,104.9,82.8,23.1,25.3,9053300.0,31.046051,34.851612
1905,1500,media & entertainment,ben silbermann,40.0,united states,san francisco,social media,media & entertainment,united states,True,u,m,1982-07-14 00:00:00,silbermann,ben,2023-04-04 05:01:00,1982.0,7.0,14.0,117.24,7.5,21427700000000,88.2,101.8,78.5,9.6,36.6,328239523.0,37.09024,-95.712891
1905,1500,fashion & retail,ron sim,64.0,singapore,singapore,retail,fashion & retail,singapore,True,u,m,1958-12-01 00:00:00,sim,ron,2023-04-04 05:01:00,1958.0,12.0,1.0,114.41,0.6,372062527489,84.8,100.6,83.1,13.1,21.0,5703569.0,1.352083,103.819836
1905,1500,finance & investments,leonid simanovsky,73.0,russia,moscow,investments,finance & investments,russia,True,r,m,1949-07-19 00:00:00,simanovsky,leonid,2023-04-04 05:01:00,1949.0,7.0,19.0,180.75,4.5,1699876578871,81.9,102.6,72.7,11.4,46.2,144373535.0,61.52401,105.318756
1905,1500,healthcare,basudeo singh,82.0,india,mumbai,pharmaceuticals,healthcare,india,True,d,m,1940-11-20 00:00:00,singh,basudeo,2023-04-04 05:01:00,1940.0,11.0,20.0,180.44,7.7,2611000000000,28.1,113.0,69.4,11.2,49.7,1366417754.0,20.593684,78.96288
1905,1500,technology,frank slootman,64.0,united states,pleasanton,software,technology,united states,True,d,m,1958-10-03 00:00:00,slootman,frank,2023-04-04 05:01:00,1958.0,10.0,3.0,117.24,7.5,21427700000000,88.2,101.8,78.5,9.6,36.6,328239523.0,37.09024,-95.712891
1905,1500,real estate,terry snow,79.0,australia,canberra,"airports, real estate",real estate,australia,True,u,m,1943-12-23 00:00:00,snow,terry,2023-04-04 05:01:00,1943.0,12.0,23.0,119.8,1.6,1392680589329,113.1,100.3,82.7,23.0,47.4,25766605.0,-25.274398,133.775136
1905,1500,real estate,axel stawski,72.0,united states,sagaponack,real estate,real estate,united states,True,u,m,1950-11-14 00:00:00,stawski,axel,2023-04-04 05:01:00,1950.0,11.0,14.0,117.24,7.5,21427700000000,88.2,101.8,78.5,9.6,36.6,328239523.0,37.09024,-95.712891
1905,1500,finance & investments,thomas steyer,65.0,united states,san francisco,hedge funds,finance & investments,united states,True,e,m,1957-06-27 00:00:00,steyer,thomas,2023-04-04 05:01:00,1957.0,6.0,27.0,117.24,7.5,21427700000000,88.2,101.8,78.5,9.6,36.6,328239523.0,37.09024,-95.712891
1905,1500,fashion & retail,sergei studennikov & family,56.0,russia,moscow,"liquor stores, supermarkets",fashion & retail,russia,True,r,m,1967-03-24 00:00:00,studennikov,sergei,2023-04-04 05:01:00,1967.0,3.0,24.0,180.75,4.5,1699876578871,81.9,102.6,72.7,11.4,46.2,144373535.0,61.52401,105.318756
1905,1500,real estate,su suyu & family,74.0,china,shantou,"utilities, real estate",real estate,china,True,d,f,1948-11-24 00:00:00,su,suyu,2023-04-04 05:01:00,1948.0,11.0,24.0,125.08,2.9,19910000000000,50.6,100.2,77.0,9.4,59.2,1397715000.0,35.86166,104.195397
1905,1500,technology,kevin systrom,39.0,united states,san francisco,instagram,technology,united states,True,e,m,1983-12-30 00:00:00,systrom,kevin,2023-04-04 05:01:00,1983.0,12.0,30.0,117.24,7.5,21427700000000,88.2,101.8,78.5,9.6,36.6,328239523.0,37.09024,-95.712891
1905,1500,food & beverage,tang binsen,40.0,china,beijing,beverages,food & beverage,china,True,e,m,1982-12-12 00:00:00,tang,binsen,2023-04-04 05:01:00,1982.0,12.0,12.0,125.08,2.9,19910000000000,50.6,100.2,77.0,9.4,59.2,1397715000.0,35.86166,104.195397
1905,1500,manufacturing,prachak tangkaravakoon,79.0,thailand,bangkok,paints,manufacturing,thailand,True,u,m,1944-03-26 00:00:00,tangkaravakoon,prachak,2023-04-04 05:01:00,1944.0,3.0,26.0,113.27,0.7,543649976166,49.3,99.8,76.9,14.9,29.5,69625582.0,15.870032,100.992541
1905,1500,healthcare,jeff tangney,50.0,united states,palo alto,healthcare it,healthcare,united states,True,d,m,1972-08-09 00:00:00,tangney,jeff,2023-04-04 05:01:00,1972.0,8.0,9.0,117.24,7.5,21427700000000,88.2,101.8,78.5,9.6,36.6,328239523.0,37.09024,-95.712891
1905,1500,fashion & retail,yuequn tao,63.0,china,hefei,contact lens,fashion & retail,china,True,d,m,1960-01-01 00:00:00,tao,yuequn,2023-04-04 05:01:00,1960.0,1.0,1.0,125.08,2.9,19910000000000,50.6,100.2,77.0,9.4,59.2,1397715000.0,35.86166,104.195397
1905,1500,telecom,david teoh,67.0,australia,sydney,telecom,telecom,australia,True,d,m,1956-01-01 00:00:00,teoh,david,2023-04-04 05:01:00,1956.0,1.0,1.0,119.8,1.6,1392680589329,113.1,100.3,82.7,23.0,47.4,25766605.0,-25.274398,133.775136
1905,1500,automotive,tran ba duong & family,63.0,vietnam,ho chi minh city,automotive,automotive,vietnam,True,d,m,1960-04-01 00:00:00,tran,ba duong,2023-04-04 05:01:00,1960.0,4.0,1.0,163.52,2.8,261921244843,28.5,110.6,75.3,19.1,37.6,96462106.0,14.058324,108.277199
1905,1500,telecom,kenny troutt,75.0,united states,dallas,telecom,telecom,united states,True,e,m,1948-01-08 00:00:00,troutt,kenny,2023-04-04 05:01:00,1948.0,1.0,8.0,117.24,7.5,21427700000000,88.2,101.8,78.5,9.6,36.6,328239523.0,37.09024,-95.712891
1905,1500,gambling & casinos,jens von bahr,52.0,sweden,stockholm,gambling products,gambling & casinos,sweden,True,u,m,1971-02-22 00:00:00,von bahr,jens,2023-04-04 05:01:00,1971.0,2.0,22.0,110.51,1.8,530832908738,67.0,126.6,82.5,27.9,49.1,10285453.0,60.128161,18.643501
1905,1500,healthcare,wang junmin,54.0,china,chengdu,pharmaceuticals,healthcare,china,True,u,m,1968-12-12 00:00:00,wang,junmin,2023-04-04 05:01:00,1968.0,12.0,12.0,125.08,2.9,19910000000000,50.6,100.2,77.0,9.4,59.2,1397715000.0,35.86166,104.195397
1905,1500,healthcare,weng xianding,61.0,china,shenzhen,medical devices,healthcare,china,True,u,m,1961-11-28 00:00:00,weng,xianding,2023-04-04 05:01:00,1961.0,11.0,28.0,125.08,2.9,19910000000000,50.6,100.2,77.0,9.4,59.2,1397715000.0,35.86166,104.195397
1905,1500,energy,farris wilks,71.0,united states,cisco,natural gas,energy,united states,True,u,m,1952-02-09 00:00:00,wilks,farris,2023-04-04 05:01:00,1952.0,2.0,9.0,117.24,7.5,21427700000000,88.2,101.8,78.5,9.6,36.6,328239523.0,37.09024,-95.712891
1905,1500,real estate,gordon wu,87.0,hong kong,hong kong,real estate,real estate,hong kong,True,d,m,1935-12-03 00:00:00,wu,gordon,2023-04-04 05:01:00,1935.0,12.0,3.0,117.24,2.9,21427700000000,65.6,101.8,78.5,9.6,41.2,328239523.0,37.09024,10.451526
1905,1500,technology,xiong wu,47.0,china,shenzhen,software,technology,china,True,e,m,1976-01-01 00:00:00,xiong,wu,2023-04-04 05:01:00,1976.0,1.0,1.0,125.08,2.9,19910000000000,50.6,100.2,77.0,9.4,59.2,1397715000.0,35.86166,104.195397
1905,1500,technology,xu zhihan,50.0,china,wuxi,electronics,technology,china,True,d,m,1972-11-30 00:00:00,xu,zhihan,2023-04-04 05:01:00,1972.0,11.0,30.0,125.08,2.9,19910000000000,50.6,100.2,77.0,9.4,59.2,1397715000.0,35.86166,104.195397
1905,1500,food & beverage,tingdong yang,62.0,china,suqian,brewery,food & beverage,china,True,d,m,1960-05-20 00:00:00,yang,tingdong,2023-04-04 05:01:00,1960.0,5.0,20.0,125.08,2.9,19910000000000,50.6,100.2,77.0,9.4,59.2,1397715000.0,35.86166,104.195397
1905,1500,service,michael minhong yu,61.0,china,beijing,education,service,china,True,r,m,1962-01-01 00:00:00,yu,michael minhong,2023-04-04 05:01:00,1962.0,1.0,1.0,125.08,2.9,19910000000000,50.6,100.2,77.0,9.4,59.2,1397715000.0,35.86166,104.195397
1905,1500,service,zhang bangxin,43.0,china,beijing,education,service,china,True,r,m,1980-01-01 00:00:00,zhang,bangxin,2023-04-04 05:01:00,1980.0,1.0,1.0,125.08,2.9,19910000000000,50.6,100.2,77.0,9.4,59.2,1397715000.0,35.86166,104.195397
1905,1500,fashion & retail,zhou zongwen & family,66.0,china,shenzhen,jewelry,fashion & retail,china,True,d,m,1957-03-01 00:00:00,zhou,zongwen,2023-04-04 05:01:00,1957.0,3.0,1.0,125.08,2.9,19910000000000,50.6,100.2,77.0,9.4,59.2,1397715000.0,35.86166,104.195397
2020,1400,diversified,antti aarnio-wihuri,83.0,finland,helsinki,diversified,diversified,finland,False,d,m,1940-02-24 00:00:00,aarnio-wihuri,antti,2023-04-04 05:01:00,1940.0,2.0,24.0,112.33,1.0,268761201365,88.2,100.2,81.7,20.8,36.6,5520314.0,61.92411,25.748151
2020,1400,finance & investments,alberto alcocer,80.0,spain,madrid,investments,finance & investments,spain,True,u,m,1942-12-07 00:00:00,alcocer,alberto,2023-04-04 05:01:00,1942.0,12.0,7.0,110.96,0.7,1394116310769,88.9,102.7,83.3,14.2,47.0,47076781.0,40.463667,-3.74922
2020,1400,fashion & retail,nigel austin,52.0,australia,melbourne,retail,fashion & retail,australia,True,d,m,1970-09-25 00:00:00,austin,nigel,2023-04-04 05:01:00,1970.0,9.0,25.0,119.8,1.6,1392680589329,113.1,100.3,82.7,23.0,47.4,25766605.0,-25.274398,133.775136
2020,1400,technology,binny bansal,40.0,singapore,singapore,flipkart,technology,india,True,u,m,1982-12-03 00:00:00,bansal,binny,2023-04-04 05:01:00,1982.0,12.0,3.0,114.41,0.6,372062527489,84.8,100.6,83.1,13.1,21.0,5703569.0,1.352083,103.819836
2020,1400,healthcare,girdhari lal bawri,75.0,india,mumbai,pharmaceuticals,healthcare,india,True,d,m,1947-08-03 00:00:00,bawri,girdhari lal,2023-04-04 05:01:00,1947.0,8.0,3.0,180.44,7.7,2611000000000,28.1,113.0,69.4,11.2,49.7,1366417754.0,20.593684,78.96288
2020,1400,diversified,john bloor,79.0,united kingdom,aberdyfi,"real estate, manufacturing",diversified,united kingdom,True,d,m,1943-06-16 00:00:00,bloor,john,2023-04-04 05:01:00,1943.0,6.0,16.0,119.62,1.7,2827113184696,60.0,101.2,81.3,25.5,30.6,66834405.0,55.378051,-3.435973
2020,1400,energy,vladimir bogdanov,71.0,russia,surgut,oil,energy,russia,True,r,m,1951-05-28 00:00:00,bogdanov,vladimir,2023-04-04 05:01:00,1951.0,5.0,28.0,180.75,4.5,1699876578871,81.9,102.6,72.7,11.4,46.2,144373535.0,61.52401,105.318756
2020,1400,food & beverage,amit burman,53.0,india,delhi,consumer goods,food & beverage,india,False,d,m,1969-07-01 00:00:00,burman,amit,2023-04-04 05:01:00,1969.0,7.0,1.0,180.44,7.7,2611000000000,28.1,113.0,69.4,11.2,49.7,1366417754.0,20.593684,78.96288
2020,1400,metals & mining,cai jianyong,52.0,china,ningbo,nickel,metals & mining,china,True,n,m,1971-01-01 00:00:00,cai,jianyong,2023-04-04 05:01:00,1971.0,1.0,1.0,125.08,2.9,19910000000000,50.6,100.2,77.0,9.4,59.2,1397715000.0,35.86166,104.195397
2020,1400,technology,steve case,64.0,united states,mclean,aol,technology,united states,True,d,m,1958-08-21 00:00:00,case,steve,2023-04-04 05:01:00,1958.0,8.0,21.0,117.24,7.5,21427700000000,88.2,101.8,78.5,9.6,36.6,328239523.0,37.09024,-95.712891
2020,1400,technology,chen wenyuan & family,55.0,china,suzhou,testing equipment,technology,china,True,e,m,1968-01-01 00:00:00,chen,wenyuan,2023-04-04 05:01:00,1968.0,1.0,1.0,125.08,2.9,19910000000000,50.6,100.2,77.0,9.4,59.2,1397715000.0,35.86166,104.195397
2020,1400,real estate,chua thian poh,74.0,singapore,singapore,real estate,real estate,singapore,True,u,m,1948-07-11 00:00:00,chua,thian poh,2023-04-04 05:01:00,1948.0,7.0,11.0,114.41,0.6,372062527489,84.8,100.6,83.1,13.1,21.0,5703569.0,1.352083,103.819836
2020,1400,finance & investments,sasson dayan & family,83.0,brazil,sao paulo,banking,finance & investments,brazil,True,u,m,1940-04-01 00:00:00,dayan,sasson,2023-04-04 05:01:00,1940.0,4.0,1.0,167.4,3.7,1839758040766,51.3,115.4,75.7,14.2,65.1,212559417.0,-14.235004,-51.92528
2020,1400,metals & mining,chris ellison,65.0,australia,perth,mining,metals & mining,australia,True,n,m,1957-06-26 00:00:00,ellison,chris,2023-04-04 05:01:00,1957.0,6.0,26.0,119.8,1.6,1392680589329,113.1,100.3,82.7,23.0,47.4,25766605.0,-25.274398,133.775136
2020,1400,manufacturing,john farber,97.0,united states,new york,chemicals,manufacturing,united states,True,d,m,1925-08-23 00:00:00,farber,john,2023-04-04 05:01:00,1925.0,8.0,23.0,117.24,7.5,21427700000000,88.2,101.8,78.5,9.6,36.6,328239523.0,37.09024,-95.712891
2020,1400,finance & investments,j. christopher flowers,65.0,united states,palm beach,investments,finance & investments,united states,True,u,m,1957-10-27 00:00:00,flowers,j. christopher,2023-04-04 05:01:00,1957.0,10.0,27.0,117.24,7.5,21427700000000,88.2,101.8,78.5,9.6,36.6,328239523.0,37.09024,-95.712891
2020,1400,fashion & retail,reinold geiger,75.0,switzerland,geneva,beauty products,fashion & retail,austria,True,d,m,1947-07-10 00:00:00,geiger,reinold,2023-04-04 05:01:00,1947.0,7.0,10.0,99.55,0.4,703082435360,59.6,105.2,83.6,10.1,28.8,8574832.0,46.818188,8.227512
2020,1400,technology,ali ghodsi,44.0,united states,san francisco,data analytics,technology,sweden,True,d,m,1978-12-08 00:00:00,ghodsi,ali,2023-04-04 05:01:00,1978.0,12.0,8.0,117.24,7.5,21427700000000,88.2,101.8,78.5,9.6,36.6,328239523.0,37.09024,-95.712891
2020,1400,diversified,lance gokongwei,55.0,philippines,manila,diversified,diversified,philippines,False,d,m,1967-12-01 00:00:00,gokongwei,lance,2023-04-04 05:01:00,1967.0,12.0,1.0,129.61,2.5,376795508680,35.5,107.5,71.1,14.0,43.1,108116615.0,12.879721,121.774017
2020,1400,manufacturing,rajinder gupta,64.0,india,ludhiana,"textiles, paper",manufacturing,india,True,d,m,1959-01-02 00:00:00,gupta,rajinder,2023-04-04 05:01:00,1959.0,1.0,2.0,180.44,7.7,2611000000000,28.1,113.0,69.4,11.2,49.7,1366417754.0,20.593684,78.96288
2020,1400,service,torstein hagen,80.0,switzerland,lucerne,cruises,service,norway,True,d,m,1943-02-18 00:00:00,hagen,torstein,2023-04-04 05:01:00,1943.0,2.0,18.0,99.55,0.4,703082435360,59.6,105.2,83.6,10.1,28.8,8574832.0,46.818188,8.227512
2020,1400,construction & engineering,ayman hariri,44.0,france,paris,"construction, investments",construction & engineering,lebanon,False,e,m,1978-05-16 00:00:00,hariri,ayman,2023-04-04 05:01:00,1978.0,5.0,16.0,110.05,1.1,2715518274227,65.6,102.5,82.5,24.2,60.7,67059887.0,46.227638,2.213749
2020,1400,finance & investments,alfredo harp helu & family,79.0,mexico,mexico city,"banking, investments",finance & investments,mexico,True,u,m,1944-03-11 00:00:00,harp helu,alfredo,2023-04-04 05:01:00,1944.0,3.0,11.0,141.54,3.6,1258286717125,40.2,105.8,75.0,13.1,55.1,126014024.0,23.634501,-102.552784
2020,1400,automotive,he xiaopeng,45.0,china,guangzhou,electric vehicles,automotive,china,True,d,m,1977-11-03 00:00:00,he,xiaopeng,2023-04-04 05:01:00,1977.0,11.0,3.0,125.08,2.9,19910000000000,50.6,100.2,77.0,9.4,59.2,1397715000.0,35.86166,104.195397
2020,1400,fashion & retail,christoph henkel,65.0,united kingdom,london,consumer goods,fashion & retail,germany,False,e,m,1958-02-11 00:00:00,henkel,christoph,2023-04-04 05:01:00,1958.0,2.0,11.0,119.62,1.7,2827113184696,60.0,101.2,81.3,25.5,30.6,66834405.0,55.378051,-3.435973
2020,1400,fashion & retail,daniel hirschfeld,81.0,united states,kearney,fashion retail,fashion & retail,united states,False,e,m,1941-05-31 00:00:00,hirschfeld,daniel,2023-04-04 05:01:00,1941.0,5.0,31.0,117.24,7.5,21427700000000,88.2,101.8,78.5,9.6,36.6,328239523.0,37.09024,-95.712891
2020,1400,technology,drew houston,40.0,united states,austin,cloud storage service,technology,united states,True,d,m,1983-03-04 00:00:00,houston,drew,2023-04-04 05:01:00,1983.0,3.0,4.0,117.24,7.5,21427700000000,88.2,101.8,78.5,9.6,36.6,328239523.0,37.09024,-95.712891
2020,1400,manufacturing,huang jinxiang & family,58.0,china,xuancheng,chemicals,manufacturing,china,True,u,m,1965-01-27 00:00:00,huang,jinxiang,2023-04-04 05:01:00,1965.0,1.0,27.0,125.08,2.9,19910000000000,50.6,100.2,77.0,9.4,59.2,1397715000.0,35.86166,104.195397
2020,1400,manufacturing,rameshchandra jain,74.0,india,mumbai,textiles,manufacturing,india,True,u,m,1948-06-22 00:00:00,jain,rameshchandra,2023-04-04 05:01:00,1948.0,6.0,22.0,180.44,7.7,2611000000000,28.1,113.0,69.4,11.2,49.7,1366417754.0,20.593684,78.96288
2020,1400,healthcare,ke zunhong & family,68.0,china,chengdu,pharmaceuticals,healthcare,china,True,d,m,1954-07-01 00:00:00,ke,zunhong,2023-04-04 05:01:00,1954.0,7.0,1.0,125.08,2.9,19910000000000,50.6,100.2,77.0,9.4,59.2,1397715000.0,35.86166,104.195397
2020,1400,media & entertainment,kim taek-jin,56.0,south korea,seoul,online games,media & entertainment,south korea,True,d,m,1967-03-14 00:00:00,kim,taek-jin,2023-04-04 05:01:00,1967.0,3.0,14.0,115.16,0.4,2029000000000,94.3,98.1,82.6,15.6,33.2,51709098.0,35.907757,127.766922
2020,1400,real estate,koh wee meng,59.0,singapore,singapore,"real estate, hotels",real estate,singapore,True,u,m,1963-07-01 00:00:00,koh,wee meng,2023-04-04 05:01:00,1963.0,7.0,1.0,114.41,0.6,372062527489,84.8,100.6,83.1,13.1,21.0,5703569.0,1.352083,103.819836
2020,1400,manufacturing,sergei kolesnikov,51.0,russia,moscow,building materials,manufacturing,russia,True,u,m,1972-02-25 00:00:00,kolesnikov,sergei,2023-04-04 05:01:00,1972.0,2.0,25.0,180.75,4.5,1699876578871,81.9,102.6,72.7,11.4,46.2,144373535.0,61.52401,105.318756
2020,1400,finance & investments,hemendra kothari,76.0,india,mumbai,financial services,finance & investments,india,False,d,m,1946-08-26 00:00:00,kothari,hemendra,2023-04-04 05:01:00,1946.0,8.0,26.0,180.44,7.7,2611000000000,28.1,113.0,69.4,11.2,49.7,1366417754.0,20.593684,78.96288
2020,1400,real estate,kwee liong keng,77.0,singapore,singapore,real estate,real estate,singapore,False,split family fortune,m,1946-01-01 00:00:00,kwee,liong keng,2023-04-04 05:01:00,1946.0,1.0,1.0,114.41,0.6,372062527489,84.8,100.6,83.1,13.1,21.0,5703569.0,1.352083,103.819836
2020,1400,real estate,kwee liong phing,65.0,singapore,singapore,real estate,real estate,singapore,False,split family fortune,m,1958-01-01 00:00:00,kwee,liong phing,2023-04-04 05:01:00,1958.0,1.0,1.0,114.41,0.6,372062527489,84.8,100.6,83.1,13.1,21.0,5703569.0,1.352083,103.819836
2020,1400,real estate,kwee liong seen,70.0,singapore,singapore,real estate,real estate,singapore,False,split family fortune,m,1953-01-01 00:00:00,kwee,liong seen,2023-04-04 05:01:00,1953.0,1.0,1.0,114.41,0.6,372062527489,84.8,100.6,83.1,13.1,21.0,5703569.0,1.352083,103.819836
2020,1400,real estate,kwee liong tek,76.0,singapore,singapore,real estate,real estate,singapore,False,split family fortune,m,1947-01-01 00:00:00,kwee,liong tek,2023-04-04 05:01:00,1947.0,1.0,1.0,114.41,0.6,372062527489,84.8,100.6,83.1,13.1,21.0,5703569.0,1.352083,103.819836
2020,1400,diversified,kwek leng keow,71.0,singapore,singapore,diversified,diversified,singapore,False,n,m,1952-01-01 00:00:00,kwek,leng keow,2023-04-04 05:01:00,1952.0,1.0,1.0,114.41,0.6,372062527489,84.8,100.6,83.1,13.1,21.0,5703569.0,1.352083,103.819836
2020,1400,diversified,kwek leng peck,67.0,singapore,singapore,diversified,diversified,singapore,False,u,m,1956-01-01 00:00:00,kwek,leng peck,2023-04-04 05:01:00,1956.0,1.0,1.0,114.41,0.6,372062527489,84.8,100.6,83.1,13.1,21.0,5703569.0,1.352083,103.819836
2020,1400,real estate,raymond kwok,69.0,hong kong,hong kong,real estate,real estate,hong kong,False,u,m,1953-04-10 00:00:00,kwok,raymond,2023-04-04 05:01:00,1953.0,4.0,10.0,117.24,2.9,21427700000000,65.6,101.8,78.5,9.6,41.2,328239523.0,37.09024,10.451526
2020,1400,diversified,lee ho-jin,60.0,south korea,seoul,diversified,diversified,south korea,False,u,m,1962-12-08 00:00:00,lee,ho-jin,2023-04-04 05:01:00,1962.0,12.0,8.0,115.16,0.4,2029000000000,94.3,98.1,82.6,15.6,33.2,51709098.0,35.907757,127.766922
2020,1400,finance & investments,michael lee-chin,72.0,canada,burlington,mutual funds,finance & investments,canada,True,d,m,1951-01-03 00:00:00,lee-chin,michael,2023-04-04 05:01:00,1951.0,1.0,3.0,116.76,1.9,1736425629520,68.9,100.9,81.9,12.8,24.5,36991981.0,56.130366,-106.346771
2020,1400,service,manfredi lefebvre d'ovidio & family,69.0,monaco,monte carlo,cruises,service,italy,False,d,m,1953-04-30 00:00:00,lefebvre d'ovidio,manfredi,2023-04-04 05:01:00,1953.0,4.0,30.0,117.24,2.9,7184844193,65.6,101.8,78.5,9.6,41.2,38964.0,43.7384176,7.4246158
2020,1400,fashion & retail,bernard lewis & family,97.0,united kingdom,london,fashion retailer,fashion & retail,united kingdom,True,u,m,1926-02-10 00:00:00,lewis,bernard,2023-04-04 05:01:00,1926.0,2.0,10.0,119.62,1.7,2827113184696,60.0,101.2,81.3,25.5,30.6,66834405.0,55.378051,-3.435973
2020,1400,automotive,william li,48.0,china,beijing,electric vehicles,automotive,china,True,d,m,1975-01-01 00:00:00,li,william,2023-04-04 05:01:00,1975.0,1.0,1.0,125.08,2.9,19910000000000,50.6,100.2,77.0,9.4,59.2,1397715000.0,35.86166,104.195397
2020,1400,manufacturing,jenny lindén urnes,52.0,sweden,helsingborg,powdered metal,manufacturing,sweden,False,e,f,1971-03-29 00:00:00,lindén urnes,jenny,2023-04-04 05:01:00,1971.0,3.0,29.0,110.51,1.8,530832908738,67.0,126.6,82.5,27.9,49.1,10285453.0,60.128161,18.643501
2020,1400,technology,k.c. liu,69.0,taiwan,taipei,manufacturing,technology,taiwan,True,d,m,1954-03-20 00:00:00,liu,k.c.,2023-04-04 05:01:00,1954.0,3.0,20.0,117.24,2.9,21427700000000,65.6,101.8,78.5,9.6,41.2,328239523.0,37.09024,10.451526
2020,1400,manufacturing,liu ming chung,60.0,hong kong,hong kong,paper,manufacturing,brazil,True,d,m,1963-01-01 00:00:00,liu,ming chung,2023-04-04 05:01:00,1963.0,1.0,1.0,117.24,2.9,21427700000000,65.6,101.8,78.5,9.6,41.2,328239523.0,37.09024,10.451526
2020,1400,metals & mining,anatoly lomakin,70.0,russia,moscow,investments,metals & mining,russia,True,e,m,1952-06-30 00:00:00,lomakin,anatoly,2023-04-04 05:01:00,1952.0,6.0,30.0,180.75,4.5,1699876578871,81.9,102.6,72.7,11.4,46.2,144373535.0,61.52401,105.318756
2020,1400,food & beverage,brandt louie,79.0,canada,vancouver,drugstores,food & beverage,canada,False,d,m,1943-07-05 00:00:00,louie,brandt,2023-04-04 05:01:00,1943.0,7.0,5.0,116.76,1.9,1736425629520,68.9,100.9,81.9,12.8,24.5,36991981.0,56.130366,-106.346771
2020,1400,diversified,lucia maggi & family,90.0,brazil,rondonopolis,agribusiness,diversified,brazil,True,split family fortune,f,1932-07-20 00:00:00,maggi,lucia,2023-04-04 05:01:00,1932.0,7.0,20.0,167.4,3.7,1839758040766,51.3,115.4,75.7,14.2,65.1,212559417.0,-14.235004,-51.92528
2020,1400,media & entertainment,gary magness,69.0,united states,denver,"cable tv, investments",media & entertainment,united states,False,e,m,1954-02-26 00:00:00,magness,gary,2023-04-04 05:01:00,1954.0,2.0,26.0,117.24,7.5,21427700000000,88.2,101.8,78.5,9.6,36.6,328239523.0,37.09024,-95.712891
2020,1400,technology,mao lixiang & family,82.0,china,ningbo,cooking appliances,technology,china,True,d,m,1941-01-01 00:00:00,mao,lixiang,2023-04-04 05:01:00,1941.0,1.0,1.0,125.08,2.9,19910000000000,50.6,100.2,77.0,9.4,59.2,1397715000.0,35.86166,104.195397
2020,1400,manufacturing,david mcmurtry,82.0,united kingdom,wotton-under-edge,manufacturing,manufacturing,united kingdom,True,d,m,1940-05-03 00:00:00,mcmurtry,david,2023-04-04 05:01:00,1940.0,5.0,3.0,119.62,1.7,2827113184696,60.0,101.2,81.3,25.5,30.6,66834405.0,55.378051,-3.435973
2020,1400,manufacturing,deepak mehta,66.0,india,vadodara,chemicals,manufacturing,india,False,d,m,1956-12-12 00:00:00,mehta,deepak,2023-04-04 05:01:00,1956.0,12.0,12.0,180.44,7.7,2611000000000,28.1,113.0,69.4,11.2,49.7,1366417754.0,20.593684,78.96288
2020,1400,real estate,miao shouliang,68.0,china,shenzhen,real estate,real estate,china,True,d,m,1955-01-01 00:00:00,miao,shouliang,2023-04-04 05:01:00,1955.0,1.0,1.0,125.08,2.9,19910000000000,50.6,100.2,77.0,9.4,59.2,1397715000.0,35.86166,104.195397
2020,1400,healthcare,miao yongjun,55.0,china,zhengzhou,clinical diagnostics,healthcare,china,True,u,m,1967-12-01 00:00:00,miao,yongjun,2023-04-04 05:01:00,1967.0,12.0,1.0,125.08,2.9,19910000000000,50.6,100.2,77.0,9.4,59.2,1397715000.0,35.86166,104.195397
2020,1400,real estate,yoshiko mori,82.0,japan,tokyo,real estate,real estate,japan,False,u,f,1940-09-24 00:00:00,mori,yoshiko,2023-04-04 05:01:00,1940.0,9.0,24.0,105.48,0.5,5081769542380,63.2,98.8,84.2,11.9,46.7,126226568.0,36.204824,138.252924
2020,1400,technology,marius nacht,57.0,israel,tel aviv,software,technology,israel,True,e,m,1966-01-01 00:00:00,nacht,marius,2023-04-04 05:01:00,1966.0,1.0,1.0,108.15,0.8,395098666122,63.4,104.9,82.8,23.1,25.3,9053300.0,31.046051,34.851612
2020,1400,metals & mining,vadim novinsky,59.0,ukraine,kiev,steel,metals & mining,ukraine,True,u,m,1963-06-03 00:00:00,novinsky,vadim,2023-04-04 05:01:00,1963.0,6.0,3.0,281.66,7.9,153781069118,82.7,99.0,71.6,20.1,45.2,44385155.0,48.379433,31.16558
2020,1400,finance & investments,niti osathanugrah,49.0,thailand,bangkok,"energy drinks,investments",finance & investments,thailand,False,d,m,1973-10-18 00:00:00,osathanugrah,niti,2023-04-04 05:01:00,1973.0,10.0,18.0,113.27,0.7,543649976166,49.3,99.8,76.9,14.9,29.5,69625582.0,15.870032,100.992541
2020,1400,finance & investments,gretel packer,57.0,australia,sydney,investments,finance & investments,australia,False,d,f,1966-04-01 00:00:00,packer,gretel,2023-04-04 05:01:00,1966.0,4.0,1.0,119.8,1.6,1392680589329,113.1,100.3,82.7,23.0,47.4,25766605.0,-25.274398,133.775136
2020,1400,manufacturing,pan longquan,58.0,china,nanjing,manufacturing,manufacturing,china,True,n,m,1965-01-01 00:00:00,pan,longquan,2023-04-04 05:01:00,1965.0,1.0,1.0,125.08,2.9,19910000000000,50.6,100.2,77.0,9.4,59.2,1397715000.0,35.86166,104.195397
2020,1400,real estate,pan shiyi,60.0,china,beijing,real estate,real estate,china,True,split family fortune,m,1963-01-01 00:00:00,pan,shiyi,2023-04-04 05:01:00,1963.0,1.0,1.0,125.08,2.9,19910000000000,50.6,100.2,77.0,9.4,59.2,1397715000.0,35.86166,104.195397
2020,1400,healthcare,david paul,56.0,united states,audubon,medical devices,healthcare,united states,True,d,m,1966-12-25 00:00:00,paul,david,2023-04-04 05:01:00,1966.0,12.0,25.0,117.24,7.5,21427700000000,88.2,101.8,78.5,9.6,36.6,328239523.0,37.09024,-95.712891
2020,1400,fashion & retail,tom persson,38.0,sweden,stockholm,h&m,fashion & retail,sweden,False,d,m,1985-01-01 00:00:00,persson,tom,2023-04-04 05:01:00,1985.0,1.0,1.0,110.51,1.8,530832908738,67.0,126.6,82.5,27.9,49.1,10285453.0,60.128161,18.643501
2020,1400,automotive,qian jinghong,50.0,china,wuxi,electric scooters,automotive,china,True,r,f,1973-01-01 00:00:00,qian,jinghong,2023-04-04 05:01:00,1973.0,1.0,1.0,125.08,2.9,19910000000000,50.6,100.2,77.0,9.4,59.2,1397715000.0,35.86166,104.195397
2020,1400,manufacturing,qin long,57.0,china,qingdao,tire,manufacturing,china,True,d,m,1965-07-01 00:00:00,qin,long,2023-04-04 05:01:00,1965.0,7.0,1.0,125.08,2.9,19910000000000,50.6,100.2,77.0,9.4,59.2,1397715000.0,35.86166,104.195397
2020,1400,healthcare,m.satyanarayana reddy,65.0,india,hyderabad,pharmaceuticals,healthcare,india,True,d,m,1957-04-18 00:00:00,reddy,m.satyanarayana,2023-04-04 05:01:00,1957.0,4.0,18.0,180.44,7.7,2611000000000,28.1,113.0,69.4,11.2,49.7,1366417754.0,20.593684,78.96288
2020,1400,diversified,mochtar riady & family,93.0,indonesia,jakarta,diversified,diversified,indonesia,True,d,m,1929-05-12 00:00:00,riady,mochtar,2023-04-04 05:01:00,1929.0,5.0,12.0,151.18,3.0,1119190780753,36.3,106.4,71.5,10.2,30.1,270203917.0,-0.789275,113.921327
2020,1400,construction & engineering,boris rotenberg,66.0,russia,moscow,"construction, pipes, chemicals",construction & engineering,russia,True,u,m,1957-01-03 00:00:00,rotenberg,boris,2023-04-04 05:01:00,1957.0,1.0,3.0,180.75,4.5,1699876578871,81.9,102.6,72.7,11.4,46.2,144373535.0,61.52401,105.318756
2020,1400,real estate,subhash runwal,79.0,india,mumbai,real estate,real estate,india,True,e,m,1943-05-22 00:00:00,runwal,subhash,2023-04-04 05:01:00,1943.0,5.0,22.0,180.44,7.7,2611000000000,28.1,113.0,69.4,11.2,49.7,1366417754.0,20.593684,78.96288
2020,1400,manufacturing,igor rybakov,50.0,russia,moscow,building materials,manufacturing,russia,True,u,m,1972-05-16 00:00:00,rybakov,igor,2023-04-04 05:01:00,1972.0,5.0,16.0,180.75,4.5,1699876578871,81.9,102.6,72.7,11.4,46.2,144373535.0,61.52401,105.318756
2020,1400,healthcare,carlos sanchez,61.0,brazil,santo andre,generic drugs,healthcare,brazil,False,e,m,1962-01-21 00:00:00,sanchez,carlos,2023-04-04 05:01:00,1962.0,1.0,21.0,167.4,3.7,1839758040766,51.3,115.4,75.7,14.2,65.1,212559417.0,-14.235004,-51.92528
2020,1400,real estate,martin selig,85.0,united states,seattle,real estate,real estate,united states,True,e,m,1937-12-31 00:00:00,selig,martin,2023-04-04 05:01:00,1937.0,12.0,31.0,117.24,7.5,21427700000000,88.2,101.8,78.5,9.6,36.6,328239523.0,37.09024,-95.712891
2020,1400,energy,airat shaimiev,61.0,russia,kazan,"refinery, chemicals",energy,russia,True,u,m,1962-03-07 00:00:00,shaimiev,airat,2023-04-04 05:01:00,1962.0,3.0,7.0,180.75,4.5,1699876578871,81.9,102.6,72.7,11.4,46.2,144373535.0,61.52401,105.318756
2020,1400,energy,radik shaimiev,58.0,russia,kazan,"refinery, chemicals",energy,russia,True,u,m,1964-11-14 00:00:00,shaimiev,radik,2023-04-04 05:01:00,1964.0,11.0,14.0,180.75,4.5,1699876578871,81.9,102.6,72.7,11.4,46.2,144373535.0,61.52401,105.318756
2020,1400,fashion & retail,nobutoshi shimamura,97.0,japan,saitama,retail,fashion & retail,japan,True,u,m,1926-03-08 00:00:00,shimamura,nobutoshi,2023-04-04 05:01:00,1926.0,3.0,8.0,105.48,0.5,5081769542380,63.2,98.8,84.2,11.9,46.7,126226568.0,36.204824,138.252924
2020,1400,technology,jared smith,48.0,united states,provo,cloud computing,technology,united states,True,e,m,1974-10-02 00:00:00,smith,jared,2023-04-04 05:01:00,1974.0,10.0,2.0,117.24,7.5,21427700000000,88.2,101.8,78.5,9.6,36.6,328239523.0,37.09024,-95.712891
2020,1400,fashion & retail,charlotte soderstrom,46.0,sweden,stockholm,h&m,fashion & retail,sweden,False,d,f,1977-01-01 00:00:00,soderstrom,charlotte,2023-04-04 05:01:00,1977.0,1.0,1.0,110.51,1.8,530832908738,67.0,126.6,82.5,27.9,49.1,10285453.0,60.128161,18.643501
2020,1400,healthcare,anand surana,52.0,india,bangalore,pharmaceuticals,healthcare,india,False,d,m,1971-03-24 00:00:00,surana,anand,2023-04-04 05:01:00,1971.0,3.0,24.0,180.44,7.7,2611000000000,28.1,113.0,69.4,11.2,49.7,1366417754.0,20.593684,78.96288
2020,1400,healthcare,dilip surana,57.0,india,bangalore,pharmaceuticals,healthcare,india,False,d,m,1966-01-18 00:00:00,surana,dilip,2023-04-04 05:01:00,1966.0,1.0,18.0,180.44,7.7,2611000000000,28.1,113.0,69.4,11.2,49.7,1366417754.0,20.593684,78.96288
2020,1400,finance & investments,wilma tisch,95.0,united states,new york,diversified,finance & investments,united states,False,d,f,1927-06-25 00:00:00,tisch,wilma,2023-04-04 05:01:00,1927.0,6.0,25.0,117.24,7.5,21427700000000,88.2,101.8,78.5,9.6,36.6,328239523.0,37.09024,-95.712891
2020,1400,technology,jianyi wang,60.0,china,hangzhou,fiber optic cables,technology,china,True,u,m,1963-01-12 00:00:00,wang,jianyi,2023-04-04 05:01:00,1963.0,1.0,12.0,125.08,2.9,19910000000000,50.6,100.2,77.0,9.4,59.2,1397715000.0,35.86166,104.195397
2020,1400,logistics,wang jilei,58.0,china,shanghai,logistics,logistics,china,True,u,m,1965-01-01 00:00:00,wang,jilei,2023-04-04 05:01:00,1965.0,1.0,1.0,125.08,2.9,19910000000000,50.6,100.2,77.0,9.4,59.2,1397715000.0,35.86166,104.195397
2020,1400,manufacturing,shuifu wang,68.0,china,hangzhou,manufacturing,manufacturing,china,True,d,m,1955-02-10 00:00:00,wang,shuifu,2023-04-04 05:01:00,1955.0,2.0,10.0,125.08,2.9,19910000000000,50.6,100.2,77.0,9.4,59.2,1397715000.0,35.86166,104.195397
2020,1400,manufacturing,wang yanqing & family,76.0,china,weihai,carbon fiber products,manufacturing,china,False,d,f,1946-07-02 00:00:00,wang,yanqing,2023-04-04 05:01:00,1946.0,7.0,2.0,125.08,2.9,19910000000000,50.6,100.2,77.0,9.4,59.2,1397715000.0,35.86166,104.195397
2020,1400,metals & mining,wang zelong,26.0,china,jiaozuo,chemicals,metals & mining,china,False,d,m,1996-07-01 00:00:00,wang,zelong,2023-04-04 05:01:00,1996.0,7.0,1.0,125.08,2.9,19910000000000,50.6,100.2,77.0,9.4,59.2,1397715000.0,35.86166,104.195397
2020,1400,manufacturing,werner o. weber,84.0,switzerland,zurich,electronic components,manufacturing,switzerland,True,e,m,1939-02-09 00:00:00,weber,werner o.,2023-04-04 05:01:00,1939.0,2.0,9.0,99.55,0.4,703082435360,59.6,105.2,83.6,10.1,28.8,8574832.0,46.818188,8.227512
2020,1400,manufacturing,anne werninghaus,37.0,brazil,joinville,industrial machinery,manufacturing,brazil,False,u,f,1986-01-01 00:00:00,werninghaus,anne,2023-04-04 05:01:00,1986.0,1.0,1.0,167.4,3.7,1839758040766,51.3,115.4,75.7,14.2,65.1,212559417.0,-14.235004,-51.92528
2020,1400,finance & investments,"alfred west, jr.",80.0,united states,paoli,money management,finance & investments,united states,True,u,m,1942-12-07 00:00:00,west,alfred,2023-04-04 05:01:00,1942.0,12.0,7.0,117.24,7.5,21427700000000,88.2,101.8,78.5,9.6,36.6,328239523.0,37.09024,-95.712891
2020,1400,manufacturing,bo wu,68.0,china,nanjing,machinery,manufacturing,china,True,e,m,1954-05-01 00:00:00,wu,bo,2023-04-04 05:01:00,1954.0,5.0,1.0,125.08,2.9,19910000000000,50.6,100.2,77.0,9.4,59.2,1397715000.0,35.86166,104.195397
2020,1400,manufacturing,wu chaoqun,53.0,china,meishan,chemicals,manufacturing,china,True,u,m,1969-05-18 00:00:00,wu,chaoqun,2023-04-04 05:01:00,1969.0,5.0,18.0,125.08,2.9,19910000000000,50.6,100.2,77.0,9.4,59.2,1397715000.0,35.86166,104.195397
2020,1400,technology,swift xie,43.0,china,shenzhen,drones,technology,china,True,e,m,1980-01-01 00:00:00,xie,swift,2023-04-04 05:01:00,1980.0,1.0,1.0,125.08,2.9,19910000000000,50.6,100.2,77.0,9.4,59.2,1397715000.0,35.86166,104.195397
2020,1400,manufacturing,xu guozhong & family,59.0,china,changzhou,motors,manufacturing,china,True,d,m,1963-09-01 00:00:00,xu,guozhong,2023-04-04 05:01:00,1963.0,9.0,1.0,125.08,2.9,19910000000000,50.6,100.2,77.0,9.4,59.2,1397715000.0,35.86166,104.195397
2020,1400,food & beverage,yao kuizhang,58.0,china,hengshui,beverages,food & beverage,china,True,d,m,1965-01-01 00:00:00,yao,kuizhang,2023-04-04 05:01:00,1965.0,1.0,1.0,125.08,2.9,19910000000000,50.6,100.2,77.0,9.4,59.2,1397715000.0,35.86166,104.195397
2020,1400,real estate,yu peidi,63.0,china,shanghai,real estate,real estate,hong kong,True,d,m,1960-01-01 00:00:00,yu,peidi,2023-04-04 05:01:00,1960.0,1.0,1.0,125.08,2.9,19910000000000,50.6,100.2,77.0,9.4,59.2,1397715000.0,35.86166,104.195397
2020,1400,healthcare,yuan liping,52.0,china,shenzhen,pharmaceuticals,healthcare,canada,False,d,f,1971-01-01 00:00:00,yuan,liping,2023-04-04 05:01:00,1971.0,1.0,1.0,125.08,2.9,19910000000000,50.6,100.2,77.0,9.4,59.2,1397715000.0,35.86166,104.195397
2020,1400,manufacturing,zhang chuanwei & family,60.0,china,zhongshan,machinery,manufacturing,china,True,d,m,1962-06-15 00:00:00,zhang,chuanwei,2023-04-04 05:01:00,1962.0,6.0,15.0,125.08,2.9,19910000000000,50.6,100.2,77.0,9.4,59.2,1397715000.0,35.86166,104.195397
2020,1400,real estate,zhang keqiang,62.0,china,guangzhou,real estate,real estate,china,True,d,m,1960-04-29 00:00:00,zhang,keqiang,2023-04-04 05:01:00,1960.0,4.0,29.0,125.08,2.9,19910000000000,50.6,100.2,77.0,9.4,59.2,1397715000.0,35.86166,104.195397
2020,1400,real estate,zhang xin,57.0,china,beijing,real estate,real estate,china,True,split family fortune,f,1965-08-24 00:00:00,zhang,xin,2023-04-04 05:01:00,1965.0,8.0,24.0,125.08,2.9,19910000000000,50.6,100.2,77.0,9.4,59.2,1397715000.0,35.86166,104.195397
2020,1400,manufacturing,xinghai zhang & family,60.0,china,chongqing,machinery,manufacturing,china,True,d,m,1963-01-01 00:00:00,zhang,xinghai,2023-04-04 05:01:00,1963.0,1.0,1.0,125.08,2.9,19910000000000,50.6,100.2,77.0,9.4,59.2,1397715000.0,35.86166,104.195397
2020,1400,manufacturing,zheng jianjiang & family,62.0,china,ningbo,electrical equipment,manufacturing,china,True,d,m,1961-01-01 00:00:00,zheng,jianjiang,2023-04-04 05:01:00,1961.0,1.0,1.0,125.08,2.9,19910000000000,50.6,100.2,77.0,9.4,59.2,1397715000.0,35.86166,104.195397
2020,1400,real estate,zhong sheng jian,65.0,singapore,singapore,real estate,real estate,singapore,True,d,m,1958-03-03 00:00:00,zhong,sheng jian,2023-04-04 05:01:00,1958.0,3.0,3.0,114.41,0.6,372062527489,84.8,100.6,83.1,13.1,21.0,5703569.0,1.352083,103.819836
2020,1400,fashion & retail,zhou chengjian,57.0,china,shanghai,fashion retail,fashion & retail,china,True,d,m,1965-04-30 00:00:00,zhou,chengjian,2023-04-04 05:01:00,1965.0,4.0,30.0,125.08,2.9,19910000000000,50.6,100.2,77.0,9.4,59.2,1397715000.0,35.86166,104.195397
2020,1400,diversified,boris zingarevich,63.0,russia,saint petersburg,"pulp and paper, diversified",diversified,russia,True,r,m,1959-07-08 00:00:00,zingarevich,boris,2023-04-04 05:01:00,1959.0,7.0,8.0,180.75,4.5,1699876578871,81.9,102.6,72.7,11.4,46.2,144373535.0,61.52401,105.318756
2133,1300,automotive,a. jayson adair,53.0,united states,dallas,damaged cars,automotive,united states,True,u,m,1969-10-16 00:00:00,adair,a. jayson,2023-04-04 05:01:00,1969.0,10.0,16.0,117.24,7.5,21427700000000,88.2,101.8,78.5,9.6,36.6,328239523.0,37.09024,-95.712891
2133,1300,logistics,soegiarto adikoesoemo,85.0,indonesia,surabaya,chemicals,logistics,indonesia,True,r,m,1938-03-24 00:00:00,adikoesoemo,soegiarto,2023-04-04 05:01:00,1938.0,3.0,24.0,151.18,3.0,1119190780753,36.3,106.4,71.5,10.2,30.1,270203917.0,-0.789275,113.921327
2133,1300,healthcare,rajendra agarwal,64.0,india,mumbai,pharmaceuticals,healthcare,india,True,d,m,1959-02-25 00:00:00,agarwal,rajendra,2023-04-04 05:01:00,1959.0,2.0,25.0,180.44,7.7,2611000000000,28.1,113.0,69.4,11.2,49.7,1366417754.0,20.593684,78.96288
2133,1300,healthcare,chirayu amin,76.0,india,baroda,pharmaceuticals,healthcare,india,False,d,m,1946-12-04 00:00:00,amin,chirayu,2023-04-04 05:01:00,1946.0,12.0,4.0,180.44,7.7,2611000000000,28.1,113.0,69.4,11.2,49.7,1366417754.0,20.593684,78.96288
2133,1300,real estate,anant asavabhokhin,72.0,thailand,bangkok,real estate,real estate,thailand,True,e,m,1950-08-11 00:00:00,asavabhokhin,anant,2023-04-04 05:01:00,1950.0,8.0,11.0,113.27,0.7,543649976166,49.3,99.8,76.9,14.9,29.5,69625582.0,15.870032,100.992541
2133,1300,finance & investments,roman avdeev,55.0,russia,moscow,"banking, development",finance & investments,russia,True,r,m,1967-07-17 00:00:00,avdeev,roman,2023-04-04 05:01:00,1967.0,7.0,17.0,180.75,4.5,1699876578871,81.9,102.6,72.7,11.4,46.2,144373535.0,61.52401,105.318756
2133,1300,automotive,ziv aviram,64.0,israel,mevaseret zion,automotive technology,automotive,israel,True,d,m,1959-01-03 00:00:00,aviram,ziv,2023-04-04 05:01:00,1959.0,1.0,3.0,108.15,0.8,395098666122,63.4,104.9,82.8,23.1,25.3,9053300.0,31.046051,34.851612
2133,1300,fashion & retail,sachin bansal,41.0,india,bangalore,flipkart,fashion & retail,india,True,e,m,1981-08-05 00:00:00,bansal,sachin,2023-04-04 05:01:00,1981.0,8.0,5.0,180.44,7.7,2611000000000,28.1,113.0,69.4,11.2,49.7,1366417754.0,20.593684,78.96288
2133,1300,energy,kiki barki,83.0,indonesia,jakarta,coal,energy,indonesia,True,d,m,1939-11-25 00:00:00,barki,kiki,2023-04-04 05:01:00,1939.0,11.0,25.0,151.18,3.0,1119190780753,36.3,106.4,71.5,10.2,30.1,270203917.0,-0.789275,113.921327
2133,1300,construction & engineering,elena baturina,60.0,united kingdom,london,"investments, real estate",construction & engineering,russia,True,d,f,1963-03-08 00:00:00,baturina,elena,2023-04-04 05:01:00,1963.0,3.0,8.0,119.62,1.7,2827113184696,60.0,101.2,81.3,25.5,30.6,66834405.0,55.378051,-3.435973
2133,1300,healthcare,banwari lal bawri,70.0,india,mumbai,pharmaceuticals,healthcare,india,True,d,m,1953-04-02 00:00:00,bawri,banwari lal,2023-04-04 05:01:00,1953.0,4.0,2.0,180.44,7.7,2611000000000,28.1,113.0,69.4,11.2,49.7,1366417754.0,20.593684,78.96288
2133,1300,finance & investments,othman benjelloun & family,90.0,morocco,casablanca,"banking, insurance",finance & investments,morocco,False,e,m,1932-11-01 00:00:00,benjelloun,othman,2023-04-04 05:01:00,1932.0,11.0,1.0,111.07,0.2,118725279596,35.9,113.9,76.5,21.9,45.8,36910560.0,31.791702,-7.09262
2133,1300,diversified,hari bhartia,66.0,india,delhi,diversified,diversified,india,False,d,m,1956-12-12 00:00:00,bhartia,hari,2023-04-04 05:01:00,1956.0,12.0,12.0,180.44,7.7,2611000000000,28.1,113.0,69.4,11.2,49.7,1366417754.0,20.593684,78.96288
2133,1300,healthcare,shyam bhartia,70.0,india,delhi,"pharmaceuticals, food",healthcare,india,False,d,m,1952-11-09 00:00:00,bhartia,shyam,2023-04-04 05:01:00,1952.0,11.0,9.0,180.44,7.7,2611000000000,28.1,113.0,69.4,11.2,49.7,1366417754.0,20.593684,78.96288
2133,1300,technology,stewart butterfield,50.0,united states,aspen,messaging software,technology,canada,True,d,m,1973-03-21 00:00:00,butterfield,stewart,2023-04-04 05:01:00,1973.0,3.0,21.0,117.24,7.5,21427700000000,88.2,101.8,78.5,9.6,36.6,328239523.0,37.09024,-95.712891
2133,1300,technology,cai mingtong,71.0,china,quanzhou,electronic components,technology,china,True,d,m,1952-02-15 00:00:00,cai,mingtong,2023-04-04 05:01:00,1952.0,2.0,15.0,125.08,2.9,19910000000000,50.6,100.2,77.0,9.4,59.2,1397715000.0,35.86166,104.195397
2133,1300,technology,anthony casalena,40.0,united states,monkton,software,technology,united states,True,e,m,1982-04-24 00:00:00,casalena,anthony,2023-04-04 05:01:00,1982.0,4.0,24.0,117.24,7.5,21427700000000,88.2,101.8,78.5,9.6,36.6,328239523.0,37.09024,-95.712891
2133,1300,manufacturing,chang jianming & family,58.0,china,shanghai,industrial equipment,manufacturing,china,True,n,m,1965-02-11 00:00:00,chang,jianming,2023-04-04 05:01:00,1965.0,2.0,11.0,125.08,2.9,19910000000000,50.6,100.2,77.0,9.4,59.2,1397715000.0,35.86166,104.195397
2133,1300,real estate,richard chang,76.0,taiwan,taipei,"real estate, electronics",real estate,taiwan,True,d,m,1947-01-01 00:00:00,chang,richard,2023-04-04 05:01:00,1947.0,1.0,1.0,117.24,2.9,21427700000000,65.6,101.8,78.5,9.6,41.2,328239523.0,37.09024,10.451526
2133,1300,metals & mining,chen xuehua,62.0,china,tongxiang,minerals processing,metals & mining,china,True,d,m,1961-01-01 00:00:00,chen,xuehua,2023-04-04 05:01:00,1961.0,1.0,1.0,125.08,2.9,19910000000000,50.6,100.2,77.0,9.4,59.2,1397715000.0,35.86166,104.195397
2133,1300,manufacturing,chen yin,50.0,china,shanghai,power tools,manufacturing,china,True,n,m,1973-01-01 00:00:00,chen,yin,2023-04-04 05:01:00,1973.0,1.0,1.0,125.08,2.9,19910000000000,50.6,100.2,77.0,9.4,59.2,1397715000.0,35.86166,104.195397
2133,1300,automotive,chin jong hwa,64.0,taiwan,taoyuan,auto parts,automotive,taiwan,True,d,m,1958-06-01 00:00:00,chin,jong hwa,2023-04-04 05:01:00,1958.0,6.0,1.0,117.24,2.9,21427700000000,65.6,101.8,78.5,9.6,41.2,328239523.0,37.09024,10.451526
2133,1300,telecom,r. marcelo claure,52.0,united states,miami beach,cell phone distribution,telecom,united states,True,n,m,1970-12-09 00:00:00,claure,r. marcelo,2023-04-04 05:01:00,1970.0,12.0,9.0,117.24,7.5,21427700000000,88.2,101.8,78.5,9.6,36.6,328239523.0,37.09024,-95.712891
2133,1300,finance & investments,alberto cortina,77.0,spain,madrid,investments,finance & investments,spain,True,e,m,1946-01-20 00:00:00,cortina,alberto,2023-04-04 05:01:00,1946.0,1.0,20.0,110.96,0.7,1394116310769,88.9,102.7,83.3,14.2,47.0,47076781.0,40.463667,-3.74922
2133,1300,real estate,eduardo costantini,76.0,argentina,buenos aires,real estate,real estate,argentina,True,d,m,1946-09-17 00:00:00,costantini,eduardo,2023-04-04 05:01:00,1946.0,9.0,17.0,232.75,53.5,449663446954,90.0,109.7,76.5,10.1,106.3,44938712.0,-38.416097,-63.616672
2133,1300,food & beverage,wenjun dai,54.0,china,changsha,food,food & beverage,china,True,d,m,1968-08-12 00:00:00,dai,wenjun,2023-04-04 05:01:00,1968.0,8.0,12.0,125.08,2.9,19910000000000,50.6,100.2,77.0,9.4,59.2,1397715000.0,35.86166,104.195397
2133,1300,technology,anand deshpande,60.0,india,pune,technology,technology,india,True,e,m,1962-05-01 00:00:00,deshpande,anand,2023-04-04 05:01:00,1962.0,5.0,1.0,180.44,7.7,2611000000000,28.1,113.0,69.4,11.2,49.7,1366417754.0,20.593684,78.96288
2133,1300,media & entertainment,aydin dogan,86.0,turkey,istanbul,media,media & entertainment,turkey,True,u,m,1936-04-15 00:00:00,dogan,aydin,2023-04-04 05:01:00,1936.0,4.0,15.0,234.44,15.2,754411708203,23.9,93.2,77.4,17.9,42.3,83429615.0,38.963745,35.243322
2133,1300,finance & investments,annalisa doris,52.0,italy,segrate,financial services,finance & investments,italy,False,n,f,1970-05-07 00:00:00,doris,annalisa,2023-04-04 05:01:00,1970.0,5.0,7.0,110.62,0.6,2001244392042,61.9,101.9,82.9,24.3,59.1,60297396.0,41.87194,12.56738
2133,1300,finance & investments,massimo doris,55.0,italy,milan,financial services,finance & investments,italy,False,n,m,1967-06-09 00:00:00,doris,massimo,2023-04-04 05:01:00,1967.0,6.0,9.0,110.62,0.6,2001244392042,61.9,101.9,82.9,24.3,59.1,60297396.0,41.87194,12.56738
2133,1300,healthcare,weimin du,59.0,china,shenzhen,vaccines,healthcare,china,True,d,m,1963-12-01 00:00:00,du,weimin,2023-04-04 05:01:00,1963.0,12.0,1.0,125.08,2.9,19910000000000,50.6,100.2,77.0,9.4,59.2,1397715000.0,35.86166,104.195397
2133,1300,energy,timothy dunn & family,67.0,united states,midland,energy,energy,united states,True,n,m,1955-12-18 00:00:00,dunn,timothy,2023-04-04 05:01:00,1955.0,12.0,18.0,117.24,7.5,21427700000000,88.2,101.8,78.5,9.6,36.6,328239523.0,37.09024,-95.712891
2133,1300,media & entertainment,keiko erikawa,74.0,japan,yokohama city,video games,media & entertainment,japan,True,split family fortune,f,1949-01-03 00:00:00,erikawa,keiko,2023-04-04 05:01:00,1949.0,1.0,3.0,105.48,0.5,5081769542380,63.2,98.8,84.2,11.9,46.7,126226568.0,36.204824,138.252924
2133,1300,media & entertainment,yoichi erikawa,72.0,japan,yokohama city,video games,media & entertainment,japan,True,split family fortune,m,1950-10-26 00:00:00,erikawa,yoichi,2023-04-04 05:01:00,1950.0,10.0,26.0,105.48,0.5,5081769542380,63.2,98.8,84.2,11.9,46.7,126226568.0,36.204824,138.252924
2133,1300,finance & investments,philip fayer,45.0,canada,montreal,online payments,finance & investments,canada,True,d,m,1978-01-12 00:00:00,fayer,philip,2023-04-04 05:01:00,1978.0,1.0,12.0,116.76,1.9,1736425629520,68.9,100.9,81.9,12.8,24.5,36991981.0,56.130366,-106.346771
2133,1300,real estate,marvy finger,87.0,united states,houston,real estate,real estate,united states,True,e,m,1935-12-08 00:00:00,finger,marvy,2023-04-04 05:01:00,1935.0,12.0,8.0,117.24,7.5,21427700000000,88.2,101.8,78.5,9.6,36.6,328239523.0,37.09024,-95.712891
2133,1300,construction & engineering,simona giorgetta,45.0,italy,milan,chemical products,construction & engineering,italy,False,e,f,1977-04-24 00:00:00,giorgetta,simona,2023-04-04 05:01:00,1977.0,4.0,24.0,110.62,0.6,2001244392042,61.9,101.9,82.9,24.3,59.1,60297396.0,41.87194,12.56738
2133,1300,finance & investments,joel greenberg,65.0,united states,gladwyne,"trading, investments",finance & investments,united states,True,n,m,1957-08-19 00:00:00,greenberg,joel,2023-04-04 05:01:00,1957.0,8.0,19.0,117.24,7.5,21427700000000,88.2,101.8,78.5,9.6,36.6,328239523.0,37.09024,-95.712891
2133,1300,finance & investments,he zhiping,59.0,china,shenzhen,investments,finance & investments,china,True,d,m,1964-01-01 00:00:00,he,zhiping,2023-04-04 05:01:00,1964.0,1.0,1.0,125.08,2.9,19910000000000,50.6,100.2,77.0,9.4,59.2,1397715000.0,35.86166,104.195397
2133,1300,manufacturing,heikki herlin,36.0,finland,helsinki,"elevators, escalators",manufacturing,finland,False,u,m,1987-01-01 00:00:00,herlin,heikki,2023-04-04 05:01:00,1987.0,1.0,1.0,112.33,1.0,268761201365,88.2,100.2,81.7,20.8,36.6,5520314.0,61.92411,25.748151
2133,1300,real estate,hoi kin hong,70.0,china,shanghai,real estate,real estate,macau,True,d,m,1952-09-01 00:00:00,hoi,kin hong,2023-04-04 05:01:00,1952.0,9.0,1.0,125.08,2.9,19910000000000,50.6,100.2,77.0,9.4,59.2,1397715000.0,35.86166,104.195397
2133,1300,finance & investments,gregg hymowitz,57.0,united states,new york,asset management,finance & investments,united states,True,n,m,1965-11-16 00:00:00,hymowitz,gregg,2023-04-04 05:01:00,1965.0,11.0,16.0,117.24,7.5,21427700000000,88.2,101.8,78.5,9.6,36.6,328239523.0,37.09024,-95.712891
2133,1300,service,mitchell jacobson,72.0,united states,locust valley,industrial equipment,service,united states,False,e,m,1951-03-06 00:00:00,jacobson,mitchell,2023-04-04 05:01:00,1951.0,3.0,6.0,117.24,7.5,21427700000000,88.2,101.8,78.5,9.6,36.6,328239523.0,37.09024,-95.712891
2133,1300,manufacturing,anurang jain,61.0,india,aurangabad,auto parts,manufacturing,india,True,d,m,1962-03-21 00:00:00,jain,anurang,2023-04-04 05:01:00,1962.0,3.0,21.0,180.44,7.7,2611000000000,28.1,113.0,69.4,11.2,49.7,1366417754.0,20.593684,78.96288
2133,1300,manufacturing,jiang guiting & family,64.0,china,dezhou,manufacturing,manufacturing,china,True,e,m,1958-07-01 00:00:00,jiang,guiting,2023-04-04 05:01:00,1958.0,7.0,1.0,125.08,2.9,19910000000000,50.6,100.2,77.0,9.4,59.2,1397715000.0,35.86166,104.195397
2133,1300,manufacturing,jin xin,56.0,china,fuxin,manufacturing,manufacturing,china,True,d,m,1967-01-08 00:00:00,jin,xin,2023-04-04 05:01:00,1967.0,1.0,8.0,125.08,2.9,19910000000000,50.6,100.2,77.0,9.4,59.2,1397715000.0,35.86166,104.195397
2133,1300,finance & investments,conni jonsson,62.0,sweden,stockholm,asset management,finance & investments,sweden,True,d,m,1960-07-15 00:00:00,jonsson,conni,2023-04-04 05:01:00,1960.0,7.0,15.0,110.51,1.8,530832908738,67.0,126.6,82.5,27.9,49.1,10285453.0,60.128161,18.643501
2133,1300,finance & investments,george joseph,101.0,united states,los angeles,insurance,finance & investments,united states,True,d,m,1921-09-11 00:00:00,joseph,george,2023-04-04 05:01:00,1921.0,9.0,11.0,117.24,7.5,21427700000000,88.2,101.8,78.5,9.6,36.6,328239523.0,37.09024,-95.712891
2133,1300,technology,laurent junique,57.0,singapore,singapore,call centers,technology,france,True,u,m,1965-12-01 00:00:00,junique,laurent,2023-04-04 05:01:00,1965.0,12.0,1.0,114.41,0.6,372062527489,84.8,100.6,83.1,13.1,21.0,5703569.0,1.352083,103.819836
2133,1300,diversified,zbigniew juroszek & family,60.0,poland,cieszyn,"real estate, gambling",diversified,poland,True,u,m,1962-07-07 00:00:00,juroszek,zbigniew,2023-04-04 05:01:00,1962.0,7.0,7.0,114.11,2.2,592164400688,67.8,100.0,77.6,17.4,40.8,37970874.0,51.919438,19.145136
2133,1300,technology,alexander karp,55.0,united states,palo alto,software firm,technology,united states,True,u,m,1967-10-01 00:00:00,karp,alexander,2023-04-04 05:01:00,1967.0,10.0,1.0,117.24,7.5,21427700000000,88.2,101.8,78.5,9.6,36.6,328239523.0,37.09024,-95.712891
2133,1300,healthcare,joe kiani,58.0,united states,irvine,medical devices,healthcare,united states,True,n,m,1964-09-16 00:00:00,kiani,joe,2023-04-04 05:01:00,1964.0,9.0,16.0,117.24,7.5,21427700000000,88.2,101.8,78.5,9.6,36.6,328239523.0,37.09024,-95.712891
2133,1300,finance & investments,seth klarman,65.0,united states,chestnut hill,investments,finance & investments,united states,True,d,m,1957-05-01 00:00:00,klarman,seth,2023-04-04 05:01:00,1957.0,5.0,1.0,117.24,7.5,21427700000000,88.2,101.8,78.5,9.6,36.6,328239523.0,37.09024,-95.712891
2133,1300,technology,kagemasa kozuki,82.0,japan,tokyo,video games,technology,japan,True,d,m,1940-11-12 00:00:00,kozuki,kagemasa,2023-04-04 05:01:00,1940.0,11.0,12.0,105.48,0.5,5081769542380,63.2,98.8,84.2,11.9,46.7,126226568.0,36.204824,138.252924
2133,1300,technology,michael krasny,69.0,united states,highland park,retail,technology,united states,True,e,m,1953-08-08 00:00:00,krasny,michael,2023-04-04 05:01:00,1953.0,8.0,8.0,117.24,7.5,21427700000000,88.2,101.8,78.5,9.6,36.6,328239523.0,37.09024,-95.712891
2133,1300,technology,eduard kucera,70.0,czech republic,prague,software,technology,czech republic,True,d,m,1953-01-11 00:00:00,kucera,eduard,2023-04-04 05:01:00,1953.0,1.0,11.0,116.48,2.8,246489245495,64.1,100.7,79.0,14.9,46.1,10669709.0,49.817492,15.472962
2133,1300,finance & investments,kristo käärmann,42.0,united kingdom,london,"payments, banking",finance & investments,estonia,True,u,m,1980-09-01 00:00:00,käärmann,kristo,2023-04-04 05:01:00,1980.0,9.0,1.0,119.62,1.7,2827113184696,60.0,101.2,81.3,25.5,30.6,66834405.0,55.378051,-3.435973
2133,1300,fashion & retail,gary lauder,60.0,united states,atherton,estée lauder,fashion & retail,united states,False,d,m,1962-05-05 00:00:00,lauder,gary,2023-04-04 05:01:00,1962.0,5.0,5.0,117.24,7.5,21427700000000,88.2,101.8,78.5,9.6,36.6,328239523.0,37.09024,-95.712891
2133,1300,technology,lee hae-jin,55.0,south korea,seoul,internet,technology,south korea,True,d,m,1967-06-22 00:00:00,lee,hae-jin,2023-04-04 05:01:00,1967.0,6.0,22.0,115.16,0.4,2029000000000,94.3,98.1,82.6,15.6,33.2,51709098.0,35.907757,127.766922
2133,1300,diversified,art levinson,73.0,united states,hillsborough,"genentech, apple",diversified,united states,True,d,m,1950-03-31 00:00:00,levinson,art,2023-04-04 05:01:00,1950.0,3.0,31.0,117.24,7.5,21427700000000,88.2,101.8,78.5,9.6,36.6,328239523.0,37.09024,-95.712891
2133,1300,food & beverage,li denghai,73.0,china,laizhou,seed production,food & beverage,china,True,d,m,1949-09-01 00:00:00,li,denghai,2023-04-04 05:01:00,1949.0,9.0,1.0,125.08,2.9,19910000000000,50.6,100.2,77.0,9.4,59.2,1397715000.0,35.86166,104.195397
2133,1300,diversified,fengluan li,61.0,china,ruzhou,"steel, diversified",diversified,china,True,e,f,1962-01-01 00:00:00,li,fengluan,2023-04-04 05:01:00,1962.0,1.0,1.0,125.08,2.9,19910000000000,50.6,100.2,77.0,9.4,59.2,1397715000.0,35.86166,104.195397
2133,1300,manufacturing,li yongqing,58.0,china,hangzhou,petro firbe,manufacturing,china,True,d,m,1964-06-30 00:00:00,li,yongqing,2023-04-04 05:01:00,1964.0,6.0,30.0,125.08,2.9,19910000000000,50.6,100.2,77.0,9.4,59.2,1397715000.0,35.86166,104.195397
2133,1300,manufacturing,li zhigang,46.0,china,wuhan,machinery,manufacturing,china,True,d,m,1976-06-01 00:00:00,li,zhigang,2023-04-04 05:01:00,1976.0,6.0,1.0,125.08,2.9,19910000000000,50.6,100.2,77.0,9.4,59.2,1397715000.0,35.86166,104.195397
2133,1300,healthcare,liu gexin & family,71.0,china,chengdu,pharmaceuticals,healthcare,china,True,r,m,1951-05-12 00:00:00,liu,gexin,2023-04-04 05:01:00,1951.0,5.0,12.0,125.08,2.9,19910000000000,50.6,100.2,77.0,9.4,59.2,1397715000.0,35.86166,104.195397
2133,1300,food & beverage,itamar locks & family,68.0,brazil,rondonopolis,agribusiness,food & beverage,brazil,False,split family fortune,m,1955-01-01 00:00:00,locks,itamar,2023-04-04 05:01:00,1955.0,1.0,1.0,167.4,3.7,1839758040766,51.3,115.4,75.7,14.2,65.1,212559417.0,-14.235004,-51.92528
2133,1300,media & entertainment,lu hongyan,45.0,china,xiamen,online games,media & entertainment,china,True,u,m,1977-05-31 00:00:00,lu,hongyan,2023-04-04 05:01:00,1977.0,5.0,31.0,125.08,2.9,19910000000000,50.6,100.2,77.0,9.4,59.2,1397715000.0,35.86166,104.195397
2133,1300,healthcare,lv jianming,58.0,china,hangzhou,medical equipment,healthcare,hong kong,True,d,m,1965-01-01 00:00:00,lv,jianming,2023-04-04 05:01:00,1965.0,1.0,1.0,125.08,2.9,19910000000000,50.6,100.2,77.0,9.4,59.2,1397715000.0,35.86166,104.195397
2133,1300,food & beverage,blairo maggi,66.0,brazil,cuiaba,agribusiness,food & beverage,brazil,False,split family fortune,m,1956-05-29 00:00:00,maggi,blairo,2023-04-04 05:01:00,1956.0,5.0,29.0,167.4,3.7,1839758040766,51.3,115.4,75.7,14.2,65.1,212559417.0,-14.235004,-51.92528
2133,1300,diversified,yasseen mansour,61.0,egypt,cairo,diversified,diversified,egypt,True,u,m,1961-08-08 00:00:00,mansour,yasseen,2023-04-04 05:01:00,1961.0,8.0,8.0,288.57,9.2,303175127598,35.2,106.3,71.8,12.5,44.4,100388073.0,26.820553,30.802498
2133,1300,real estate,george marcus,81.0,united states,los altos hills,real estate,real estate,united states,True,d,m,1941-08-15 00:00:00,marcus,george,2023-04-04 05:01:00,1941.0,8.0,15.0,117.24,7.5,21427700000000,88.2,101.8,78.5,9.6,36.6,328239523.0,37.09024,-95.712891
2133,1300,healthcare,yves-loic martin,57.0,france,nantes,laboratory services,healthcare,france,True,d,m,1966-01-01 00:00:00,martin,yves-loic,2023-04-04 05:01:00,1966.0,1.0,1.0,110.05,1.1,2715518274227,65.6,102.5,82.5,24.2,60.7,67059887.0,46.227638,2.213749
2133,1300,finance & investments,carsten maschmeyer,63.0,germany,munich,finance services,finance & investments,germany,True,u,m,1959-05-08 00:00:00,maschmeyer,carsten,2023-04-04 05:01:00,1959.0,5.0,8.0,112.85,1.4,3845630030824,70.2,104.0,80.9,11.5,48.8,83132799.0,51.165691,10.451526
2133,1300,logistics,martin moller nielsen,58.0,switzerland,lugano,aircraft leasing,logistics,denmark,True,e,m,1964-08-01 00:00:00,moller nielsen,martin,2023-04-04 05:01:00,1964.0,8.0,1.0,99.55,0.4,703082435360,59.6,105.2,83.6,10.1,28.8,8574832.0,46.818188,8.227512
2133,1300,finance & investments,jahm najafi,60.0,united states,paradise valley,investments,finance & investments,united states,True,n,m,1963-03-19 00:00:00,najafi,jahm,2023-04-04 05:01:00,1963.0,3.0,19.0,117.24,7.5,21427700000000,88.2,101.8,78.5,9.6,36.6,328239523.0,37.09024,-95.712891
2133,1300,finance & investments,randal nardone,67.0,united states,new york,"investments, energy",finance & investments,united states,True,e,m,1955-06-22 00:00:00,nardone,randal,2023-04-04 05:01:00,1955.0,6.0,22.0,117.24,7.5,21427700000000,88.2,101.8,78.5,9.6,36.6,328239523.0,37.09024,-95.712891
2133,1300,food & beverage,nguyen dang quang,59.0,vietnam,ho chi minh city,"consumer products, banking",food & beverage,vietnam,True,d,m,1963-08-23 00:00:00,nguyen,dang quang,2023-04-04 05:01:00,1963.0,8.0,23.0,163.52,2.8,261921244843,28.5,110.6,75.3,19.1,37.6,96462106.0,14.058324,108.277199
2133,1300,gambling & casinos,kazuo okada,80.0,japan,tokyo,casinos,gambling & casinos,japan,True,d,m,1942-10-03 00:00:00,okada,kazuo,2023-04-04 05:01:00,1942.0,10.0,3.0,105.48,0.5,5081769542380,63.2,98.8,84.2,11.9,46.7,126226568.0,36.204824,138.252924
2133,1300,manufacturing,george pedersen & family,87.0,united states,mclean,defense contractor,manufacturing,united states,True,u,m,1935-08-18 00:00:00,pedersen,george,2023-04-04 05:01:00,1935.0,8.0,18.0,117.24,7.5,21427700000000,88.2,101.8,78.5,9.6,36.6,328239523.0,37.09024,-95.712891
2133,1300,fashion & retail,qu miranda,38.0,china,shanghai,e-commerce,fashion & retail,china,True,d,f,1985-01-01 00:00:00,qu,miranda,2023-04-04 05:01:00,1985.0,1.0,1.0,125.08,2.9,19910000000000,50.6,100.2,77.0,9.4,59.2,1397715000.0,35.86166,104.195397
2133,1300,real estate,jupally rameshwar rao,67.0,india,hyderabad,real estate,real estate,india,True,u,m,1955-09-16 00:00:00,rameshwar rao,jupally,2023-04-04 05:01:00,1955.0,9.0,16.0,180.44,7.7,2611000000000,28.1,113.0,69.4,11.2,49.7,1366417754.0,20.593684,78.96288
2133,1300,logistics,g. m. rao,72.0,india,bangalore,infrastructure,logistics,india,True,d,m,1950-07-01 00:00:00,rao,g. m.,2023-04-04 05:01:00,1950.0,7.0,1.0,180.44,7.7,2611000000000,28.1,113.0,69.4,11.2,49.7,1366417754.0,20.593684,78.96288
2133,1300,healthcare,p.v. ramprasad reddy,65.0,india,hyderabad,pharmaceuticals,healthcare,india,True,d,m,1958-03-30 00:00:00,reddy,p.v. ramprasad,2023-04-04 05:01:00,1958.0,3.0,30.0,180.44,7.7,2611000000000,28.1,113.0,69.4,11.2,49.7,1366417754.0,20.593684,78.96288
2133,1300,healthcare,satish reddy,55.0,india,hyderabad,pharmaceuticals,healthcare,india,False,e,m,1967-06-09 00:00:00,reddy,satish,2023-04-04 05:01:00,1967.0,6.0,9.0,180.44,7.7,2611000000000,28.1,113.0,69.4,11.2,49.7,1366417754.0,20.593684,78.96288
2133,1300,fashion & retail,fernando roig,75.0,spain,valencia,supermarkets,fashion & retail,spain,False,d,m,1947-06-25 00:00:00,roig,fernando,2023-04-04 05:01:00,1947.0,6.0,25.0,110.96,0.7,1394116310769,88.9,102.7,83.3,14.2,47.0,47076781.0,40.463667,-3.74922
2133,1300,diversified,igor rotenberg,49.0,russia,moscow,"investments, real estate",diversified,russia,True,r,m,1973-05-09 00:00:00,rotenberg,igor,2023-04-04 05:01:00,1973.0,5.0,9.0,180.75,4.5,1699876578871,81.9,102.6,72.7,11.4,46.2,144373535.0,61.52401,105.318756
2133,1300,diversified,deniz sahenk,77.0,turkey,istanbul,diversified,diversified,turkey,False,e,f,1945-08-06 00:00:00,sahenk,deniz,2023-04-04 05:01:00,1945.0,8.0,6.0,234.44,15.2,754411708203,23.9,93.2,77.4,17.9,42.3,83429615.0,38.963745,35.243322
2133,1300,food & beverage,nobutada saji,77.0,japan,tokyo,beverages,food & beverage,japan,False,u,m,1945-11-25 00:00:00,saji,nobutada,2023-04-04 05:01:00,1945.0,11.0,25.0,105.48,0.5,5081769542380,63.2,98.8,84.2,11.9,46.7,126226568.0,36.204824,138.252924
2133,1300,gambling & casinos,hajime satomi,81.0,japan,tokyo,"video games, pachinko",gambling & casinos,japan,True,e,m,1942-01-16 00:00:00,satomi,hajime,2023-04-04 05:01:00,1942.0,1.0,16.0,105.48,0.5,5081769542380,63.2,98.8,84.2,11.9,46.7,126226568.0,36.204824,138.252924
2133,1300,technology,james scapa,66.0,united states,atherton,software,technology,united states,True,e,m,1957-01-23 00:00:00,scapa,james,2023-04-04 05:01:00,1957.0,1.0,23.0,117.24,7.5,21427700000000,88.2,101.8,78.5,9.6,36.6,328239523.0,37.09024,-95.712891
2133,1300,healthcare,devi shetty,70.0,india,bangalore,healthcare,healthcare,india,True,u,m,1953-01-01 00:00:00,shetty,devi,2023-04-04 05:01:00,1953.0,1.0,1.0,180.44,7.7,2611000000000,28.1,113.0,69.4,11.2,49.7,1366417754.0,20.593684,78.96288
2133,1300,diversified,albert shigaboutdinov,70.0,russia,kazan,"refinery, chemicals",diversified,russia,True,e,m,1952-11-12 00:00:00,shigaboutdinov,albert,2023-04-04 05:01:00,1952.0,11.0,12.0,180.75,4.5,1699876578871,81.9,102.6,72.7,11.4,46.2,144373535.0,61.52401,105.318756
2133,1300,food & beverage,denis shtengelov,50.0,australia,gold coast,"food, retail",food & beverage,russia,True,n,m,1972-05-14 00:00:00,shtengelov,denis,2023-04-04 05:01:00,1972.0,5.0,14.0,119.8,1.6,1392680589329,113.1,100.3,82.7,23.0,47.4,25766605.0,-25.274398,133.775136
2133,1300,manufacturing,fei song,56.0,china,yantai,machinery,manufacturing,china,True,d,m,1966-09-12 00:00:00,song,fei,2023-04-04 05:01:00,1966.0,9.0,12.0,125.08,2.9,19910000000000,50.6,100.2,77.0,9.4,59.2,1397715000.0,35.86166,104.195397
2133,1300,sports,hal steinbrenner,54.0,united states,tampa,sports,sports,united states,False,n,m,1968-12-03 00:00:00,steinbrenner,hal,2023-04-04 05:01:00,1968.0,12.0,3.0,117.24,7.5,21427700000000,88.2,101.8,78.5,9.6,36.6,328239523.0,37.09024,-95.712891
2133,1300,sports,jessica steinbrenner,59.0,united states,tampa,sports,sports,united states,False,n,f,1964-03-26 00:00:00,steinbrenner,jessica,2023-04-04 05:01:00,1964.0,3.0,26.0,117.24,7.5,21427700000000,88.2,101.8,78.5,9.6,36.6,328239523.0,37.09024,-95.712891
2133,1300,sports,jennifer steinbrenner swindal,63.0,united states,tampa,sports,sports,united states,False,n,f,1959-07-28 00:00:00,steinbrenner swindal,jennifer,2023-04-04 05:01:00,1959.0,7.0,28.0,117.24,7.5,21427700000000,88.2,101.8,78.5,9.6,36.6,328239523.0,37.09024,-95.712891
2133,1300,metals & mining,konstantin strukov & family,64.0,russia,chelyabinsk,"gold, coal mining",metals & mining,russia,True,r,m,1958-09-10 00:00:00,strukov,konstantin,2023-04-04 05:01:00,1958.0,9.0,10.0,180.75,4.5,1699876578871,81.9,102.6,72.7,11.4,46.2,144373535.0,61.52401,105.318756
2133,1300,energy,rustem sulteev,69.0,russia,kazan,"refinery, chemicals",energy,russia,True,e,m,1954-01-04 00:00:00,sulteev,rustem,2023-04-04 05:01:00,1954.0,1.0,4.0,180.75,4.5,1699876578871,81.9,102.6,72.7,11.4,46.2,144373535.0,61.52401,105.318756
2133,1300,food & beverage,clemens toennies,66.0,germany,rheda-wiedenbrück,meat processing,food & beverage,germany,True,d,m,1956-05-27 00:00:00,toennies,clemens,2023-04-04 05:01:00,1956.0,5.0,27.0,112.85,1.4,3845630030824,70.2,104.0,80.9,11.5,48.8,83132799.0,51.165691,10.451526
2133,1300,food & beverage,robert toennies,44.0,germany,rheda-wiedenbrück,meat processing,food & beverage,germany,False,d,m,1978-05-29 00:00:00,toennies,robert,2023-04-04 05:01:00,1978.0,5.0,29.0,112.85,1.4,3845630030824,70.2,104.0,80.9,11.5,48.8,83132799.0,51.165691,10.451526
2133,1300,real estate,john van lieshout,77.0,australia,brisbane,real estate,real estate,australia,True,d,m,1946-01-12 00:00:00,van lieshout,john,2023-04-04 05:01:00,1946.0,1.0,12.0,119.8,1.6,1392680589329,113.1,100.3,82.7,23.0,47.4,25766605.0,-25.274398,133.775136
2133,1300,healthcare,pongsak viddayakorn,89.0,thailand,bangkok,hospitals,healthcare,thailand,True,u,m,1934-03-23 00:00:00,viddayakorn,pongsak,2023-04-04 05:01:00,1934.0,3.0,23.0,113.27,0.7,543649976166,49.3,99.8,76.9,14.9,29.5,69625582.0,15.870032,100.992541
2133,1300,fashion & retail,wang jianguo,63.0,china,nanjing,retail,fashion & retail,china,True,d,m,1960-01-01 00:00:00,wang,jianguo,2023-04-04 05:01:00,1960.0,1.0,1.0,125.08,2.9,19910000000000,50.6,100.2,77.0,9.4,59.2,1397715000.0,35.86166,104.195397
2133,1300,service,junjin wang,54.0,china,shanghai,airline,service,china,True,d,m,1968-12-01 00:00:00,wang,junjin,2023-04-04 05:01:00,1968.0,12.0,1.0,125.08,2.9,19910000000000,50.6,100.2,77.0,9.4,59.2,1397715000.0,35.86166,104.195397
2133,1300,manufacturing,wang mingwang,55.0,china,shenzhen,electronics components,manufacturing,china,True,d,m,1967-05-02 00:00:00,wang,mingwang,2023-04-04 05:01:00,1967.0,5.0,2.0,125.08,2.9,19910000000000,50.6,100.2,77.0,9.4,59.2,1397715000.0,35.86166,104.195397
2133,1300,technology,wei lidong & family,47.0,china,shanghai,software,technology,china,True,d,m,1976-01-01 00:00:00,wei,lidong,2023-04-04 05:01:00,1976.0,1.0,1.0,125.08,2.9,19910000000000,50.6,100.2,77.0,9.4,59.2,1397715000.0,35.86166,104.195397
2133,1300,fashion & retail,myron wentz,83.0,cayman islands,grand cayman,health products,fashion & retail,st. kitts and nevis,True,d,m,1940-01-01 00:00:00,wentz,myron,2023-04-04 05:01:00,1940.0,1.0,1.0,117.24,2.9,21427700000000,65.6,101.8,78.5,9.6,41.2,328239523.0,37.09024,10.451526
2133,1300,manufacturing,wu xiaoge,50.0,china,chengdu,battery components,manufacturing,china,True,split family fortune,f,1972-11-01 00:00:00,wu,xiaoge,2023-04-04 05:01:00,1972.0,11.0,1.0,125.08,2.9,19910000000000,50.6,100.2,77.0,9.4,59.2,1397715000.0,35.86166,104.195397
2133,1300,diversified,wu xushun & family,74.0,china,wuhu,internet,diversified,china,True,d,m,1948-04-28 00:00:00,wu,xushun,2023-04-04 05:01:00,1948.0,4.0,28.0,125.08,2.9,19910000000000,50.6,100.2,77.0,9.4,59.2,1397715000.0,35.86166,104.195397
2133,1300,healthcare,xiong xiaochuan,57.0,china,shenzhen,medical devices,healthcare,china,True,n,m,1966-01-01 00:00:00,xiong,xiaochuan,2023-04-04 05:01:00,1966.0,1.0,1.0,125.08,2.9,19910000000000,50.6,100.2,77.0,9.4,59.2,1397715000.0,35.86166,104.195397
2133,1300,technology,xu shaochun,60.0,china,shenzhen,software,technology,china,True,d,m,1963-01-01 00:00:00,xu,shaochun,2023-04-04 05:01:00,1963.0,1.0,1.0,125.08,2.9,19910000000000,50.6,100.2,77.0,9.4,59.2,1397715000.0,35.86166,104.195397
2133,1300,technology,yan jane & family,53.0,china,beijing,software,technology,china,True,u,f,1969-07-19 00:00:00,yan,jane,2023-04-04 05:01:00,1969.0,7.0,19.0,125.08,2.9,19910000000000,50.6,100.2,77.0,9.4,59.2,1397715000.0,35.86166,104.195397
2133,1300,manufacturing,zeng chaoyi,54.0,china,changsha,aluminum products,manufacturing,china,True,e,m,1969-04-01 00:00:00,zeng,chaoyi,2023-04-04 05:01:00,1969.0,4.0,1.0,125.08,2.9,19910000000000,50.6,100.2,77.0,9.4,59.2,1397715000.0,35.86166,104.195397
2133,1300,service,peng zhao,52.0,china,beijing,online recruitment,service,china,True,e,m,1971-01-01 00:00:00,zhao,peng,2023-04-04 05:01:00,1971.0,1.0,1.0,125.08,2.9,19910000000000,50.6,100.2,77.0,9.4,59.2,1397715000.0,35.86166,104.195397
2133,1300,service,zhao tongtong,56.0,hong kong,hong kong,hotels,service,canada,True,r,f,1967-01-01 00:00:00,zhao,tongtong,2023-04-04 05:01:00,1967.0,1.0,1.0,117.24,2.9,21427700000000,65.6,101.8,78.5,9.6,41.2,328239523.0,37.09024,10.451526
2133,1300,metals & mining,kostyantin zhevago,49.0,ukraine,kiev,mining,metals & mining,ukraine,True,e,m,1974-01-07 00:00:00,zhevago,kostyantin,2023-04-04 05:01:00,1974.0,1.0,7.0,281.66,7.9,153781069118,82.7,99.0,71.6,20.1,45.2,44385155.0,48.379433,31.16558
2259,1200,finance & investments,sanjay agarwal,52.0,india,jaipur,banking,finance & investments,india,True,e,m,1970-09-08 00:00:00,agarwal,sanjay,2023-04-04 05:01:00,1970.0,9.0,8.0,180.44,7.7,2611000000000,28.1,113.0,69.4,11.2,49.7,1366417754.0,20.593684,78.96288
2259,1200,finance & investments,hamad bin jassim bin jaber al thani,63.0,qatar,doha,investments,finance & investments,qatar,False,e,m,1959-10-01 00:00:00,al thani,hamad bin jassim bin jaber,2023-04-04 05:01:00,1959.0,10.0,1.0,115.38,-0.7,183466208791,17.9,103.8,80.1,14.7,11.3,2832067.0,25.354826,51.183884
2259,1200,diversified,joao alves de queiroz filho,70.0,brazil,são paulo,pharmaceuticals,diversified,brazil,True,u,m,1953-01-01 00:00:00,alves de queiroz filho,joao,2023-04-04 05:01:00,1953.0,1.0,1.0,167.4,3.7,1839758040766,51.3,115.4,75.7,14.2,65.1,212559417.0,-14.235004,-51.92528
2259,1200,metals & mining,jose maria aristrain,60.0,switzerland,gstaad,steel,metals & mining,spain,False,e,m,1962-11-02 00:00:00,aristrain,jose maria,2023-04-04 05:01:00,1962.0,11.0,2.0,99.55,0.4,703082435360,59.6,105.2,83.6,10.1,28.8,8574832.0,46.818188,8.227512
2259,1200,finance & investments,michael arougheti,50.0,united states,nyack,finance,finance & investments,united states,True,n,m,1972-10-10 00:00:00,arougheti,michael,2023-04-04 05:01:00,1972.0,10.0,10.0,117.24,7.5,21427700000000,88.2,101.8,78.5,9.6,36.6,328239523.0,37.09024,-95.712891
2259,1200,technology,tope awotona,41.0,united states,atlanta,software,technology,united states,True,d,m,1981-04-22 00:00:00,awotona,tope,2023-04-04 05:01:00,1981.0,4.0,22.0,117.24,7.5,21427700000000,88.2,101.8,78.5,9.6,36.6,328239523.0,37.09024,-95.712891
2259,1200,healthcare,mehmet aydinlar,66.0,turkey,istanbul,hospitals,healthcare,turkey,True,d,m,1956-07-27 00:00:00,aydinlar,mehmet,2023-04-04 05:01:00,1956.0,7.0,27.0,234.44,15.2,754411708203,23.9,93.2,77.4,17.9,42.3,83429615.0,38.963745,35.243322
2259,1200,real estate,danna azrieli,55.0,israel,herzliya,real estate,real estate,israel,False,d,f,1967-06-03 00:00:00,azrieli,danna,2023-04-04 05:01:00,1967.0,6.0,3.0,108.15,0.8,395098666122,63.4,104.9,82.8,23.1,25.3,9053300.0,31.046051,34.851612
2259,1200,real estate,naomi azrieli,57.0,canada,toronto,real estate,real estate,canada,False,d,f,1965-09-26 00:00:00,azrieli,naomi,2023-04-04 05:01:00,1965.0,9.0,26.0,116.76,1.9,1736425629520,68.9,100.9,81.9,12.8,24.5,36991981.0,56.130366,-106.346771
2259,1200,real estate,sharon azrieli,62.0,canada,montreal,real estate,real estate,canada,False,d,f,1960-08-04 00:00:00,azrieli,sharon,2023-04-04 05:01:00,1960.0,8.0,4.0,116.76,1.9,1736425629520,68.9,100.9,81.9,12.8,24.5,36991981.0,56.130366,-106.346771
2259,1200,energy,bai houshan,59.0,china,ningbo,lithium battery,energy,china,True,d,m,1964-01-01 00:00:00,bai,houshan,2023-04-04 05:01:00,1964.0,1.0,1.0,125.08,2.9,19910000000000,50.6,100.2,77.0,9.4,59.2,1397715000.0,35.86166,104.195397
2259,1200,finance & investments,thomas bailey,86.0,united states,aspen,money management,finance & investments,united states,True,e,m,1937-01-01 00:00:00,bailey,thomas,2023-04-04 05:01:00,1937.0,1.0,1.0,117.24,7.5,21427700000000,88.2,101.8,78.5,9.6,36.6,328239523.0,37.09024,-95.712891
2259,1200,healthcare,bernhard braun-luedicke,46.0,germany,melsungen,medical technology,healthcare,germany,False,d,m,1977-01-01 00:00:00,braun-luedicke,bernhard,2023-04-04 05:01:00,1977.0,1.0,1.0,112.85,1.4,3845630030824,70.2,104.0,80.9,11.5,48.8,83132799.0,51.165691,10.451526
2259,1200,healthcare,eva maria braun-luedicke,36.0,germany,melsungen,medical technology,healthcare,germany,False,d,f,1987-01-01 00:00:00,braun-luedicke,eva maria,2023-04-04 05:01:00,1987.0,1.0,1.0,112.85,1.4,3845630030824,70.2,104.0,80.9,11.5,48.8,83132799.0,51.165691,10.451526
2259,1200,healthcare,friederike braun-luedicke,39.0,germany,melsungen,medical technology,healthcare,germany,False,e,f,1984-01-01 00:00:00,braun-luedicke,friederike,2023-04-04 05:01:00,1984.0,1.0,1.0,112.85,1.4,3845630030824,70.2,104.0,80.9,11.5,48.8,83132799.0,51.165691,10.451526
2259,1200,real estate,jeffrey cheah,78.0,malaysia,kuala lumpur,"property, healthcare",real estate,malaysia,True,d,m,1945-03-30 00:00:00,cheah,jeffrey,2023-04-04 05:01:00,1945.0,3.0,30.0,121.46,0.7,364701517788,45.1,105.3,76.0,12.0,38.7,32447385.0,4.210484,101.975766
2259,1200,food & beverage,chen xianbao & family,63.0,china,hefei,food,food & beverage,china,True,d,m,1959-05-19 00:00:00,chen,xianbao,2023-04-04 05:01:00,1959.0,5.0,19.0,125.08,2.9,19910000000000,50.6,100.2,77.0,9.4,59.2,1397715000.0,35.86166,104.195397
2259,1200,healthcare,cheng xianfeng,54.0,china,hefei,pharmaceuticals,healthcare,china,True,d,m,1968-12-01 00:00:00,cheng,xianfeng,2023-04-04 05:01:00,1968.0,12.0,1.0,125.08,2.9,19910000000000,50.6,100.2,77.0,9.4,59.2,1397715000.0,35.86166,104.195397
2259,1200,fashion & retail,chung yong-jin,54.0,south korea,seoul,retail,fashion & retail,south korea,False,d,m,1968-09-19 00:00:00,chung,yong-jin,2023-04-04 05:01:00,1968.0,9.0,19.0,115.16,0.4,2029000000000,94.3,98.1,82.6,15.6,33.2,51709098.0,35.907757,127.766922
2259,1200,service,darwin deason,82.0,united states,dallas,software,service,united states,True,d,m,1940-05-14 00:00:00,deason,darwin,2023-04-04 05:01:00,1940.0,5.0,14.0,117.24,7.5,21427700000000,88.2,101.8,78.5,9.6,36.6,328239523.0,37.09024,-95.712891
2259,1200,fashion & retail,diego della valle,69.0,italy,sant'' elpidio a mare,shoes,fashion & retail,italy,False,d,m,1953-12-30 00:00:00,della valle,diego,2023-04-04 05:01:00,1953.0,12.0,30.0,110.62,0.6,2001244392042,61.9,101.9,82.9,24.3,59.1,60297396.0,41.87194,12.56738
2259,1200,manufacturing,ashwin desai,71.0,india,surat,specialty chemicals,manufacturing,india,True,n,m,1951-09-18 00:00:00,desai,ashwin,2023-04-04 05:01:00,1951.0,9.0,18.0,180.44,7.7,2611000000000,28.1,113.0,69.4,11.2,49.7,1366417754.0,20.593684,78.96288
2259,1200,media & entertainment,richard desmond,71.0,united kingdom,london,publishing,media & entertainment,united kingdom,True,d,m,1951-12-08 00:00:00,desmond,richard,2023-04-04 05:01:00,1951.0,12.0,8.0,119.62,1.7,2827113184696,60.0,101.2,81.3,25.5,30.6,66834405.0,55.378051,-3.435973
2259,1200,fashion & retail,ding shui po,52.0,china,quanzhou,"sneakers, sportswear",fashion & retail,china,False,d,m,1970-11-01 00:00:00,ding,shui po,2023-04-04 05:01:00,1970.0,11.0,1.0,125.08,2.9,19910000000000,50.6,100.2,77.0,9.4,59.2,1397715000.0,35.86166,104.195397
2259,1200,fashion & retail,sefik yilmaz dizdar,85.0,turkey,istanbul,fashion retail,fashion & retail,turkey,True,u,m,1938-03-16 00:00:00,dizdar,sefik yilmaz,2023-04-04 05:01:00,1938.0,3.0,16.0,234.44,15.2,754411708203,23.9,93.2,77.4,17.9,42.3,83429615.0,38.963745,35.243322
2259,1200,media & entertainment,mathias doepfner,60.0,germany,potsdam,media,media & entertainment,germany,False,d,m,1963-01-15 00:00:00,doepfner,mathias,2023-04-04 05:01:00,1963.0,1.0,15.0,112.85,1.4,3845630030824,70.2,104.0,80.9,11.5,48.8,83132799.0,51.165691,10.451526
2259,1200,manufacturing,farhad ebrahimi,84.0,united states,denver,solar panels,manufacturing,united states,True,n,m,1939-01-01 00:00:00,ebrahimi,farhad,2023-04-04 05:01:00,1939.0,1.0,1.0,117.24,7.5,21427700000000,88.2,101.8,78.5,9.6,36.6,328239523.0,37.09024,-95.712891
2259,1200,diversified,jose roberto ermirio de moraes,65.0,brazil,sao paulo,diversified,diversified,brazil,False,d,m,1957-11-30 00:00:00,ermirio de moraes,jose roberto,2023-04-04 05:01:00,1957.0,11.0,30.0,167.4,3.7,1839758040766,51.3,115.4,75.7,14.2,65.1,212559417.0,-14.235004,-51.92528
2259,1200,diversified,jose ermirio de moraes neto,70.0,brazil,sao paulo,diversified,diversified,brazil,False,d,m,1952-06-17 00:00:00,ermirio de moraes neto,jose,2023-04-04 05:01:00,1952.0,6.0,17.0,167.4,3.7,1839758040766,51.3,115.4,75.7,14.2,65.1,212559417.0,-14.235004,-51.92528
2259,1200,manufacturing,fang hongbo,56.0,china,shunde,home appliances,manufacturing,china,True,d,m,1967-01-01 00:00:00,fang,hongbo,2023-04-04 05:01:00,1967.0,1.0,1.0,125.08,2.9,19910000000000,50.6,100.2,77.0,9.4,59.2,1397715000.0,35.86166,104.195397
2259,1200,manufacturing,david feffer,66.0,brazil,são paulo,pulp and paper,manufacturing,brazil,False,d,m,1956-11-13 00:00:00,feffer,david,2023-04-04 05:01:00,1956.0,11.0,13.0,167.4,3.7,1839758040766,51.3,115.4,75.7,14.2,65.1,212559417.0,-14.235004,-51.92528
2259,1200,fashion & retail,ben francis,30.0,united kingdom,birmingham,fitness clothing,fashion & retail,united kingdom,True,n,m,1992-06-04 00:00:00,francis,ben,2023-04-04 05:01:00,1992.0,6.0,4.0,119.62,1.7,2827113184696,60.0,101.2,81.3,25.5,30.6,66834405.0,55.378051,-3.435973
2259,1200,fashion & retail,gary friedman,65.0,united states,belvedere,furniture retail,fashion & retail,united states,True,d,m,1957-08-06 00:00:00,friedman,gary,2023-04-04 05:01:00,1957.0,8.0,6.0,117.24,7.5,21427700000000,88.2,101.8,78.5,9.6,36.6,328239523.0,37.09024,-95.712891
2259,1200,metals & mining,dan gertler,49.0,israel,bnei brak,mining,metals & mining,israel,False,e,m,1973-12-23 00:00:00,gertler,dan,2023-04-04 05:01:00,1973.0,12.0,23.0,108.15,0.8,395098666122,63.4,104.9,82.8,23.1,25.3,9053300.0,31.046051,34.851612
2259,1200,manufacturing,balkrishan goenka,56.0,india,mumbai,textiles,manufacturing,india,True,d,m,1966-08-15 00:00:00,goenka,balkrishan,2023-04-04 05:01:00,1966.0,8.0,15.0,180.44,7.7,2611000000000,28.1,113.0,69.4,11.2,49.7,1366417754.0,20.593684,78.96288
2259,1200,finance & investments,lawrence golub,63.0,united states,new york,private equity,finance & investments,united states,True,e,m,1959-10-03 00:00:00,golub,lawrence,2023-04-04 05:01:00,1959.0,10.0,3.0,117.24,7.5,21427700000000,88.2,101.8,78.5,9.6,36.6,328239523.0,37.09024,-95.712891
2259,1200,manufacturing,saroj rani gupta,72.0,india,delhi,steel tubes,manufacturing,india,True,n,f,1950-07-05 00:00:00,gupta,saroj rani,2023-04-04 05:01:00,1950.0,7.0,5.0,180.44,7.7,2611000000000,28.1,113.0,69.4,11.2,49.7,1366417754.0,20.593684,78.96288
2259,1200,technology,anthony hall,67.0,australia,melbourne,technology,technology,australia,True,n,m,1955-06-27 00:00:00,hall,anthony,2023-04-04 05:01:00,1955.0,6.0,27.0,119.8,1.6,1392680589329,113.1,100.3,82.7,23.0,47.4,25766605.0,-25.274398,133.775136
2259,1200,construction & engineering,fahed hariri,42.0,united kingdom,london,"construction, investments",construction & engineering,lebanon,False,e,m,1980-12-29 00:00:00,hariri,fahed,2023-04-04 05:01:00,1980.0,12.0,29.0,119.62,1.7,2827113184696,60.0,101.2,81.3,25.5,30.6,66834405.0,55.378051,-3.435973
2259,1200,fashion & retail,richard hayne,75.0,united states,philadelphia,urban outfitters,fashion & retail,united states,True,e,m,1947-09-01 00:00:00,hayne,richard,2023-04-04 05:01:00,1947.0,9.0,1.0,117.24,7.5,21427700000000,88.2,101.8,78.5,9.6,36.6,328239523.0,37.09024,-95.712891
2259,1200,finance & investments,michael heine,73.0,australia,melbourne,financial services,finance & investments,australia,True,e,m,1949-11-01 00:00:00,heine,michael,2023-04-04 05:01:00,1949.0,11.0,1.0,119.8,1.6,1392680589329,113.1,100.3,82.7,23.0,47.4,25766605.0,-25.274398,133.775136
2259,1200,technology,orion hindawi,43.0,united states,seattle,software,technology,united states,True,d,m,1980-01-10 00:00:00,hindawi,orion,2023-04-04 05:01:00,1980.0,1.0,10.0,117.24,7.5,21427700000000,88.2,101.8,78.5,9.6,36.6,328239523.0,37.09024,-95.712891
2259,1200,gambling & casinos,lawrence ho,46.0,hong kong,hong kong,casinos,gambling & casinos,hong kong,False,r,m,1977-01-16 00:00:00,ho,lawrence,2023-04-04 05:01:00,1977.0,1.0,16.0,117.24,2.9,21427700000000,65.6,101.8,78.5,9.6,41.2,328239523.0,37.09024,10.451526
2259,1200,fashion & retail,huang guanlin,58.0,china,ningbo,"textiles, apparel",fashion & retail,china,True,d,m,1965-01-01 00:00:00,huang,guanlin,2023-04-04 05:01:00,1965.0,1.0,1.0,125.08,2.9,19910000000000,50.6,100.2,77.0,9.4,59.2,1397715000.0,35.86166,104.195397
2259,1200,technology,sam hupert,68.0,australia,melbourne,technology,technology,australia,True,n,m,1954-12-25 00:00:00,hupert,sam,2023-04-04 05:01:00,1954.0,12.0,25.0,119.8,1.6,1392680589329,113.1,100.3,82.7,23.0,47.4,25766605.0,-25.274398,133.775136
2259,1200,telecom,mohammed ibrahim,76.0,united kingdom,london,communications,telecom,united kingdom,True,e,m,1946-05-03 00:00:00,ibrahim,mohammed,2023-04-04 05:01:00,1946.0,5.0,3.0,119.62,1.7,2827113184696,60.0,101.2,81.3,25.5,30.6,66834405.0,55.378051,-3.435973
2259,1200,food & beverage,shirley kao,66.0,taiwan,tainan,food & beverage retailing,food & beverage,taiwan,False,e,f,1956-09-02 00:00:00,kao,shirley,2023-04-04 05:01:00,1956.0,9.0,2.0,117.24,2.9,21427700000000,65.6,101.8,78.5,9.6,41.2,328239523.0,37.09024,10.451526
2259,1200,finance & investments,david kaplan,55.0,united states,los angeles,finance,finance & investments,united states,True,n,m,1967-08-29 00:00:00,kaplan,david,2023-04-04 05:01:00,1967.0,8.0,29.0,117.24,7.5,21427700000000,88.2,101.8,78.5,9.6,36.6,328239523.0,37.09024,-95.712891
2259,1200,fashion & retail,kim kardashian,42.0,united states,hidden hills,"shapewear, cosmetics, reality tv",fashion & retail,united states,True,d,f,1980-10-21 00:00:00,kardashian,kim,2023-04-04 05:01:00,1980.0,10.0,21.0,117.24,7.5,21427700000000,88.2,101.8,78.5,9.6,36.6,328239523.0,37.09024,-95.712891
2259,1200,manufacturing,ke guihua,57.0,china,shanghai,auto parts,manufacturing,china,True,u,m,1965-10-13 00:00:00,ke,guihua,2023-04-04 05:01:00,1965.0,10.0,13.0,125.08,2.9,19910000000000,50.6,100.2,77.0,9.4,59.2,1397715000.0,35.86166,104.195397
2259,1200,healthcare,ke yunfeng & family,56.0,china,guangzhou,retailing,healthcare,china,True,u,m,1967-01-01 00:00:00,ke,yunfeng,2023-04-04 05:01:00,1967.0,1.0,1.0,125.08,2.9,19910000000000,50.6,100.2,77.0,9.4,59.2,1397715000.0,35.86166,104.195397
2259,1200,real estate,alexander klyachin,55.0,russia,moscow,real estate,real estate,russia,True,r,m,1967-05-18 00:00:00,klyachin,alexander,2023-04-04 05:01:00,1967.0,5.0,18.0,180.75,4.5,1699876578871,81.9,102.6,72.7,11.4,46.2,144373535.0,61.52401,105.318756
2259,1200,automotive,suresh krishna,86.0,india,chennai,auto parts,automotive,india,False,u,m,1936-12-24 00:00:00,krishna,suresh,2023-04-04 05:01:00,1936.0,12.0,24.0,180.44,7.7,2611000000000,28.1,113.0,69.4,11.2,49.7,1366417754.0,20.593684,78.96288
2259,1200,media & entertainment,guy laliberté,63.0,canada,montreal,cirque du soleil,media & entertainment,canada,True,e,m,1960-01-01 00:00:00,laliberté,guy,2023-04-04 05:01:00,1960.0,1.0,1.0,116.76,1.9,1736425629520,68.9,100.9,81.9,12.8,24.5,36991981.0,56.130366,-106.346771
2259,1200,manufacturing,li guoqing,53.0,china,hangzhou,petro fibre,manufacturing,china,True,d,m,1970-02-22 00:00:00,li,guoqing,2023-04-04 05:01:00,1970.0,2.0,22.0,125.08,2.9,19910000000000,50.6,100.2,77.0,9.4,59.2,1397715000.0,35.86166,104.195397
2259,1200,healthcare,li li,59.0,china,shenzhen,pharmaceuticals,healthcare,china,True,d,m,1964-02-09 00:00:00,li,li,2023-04-04 05:01:00,1964.0,2.0,9.0,125.08,2.9,19910000000000,50.6,100.2,77.0,9.4,59.2,1397715000.0,35.86166,104.195397
2259,1200,healthcare,li ruiqiang,43.0,china,beijing,medical services,healthcare,china,True,d,m,1979-11-01 00:00:00,li,ruiqiang,2023-04-04 05:01:00,1979.0,11.0,1.0,125.08,2.9,19910000000000,50.6,100.2,77.0,9.4,59.2,1397715000.0,35.86166,104.195397
2259,1200,manufacturing,zhen li & family,59.0,china,hefei,lithium batteries,manufacturing,china,True,d,m,1964-01-23 00:00:00,li,zhen,2023-04-04 05:01:00,1964.0,1.0,23.0,125.08,2.9,19910000000000,50.6,100.2,77.0,9.4,59.2,1397715000.0,35.86166,104.195397
2259,1200,manufacturing,guangwei liang,59.0,china,shenzhen,conglomerate,manufacturing,china,True,d,m,1963-09-01 00:00:00,liang,guangwei,2023-04-04 05:01:00,1963.0,9.0,1.0,125.08,2.9,19910000000000,50.6,100.2,77.0,9.4,59.2,1397715000.0,35.86166,104.195397
2259,1200,energy,liu ming hui,60.0,hong kong,hong kong,natural gas distribution,energy,china,True,d,m,1963-01-01 00:00:00,liu,ming hui,2023-04-04 05:01:00,1963.0,1.0,1.0,117.24,2.9,21427700000000,65.6,101.8,78.5,9.6,41.2,328239523.0,37.09024,10.451526
2259,1200,technology,frederic luddy,68.0,united states,san diego,software,technology,united states,True,d,m,1954-11-24 00:00:00,luddy,frederic,2023-04-04 05:01:00,1954.0,11.0,24.0,117.24,7.5,21427700000000,88.2,101.8,78.5,9.6,36.6,328239523.0,37.09024,-95.712891
2259,1200,food & beverage,"cargill macmillan, iii.",63.0,united states,boulder,cargill,food & beverage,united states,False,d,m,1959-12-21 00:00:00,macmillan,cargill,2023-04-04 05:01:00,1959.0,12.0,21.0,117.24,7.5,21427700000000,88.2,101.8,78.5,9.6,36.6,328239523.0,37.09024,-95.712891
2259,1200,food & beverage,john macmillan,73.0,united states,plymouth,cargill,food & beverage,united states,False,d,m,1949-09-20 00:00:00,macmillan,john,2023-04-04 05:01:00,1949.0,9.0,20.0,117.24,7.5,21427700000000,88.2,101.8,78.5,9.6,36.6,328239523.0,37.09024,-95.712891
2259,1200,food & beverage,martha macmillan,71.0,united states,orono,cargill,food & beverage,united states,False,d,f,1951-10-01 00:00:00,macmillan,martha,2023-04-04 05:01:00,1951.0,10.0,1.0,117.24,7.5,21427700000000,88.2,101.8,78.5,9.6,36.6,328239523.0,37.09024,-95.712891
2259,1200,food & beverage,william macmillan,68.0,united states,englewood,cargill,food & beverage,united states,False,d,m,1954-05-25 00:00:00,macmillan,william,2023-04-04 05:01:00,1954.0,5.0,25.0,117.24,7.5,21427700000000,88.2,101.8,78.5,9.6,36.6,328239523.0,37.09024,-95.712891
2259,1200,diversified,keshub mahindra,99.0,india,mumbai,diversified,diversified,india,False,r,m,1923-10-09 00:00:00,mahindra,keshub,2023-04-04 05:01:00,1923.0,10.0,9.0,180.44,7.7,2611000000000,28.1,113.0,69.4,11.2,49.7,1366417754.0,20.593684,78.96288
2259,1200,manufacturing,mao zhongwu,60.0,china,changsha,manufacturing,manufacturing,china,True,d,m,1962-08-13 00:00:00,mao,zhongwu,2023-04-04 05:01:00,1962.0,8.0,13.0,125.08,2.9,19910000000000,50.6,100.2,77.0,9.4,59.2,1397715000.0,35.86166,104.195397
2259,1200,construction & engineering,jorge mas,60.0,united states,miami,construction,construction & engineering,united states,False,u,m,1963-02-28 00:00:00,mas,jorge,2023-04-04 05:01:00,1963.0,2.0,28.0,117.24,7.5,21427700000000,88.2,101.8,78.5,9.6,36.6,328239523.0,37.09024,-95.712891
2259,1200,diversified,lorinc meszaros,57.0,hungary,felcsút,diversified,diversified,hungary,True,e,m,1966-02-25 00:00:00,meszaros,lorinc,2023-04-04 05:01:00,1966.0,2.0,25.0,121.64,3.3,160967157504,48.5,100.8,75.8,23.0,37.9,9769949.0,47.162494,19.503304
2259,1200,technology,jeffrey michael & family,66.0,united states,minnetonka,data management,technology,united states,True,u,m,1956-07-18 00:00:00,michael,jeffrey,2023-04-04 05:01:00,1956.0,7.0,18.0,117.24,7.5,21427700000000,88.2,101.8,78.5,9.6,36.6,328239523.0,37.09024,-95.712891
2259,1200,healthcare,alan miller & family,85.0,united states,lower merion,healthcare services,healthcare,united states,True,d,m,1937-08-17 00:00:00,miller,alan,2023-04-04 05:01:00,1937.0,8.0,17.0,117.24,7.5,21427700000000,88.2,101.8,78.5,9.6,36.6,328239523.0,37.09024,-95.712891
2259,1200,diversified,neide helena de moraes,68.0,brazil,sao paulo,diversified,diversified,brazil,False,d,f,1955-02-15 00:00:00,moraes,neide helena de,2023-04-04 05:01:00,1955.0,2.0,15.0,167.4,3.7,1839758040766,51.3,115.4,75.7,14.2,65.1,212559417.0,-14.235004,-51.92528
2259,1200,finance & investments,scott nuttall,50.0,united states,new york,private equity,finance & investments,united states,True,u,m,1972-11-25 00:00:00,nuttall,scott,2023-04-04 05:01:00,1972.0,11.0,25.0,117.24,7.5,21427700000000,88.2,101.8,78.5,9.6,36.6,328239523.0,37.09024,-95.712891
2259,1200,food & beverage,axel oberwelland & family,56.0,germany,berlin,candy,food & beverage,germany,False,split family fortune,m,1967-01-01 00:00:00,oberwelland,axel,2023-04-04 05:01:00,1967.0,1.0,1.0,112.85,1.4,3845630030824,70.2,104.0,80.9,11.5,48.8,83132799.0,51.165691,10.451526
2259,1200,technology,jonathan oringer,48.0,united states,miami beach,stock photos,technology,united states,True,d,m,1974-05-02 00:00:00,oringer,jonathan,2023-04-04 05:01:00,1974.0,5.0,2.0,117.24,7.5,21427700000000,88.2,101.8,78.5,9.6,36.6,328239523.0,37.09024,-95.712891
2259,1200,food & beverage,vitaly orlov,58.0,russia,murmansk,fisheries,food & beverage,russia,True,r,m,1965-01-01 00:00:00,orlov,vitaly,2023-04-04 05:01:00,1965.0,1.0,1.0,180.75,4.5,1699876578871,81.9,102.6,72.7,11.4,46.2,144373535.0,61.52401,105.318756
2259,1200,real estate,jose isaac peres & family,82.0,brazil,rio de janeiro,shopping malls,real estate,brazil,True,u,m,1940-07-18 00:00:00,peres,jose isaac,2023-04-04 05:01:00,1940.0,7.0,18.0,167.4,3.7,1839758040766,51.3,115.4,75.7,14.2,65.1,212559417.0,-14.235004,-51.92528
2259,1200,media & entertainment,markus persson,43.0,sweden,stockholm,computer games,media & entertainment,sweden,True,d,m,1979-06-01 00:00:00,persson,markus,2023-04-04 05:01:00,1979.0,6.0,1.0,110.51,1.8,530832908738,67.0,126.6,82.5,27.9,49.1,10285453.0,60.128161,18.643501
2259,1200,technology,mark pincus,57.0,united states,san francisco,online games,technology,united states,True,d,m,1966-02-13 00:00:00,pincus,mark,2023-04-04 05:01:00,1966.0,2.0,13.0,117.24,7.5,21427700000000,88.2,101.8,78.5,9.6,36.6,328239523.0,37.09024,-95.712891
2259,1200,diversified,murdaya poo,82.0,indonesia,jakarta,diversified,diversified,indonesia,False,e,m,1941-01-12 00:00:00,poo,murdaya,2023-04-04 05:01:00,1941.0,1.0,12.0,151.18,3.0,1119190780753,36.3,106.4,71.5,10.2,30.1,270203917.0,-0.789275,113.921327
2259,1200,healthcare,forrest preston,90.0,united states,cleveland,health care,healthcare,united states,True,d,m,1933-03-22 00:00:00,preston,forrest,2023-04-04 05:01:00,1933.0,3.0,22.0,117.24,7.5,21427700000000,88.2,101.8,78.5,9.6,36.6,328239523.0,37.09024,-95.712891
2259,1200,food & beverage,qian ying,57.0,china,nanyang,pig breeding,food & beverage,china,True,d,f,1966-01-01 00:00:00,qian,ying,2023-04-04 05:01:00,1966.0,1.0,1.0,125.08,2.9,19910000000000,50.6,100.2,77.0,9.4,59.2,1397715000.0,35.86166,104.195397
2259,1200,manufacturing,jimmy rane,76.0,united states,abbeville,lumber,manufacturing,united states,True,n,m,1946-09-15 00:00:00,rane,jimmy,2023-04-04 05:01:00,1946.0,9.0,15.0,117.24,7.5,21427700000000,88.2,101.8,78.5,9.6,36.6,328239523.0,37.09024,-95.712891
2259,1200,finance & investments,andrei rappoport,59.0,switzerland,lugano,investments,finance & investments,russia,True,e,m,1963-06-22 00:00:00,rappoport,andrei,2023-04-04 05:01:00,1963.0,6.0,22.0,99.55,0.4,703082435360,59.6,105.2,83.6,10.1,28.8,8574832.0,46.818188,8.227512
2259,1200,finance & investments,bennett rosenthal,59.0,united states,los angeles,finance,finance & investments,united states,True,n,m,1963-09-24 00:00:00,rosenthal,bennett,2023-04-04 05:01:00,1963.0,9.0,24.0,117.24,7.5,21427700000000,88.2,101.8,78.5,9.6,36.6,328239523.0,37.09024,-95.712891
2259,1200,real estate,atul ruia,52.0,india,mumbai,real estate,real estate,india,False,n,m,1971-02-26 00:00:00,ruia,atul,2023-04-04 05:01:00,1971.0,2.0,26.0,180.44,7.7,2611000000000,28.1,113.0,69.4,11.2,49.7,1366417754.0,20.593684,78.96288
2259,1200,finance & investments,thomas sandell,62.0,united kingdom,london,hedge funds,finance & investments,sweden,True,d,m,1961-02-01 00:00:00,sandell,thomas,2023-04-04 05:01:00,1961.0,2.0,1.0,119.62,1.7,2827113184696,60.0,101.2,81.3,25.5,30.6,66834405.0,55.378051,-3.435973
2259,1200,construction & engineering,dhruv sawhney,78.0,united arab emirates,dubai,"engineering, sugar",construction & engineering,india,False,u,m,1944-06-26 00:00:00,sawhney,dhruv,2023-04-04 05:01:00,1944.0,6.0,26.0,114.52,-1.9,421142267938,36.8,108.4,77.8,0.1,15.9,9770529.0,23.424076,53.847818
2259,1200,finance & investments,gerald schwartz,81.0,canada,toronto,finance,finance & investments,canada,True,d,m,1941-11-24 00:00:00,schwartz,gerald,2023-04-04 05:01:00,1941.0,11.0,24.0,116.76,1.9,1736425629520,68.9,100.9,81.9,12.8,24.5,36991981.0,56.130366,-106.346771
2259,1200,fashion & retail,antonio luiz seabra,80.0,united kingdom,london,cosmetics,fashion & retail,brazil,True,d,m,1943-01-01 00:00:00,seabra,antonio luiz,2023-04-04 05:01:00,1943.0,1.0,1.0,119.62,1.7,2827113184696,60.0,101.2,81.3,25.5,30.6,66834405.0,55.378051,-3.435973
2259,1200,technology,eric ya shen,52.0,china,guangzhou,online apparel retail,technology,china,True,r,m,1971-01-01 00:00:00,shen,eric ya,2023-04-04 05:01:00,1971.0,1.0,1.0,125.08,2.9,19910000000000,50.6,100.2,77.0,9.4,59.2,1397715000.0,35.86166,104.195397
2259,1200,technology,sytse 'sid' sijbrandij,43.0,united states,san francisco,software,technology,netherlands,True,n,m,1979-08-01 00:00:00,sijbrandij,sytse 'sid',2023-04-04 05:01:00,1979.0,8.0,1.0,117.24,7.5,21427700000000,88.2,101.8,78.5,9.6,36.6,328239523.0,37.09024,-95.712891
2259,1200,automotive,alexander sixt,43.0,germany,munich,car rentals,automotive,germany,False,d,m,1979-10-24 00:00:00,sixt,alexander,2023-04-04 05:01:00,1979.0,10.0,24.0,112.85,1.4,3845630030824,70.2,104.0,80.9,11.5,48.8,83132799.0,51.165691,10.451526
2259,1200,automotive,konstantin sixt,40.0,germany,munich,car rentals,automotive,germany,False,d,m,1982-12-02 00:00:00,sixt,konstantin,2023-04-04 05:01:00,1982.0,12.0,2.0,112.85,1.4,3845630030824,70.2,104.0,80.9,11.5,48.8,83132799.0,51.165691,10.451526
2259,1200,energy,edwin soeryadjaya,73.0,indonesia,jakarta,"coal, investments",energy,indonesia,False,d,m,1949-07-17 00:00:00,soeryadjaya,edwin,2023-04-04 05:01:00,1949.0,7.0,17.0,151.18,3.0,1119190780753,36.3,106.4,71.5,10.2,30.1,270203917.0,-0.789275,113.921327
2259,1200,healthcare,abhay soi,49.0,india,mumbai,healthcare,healthcare,india,True,n,m,1973-08-19 00:00:00,soi,abhay,2023-04-04 05:01:00,1973.0,8.0,19.0,180.44,7.7,2611000000000,28.1,113.0,69.4,11.2,49.7,1366417754.0,20.593684,78.96288
2259,1200,technology,mike speiser,52.0,united kingdom,london,software,technology,united states,True,u,m,1971-01-25 00:00:00,speiser,mike,2023-04-04 05:01:00,1971.0,1.0,25.0,119.62,1.7,2827113184696,60.0,101.2,81.3,25.5,30.6,66834405.0,55.378051,-3.435973
2259,1200,construction & engineering,marco squinzi,51.0,italy,milan,chemical products,construction & engineering,italy,False,d,m,1971-09-23 00:00:00,squinzi,marco,2023-04-04 05:01:00,1971.0,9.0,23.0,110.62,0.6,2001244392042,61.9,101.9,82.9,24.3,59.1,60297396.0,41.87194,12.56738
2259,1200,construction & engineering,veronica squinzi,51.0,italy,milan,chemical products,construction & engineering,italy,False,d,f,1972-01-01 00:00:00,squinzi,veronica,2023-04-04 05:01:00,1972.0,1.0,1.0,110.62,0.6,2001244392042,61.9,101.9,82.9,24.3,59.1,60297396.0,41.87194,12.56738
2259,1200,finance & investments,michael steinhardt,82.0,united states,mount kisco,hedge funds,finance & investments,united states,True,e,m,1940-12-07 00:00:00,steinhardt,michael,2023-04-04 05:01:00,1940.0,12.0,7.0,117.24,7.5,21427700000000,88.2,101.8,78.5,9.6,36.6,328239523.0,37.09024,-95.712891
2259,1200,technology,ion stoica,58.0,united states,berkeley,data analytics,technology,romania,True,d,m,1965-02-12 00:00:00,stoica,ion,2023-04-04 05:01:00,1965.0,2.0,12.0,117.24,7.5,21427700000000,88.2,101.8,78.5,9.6,36.6,328239523.0,37.09024,-95.712891
2259,1200,metals & mining,eddy sugianto,77.0,indonesia,jakarta,coal,metals & mining,indonesia,True,n,m,1946-02-11 00:00:00,sugianto,eddy,2023-04-04 05:01:00,1946.0,2.0,11.0,151.18,3.0,1119190780753,36.3,106.4,71.5,10.2,30.1,270203917.0,-0.789275,113.921327
2259,1200,manufacturing,luc tack,61.0,belgium,deinze,"textile, chemicals",manufacturing,belgium,True,e,m,1961-09-01 00:00:00,tack,luc,2023-04-04 05:01:00,1961.0,9.0,1.0,117.11,1.4,529606710418,79.7,103.9,81.6,24.0,55.4,11484055.0,50.503887,4.469936
2259,1200,food & beverage,tony tan caktiong,70.0,philippines,manila,food,food & beverage,philippines,True,d,m,1953-01-05 00:00:00,tan caktiong,tony,2023-04-04 05:01:00,1953.0,1.0,5.0,129.61,2.5,376795508680,35.5,107.5,71.1,14.0,43.1,108116615.0,12.879721,121.774017
2259,1200,manufacturing,xiuguo tang,59.0,china,changsha,manufacturing,manufacturing,china,True,u,m,1963-08-25 00:00:00,tang,xiuguo,2023-04-04 05:01:00,1963.0,8.0,25.0,125.08,2.9,19910000000000,50.6,100.2,77.0,9.4,59.2,1397715000.0,35.86166,104.195397
2259,1200,real estate,sam tarascio,78.0,australia,melbourne,real estate,real estate,australia,True,e,m,1944-07-22 00:00:00,tarascio,sam,2023-04-04 05:01:00,1944.0,7.0,22.0,119.8,1.6,1392680589329,113.1,100.3,82.7,23.0,47.4,25766605.0,-25.274398,133.775136
2259,1200,finance & investments,lina tombolato,75.0,italy,tombolo,financial services,finance & investments,italy,False,d,f,1947-07-28 00:00:00,tombolato,lina,2023-04-04 05:01:00,1947.0,7.0,28.0,110.62,0.6,2001244392042,61.9,101.9,82.9,24.3,59.1,60297396.0,41.87194,12.56738
2259,1200,manufacturing,ching bor tung,60.0,china,dongguan,manufacturing,manufacturing,china,True,d,m,1963-01-01 00:00:00,tung,ching bor,2023-04-04 05:01:00,1963.0,1.0,1.0,125.08,2.9,19910000000000,50.6,100.2,77.0,9.4,59.2,1397715000.0,35.86166,104.195397
2259,1200,media & entertainment,joop van den ende,81.0,netherlands,baarn,tv shows,media & entertainment,netherlands,True,d,m,1942-02-23 00:00:00,van den ende,joop,2023-04-04 05:01:00,1942.0,2.0,23.0,115.91,2.6,909070395161,85.0,104.2,81.8,23.0,41.2,17332850.0,52.132633,5.291266
2259,1200,finance & investments,ruben vardanyan & family,54.0,armenia,erevan,investment banking,finance & investments,armenia,True,r,m,1968-05-25 00:00:00,vardanyan,ruben,2023-04-04 05:01:00,1968.0,5.0,25.0,129.18,1.4,13672802158,54.6,92.7,74.9,20.9,22.6,2957731.0,40.069099,45.038189
2259,1200,fashion & retail,sandro veronesi & family,63.0,italy,milan,fashion,fashion & retail,italy,True,d,m,1959-10-18 00:00:00,veronesi,sandro,2023-04-04 05:01:00,1959.0,10.0,18.0,110.62,0.6,2001244392042,61.9,101.9,82.9,24.3,59.1,60297396.0,41.87194,12.56738
2259,1200,real estate,thongma vijitpongpun,65.0,thailand,bangkok,real estate,real estate,thailand,True,e,m,1957-07-08 00:00:00,vijitpongpun,thongma,2023-04-04 05:01:00,1957.0,7.0,8.0,113.27,0.7,543649976166,49.3,99.8,76.9,14.9,29.5,69625582.0,15.870032,100.992541
2259,1200,finance & investments,thomas von koch,57.0,hong kong,hong kong,asset management,finance & investments,sweden,True,d,m,1966-03-24 00:00:00,von koch,thomas,2023-04-04 05:01:00,1966.0,3.0,24.0,117.24,2.9,21427700000000,65.6,101.8,78.5,9.6,41.2,328239523.0,37.09024,10.451526
2259,1200,manufacturing,wang shih-chung,61.0,taiwan,taipei,pneumatic equipments,manufacturing,taiwan,True,n,m,1962-01-01 00:00:00,wang,shih-chung,2023-04-04 05:01:00,1962.0,1.0,1.0,117.24,2.9,21427700000000,65.6,101.8,78.5,9.6,41.2,328239523.0,37.09024,10.451526
2259,1200,manufacturing,wang xiaoshen,54.0,china,urumchi,lithium,manufacturing,china,True,d,m,1968-10-01 00:00:00,wang,xiaoshen,2023-04-04 05:01:00,1968.0,10.0,1.0,125.08,2.9,19910000000000,50.6,100.2,77.0,9.4,59.2,1397715000.0,35.86166,104.195397
2259,1200,diversified,j. wayne weaver,87.0,united states,jacksonville,shoes,diversified,united states,True,e,m,1935-09-01 00:00:00,weaver,j. wayne,2023-04-04 05:01:00,1935.0,9.0,1.0,117.24,7.5,21427700000000,88.2,101.8,78.5,9.6,36.6,328239523.0,37.09024,-95.712891
2259,1200,food & beverage,drorit wertheim,67.0,israel,bnei atarot,coca cola israel,food & beverage,israel,False,d,f,1956-01-01 00:00:00,wertheim,drorit,2023-04-04 05:01:00,1956.0,1.0,1.0,108.15,0.8,395098666122,63.4,104.9,82.8,23.1,25.3,9053300.0,31.046051,34.851612
2259,1200,finance & investments,cameron winklevoss,41.0,united states,new york,cryptocurrency,finance & investments,united states,True,d,m,1981-08-21 00:00:00,winklevoss,cameron,2023-04-04 05:01:00,1981.0,8.0,21.0,117.24,7.5,21427700000000,88.2,101.8,78.5,9.6,36.6,328239523.0,37.09024,-95.712891
2259,1200,finance & investments,tyler winklevoss,41.0,united states,new york,cryptocurrency,finance & investments,united states,True,d,m,1981-08-21 00:00:00,winklevoss,tyler,2023-04-04 05:01:00,1981.0,8.0,21.0,117.24,7.5,21427700000000,88.2,101.8,78.5,9.6,36.6,328239523.0,37.09024,-95.712891
2259,1200,manufacturing,wu chung-yi,67.0,taiwan,chang hwa county,manufacturing,manufacturing,taiwan,False,e,m,1955-07-01 00:00:00,wu,chung-yi,2023-04-04 05:01:00,1955.0,7.0,1.0,117.24,2.9,21427700000000,65.6,101.8,78.5,9.6,41.2,328239523.0,37.09024,10.451526
2259,1200,finance & investments,eugene wu,77.0,taiwan,taipei,finance,finance & investments,taiwan,False,d,m,1945-05-03 00:00:00,wu,eugene,2023-04-04 05:01:00,1945.0,5.0,3.0,117.24,2.9,21427700000000,65.6,101.8,78.5,9.6,41.2,328239523.0,37.09024,10.451526
2259,1200,fashion & retail,wu yonghua,52.0,china,xiamen,apparel,fashion & retail,china,True,u,m,1971-01-01 00:00:00,wu,yonghua,2023-04-04 05:01:00,1971.0,1.0,1.0,125.08,2.9,19910000000000,50.6,100.2,77.0,9.4,59.2,1397715000.0,35.86166,104.195397
2259,1200,manufacturing,xia xinde,58.0,china,guangzhou,batteries,manufacturing,china,True,u,m,1964-10-15 00:00:00,xia,xinde,2023-04-04 05:01:00,1964.0,10.0,15.0,125.08,2.9,19910000000000,50.6,100.2,77.0,9.4,59.2,1397715000.0,35.86166,104.195397
2259,1200,manufacturing,wenbo xiang,60.0,china,changsha,manufacturing,manufacturing,china,True,d,m,1962-06-21 00:00:00,xiang,wenbo,2023-04-04 05:01:00,1962.0,6.0,21.0,125.08,2.9,19910000000000,50.6,100.2,77.0,9.4,59.2,1397715000.0,35.86166,104.195397
2259,1200,food & beverage,xu jin,58.0,china,huaibei city,wine,food & beverage,china,True,d,m,1965-01-24 00:00:00,xu,jin,2023-04-04 05:01:00,1965.0,1.0,24.0,125.08,2.9,19910000000000,50.6,100.2,77.0,9.4,59.2,1397715000.0,35.86166,104.195397
2259,1200,manufacturing,xu shijun & family,60.0,china,nantong,manufacturing,manufacturing,china,True,d,m,1963-03-01 00:00:00,xu,shijun,2023-04-04 05:01:00,1963.0,3.0,1.0,125.08,2.9,19910000000000,50.6,100.2,77.0,9.4,59.2,1397715000.0,35.86166,104.195397
2259,1200,service,wanmao xu,78.0,china,ningbo,education,service,china,True,d,m,1945-01-01 00:00:00,xu,wanmao,2023-04-04 05:01:00,1945.0,1.0,1.0,125.08,2.9,19910000000000,50.6,100.2,77.0,9.4,59.2,1397715000.0,35.86166,104.195397
2259,1200,manufacturing,xu yuejuan,61.0,china,hangzhou,petro fibre,manufacturing,china,True,d,f,1962-01-24 00:00:00,xu,yuejuan,2023-04-04 05:01:00,1962.0,1.0,24.0,125.08,2.9,19910000000000,50.6,100.2,77.0,9.4,59.2,1397715000.0,35.86166,104.195397
2259,1200,healthcare,vadim yakunin,60.0,russia,moscow,pharmacy,healthcare,russia,True,r,m,1963-01-05 00:00:00,yakunin,vadim,2023-04-04 05:01:00,1963.0,1.0,5.0,180.75,4.5,1699876578871,81.9,102.6,72.7,11.4,46.2,144373535.0,61.52401,105.318756
2259,1200,fashion & retail,yang yunyun,46.0,china,guangzhou,retail,fashion & retail,china,True,r,f,1977-01-01 00:00:00,yang,yunyun,2023-04-04 05:01:00,1977.0,1.0,1.0,125.08,2.9,19910000000000,50.6,100.2,77.0,9.4,59.2,1397715000.0,35.86166,104.195397
2259,1200,technology,matei zaharia,37.0,united states,berkeley,data analytics,technology,romania,True,d,m,1985-04-21 00:00:00,zaharia,matei,2023-04-04 05:01:00,1985.0,4.0,21.0,117.24,7.5,21427700000000,88.2,101.8,78.5,9.6,36.6,328239523.0,37.09024,-95.712891
2259,1200,diversified,zan shengda,60.0,china,nantong,diversified,diversified,china,True,d,m,1963-04-02 00:00:00,zan,shengda,2023-04-04 05:01:00,1963.0,4.0,2.0,125.08,2.9,19910000000000,50.6,100.2,77.0,9.4,59.2,1397715000.0,35.86166,104.195397
2259,1200,technology,zhang xuezheng,47.0,china,jiaxing,telecom,technology,china,True,d,m,1975-06-01 00:00:00,zhang,xuezheng,2023-04-04 05:01:00,1975.0,6.0,1.0,125.08,2.9,19910000000000,50.6,100.2,77.0,9.4,59.2,1397715000.0,35.86166,104.195397
2259,1200,manufacturing,zhang yin,66.0,china,dongguan,paper manufacturing,manufacturing,china,True,d,f,1957-02-01 00:00:00,zhang,yin,2023-04-04 05:01:00,1957.0,2.0,1.0,125.08,2.9,19910000000000,50.6,100.2,77.0,9.4,59.2,1397715000.0,35.86166,104.195397
2259,1200,healthcare,ning zhao,56.0,china,shanghai,pharmaceuticals,healthcare,united states,True,split family fortune,f,1967-01-01 00:00:00,zhao,ning,2023-04-04 05:01:00,1967.0,1.0,1.0,125.08,2.9,19910000000000,50.6,100.2,77.0,9.4,59.2,1397715000.0,35.86166,104.195397
2259,1200,manufacturing,zhou wen & family,58.0,china,shanghai,chemicals,manufacturing,china,True,u,m,1965-03-06 00:00:00,zhou,wen,2023-04-04 05:01:00,1965.0,3.0,6.0,125.08,2.9,19910000000000,50.6,100.2,77.0,9.4,59.2,1397715000.0,35.86166,104.195397
2259,1200,construction & engineering,zhu xingliang,63.0,china,suzhou,construction,construction & engineering,china,True,d,m,1959-05-01 00:00:00,zhu,xingliang,2023-04-04 05:01:00,1959.0,5.0,1.0,125.08,2.9,19910000000000,50.6,100.2,77.0,9.4,59.2,1397715000.0,35.86166,104.195397
2405,1100,fashion & retail,hari krishan agarwal,66.0,india,delhi,sports shoes,fashion & retail,india,True,n,m,1956-04-05 00:00:00,agarwal,hari krishan,2023-04-04 05:01:00,1956.0,4.0,5.0,180.44,7.7,2611000000000,28.1,113.0,69.4,11.2,49.7,1366417754.0,20.593684,78.96288
2405,1100,energy,farkhad akhmedov,67.0,russia,moscow,investments,energy,russia,True,d,m,1955-09-15 00:00:00,akhmedov,farkhad,2023-04-04 05:01:00,1955.0,9.0,15.0,180.75,4.5,1699876578871,81.9,102.6,72.7,11.4,46.2,144373535.0,61.52401,105.318756
2405,1100,finance & investments,joseph bae,51.0,united states,new york,private equity,finance & investments,united states,True,n,m,1972-01-12 00:00:00,bae,joseph,2023-04-04 05:01:00,1972.0,1.0,12.0,117.24,7.5,21427700000000,88.2,101.8,78.5,9.6,36.6,328239523.0,37.09024,-95.712891
2405,1100,food & beverage,abigail bennett,42.0,united states,rochester,liquor,food & beverage,united states,False,split family fortune,f,1980-12-27 00:00:00,bennett,abigail,2023-04-04 05:01:00,1980.0,12.0,27.0,117.24,7.5,21427700000000,88.2,101.8,78.5,9.6,36.6,328239523.0,37.09024,-95.712891
2405,1100,fashion & retail,sara blakely,52.0,united states,atlanta,spanx,fashion & retail,united states,True,e,f,1971-02-27 00:00:00,blakely,sara,2023-04-04 05:01:00,1971.0,2.0,27.0,117.24,7.5,21427700000000,88.2,101.8,78.5,9.6,36.6,328239523.0,37.09024,-95.712891
2405,1100,finance & investments,lloyd blankfein,68.0,united states,new york,banking,finance & investments,united states,True,e,m,1954-09-20 00:00:00,blankfein,lloyd,2023-04-04 05:01:00,1954.0,9.0,20.0,117.24,7.5,21427700000000,88.2,101.8,78.5,9.6,36.6,328239523.0,37.09024,-95.712891
2405,1100,diversified,henadiy boholyubov,61.0,ukraine,dnipro,"banking, investments",diversified,ukraine,True,e,m,1962-01-01 00:00:00,boholyubov,henadiy,2023-04-04 05:01:00,1962.0,1.0,1.0,281.66,7.9,153781069118,82.7,99.0,71.6,20.1,45.2,44385155.0,48.379433,31.16558
2405,1100,real estate,stephane bonvin,56.0,switzerland,lens,real estate,real estate,switzerland,True,d,m,1967-01-01 00:00:00,bonvin,stephane,2023-04-04 05:01:00,1967.0,1.0,1.0,99.55,0.4,703082435360,59.6,105.2,83.6,10.1,28.8,8574832.0,46.818188,8.227512
2405,1100,diversified,oleg boyko,58.0,switzerland,lipperswil,diversified,diversified,russia,True,d,m,1964-09-28 00:00:00,boyko,oleg,2023-04-04 05:01:00,1964.0,9.0,28.0,99.55,0.4,703082435360,59.6,105.2,83.6,10.1,28.8,8574832.0,46.818188,8.227512
2405,1100,technology,ryan breslow,28.0,united states,miami,e-commerce software,technology,united states,True,d,m,1994-05-20 00:00:00,breslow,ryan,2023-04-04 05:01:00,1994.0,5.0,20.0,117.24,7.5,21427700000000,88.2,101.8,78.5,9.6,36.6,328239523.0,37.09024,-95.712891
2405,1100,fashion & retail,thomas bruch,72.0,germany,st. wendel,retail,fashion & retail,germany,False,d,m,1950-04-25 00:00:00,bruch,thomas,2023-04-04 05:01:00,1950.0,4.0,25.0,112.85,1.4,3845630030824,70.2,104.0,80.9,11.5,48.8,83132799.0,51.165691,10.451526
2405,1100,technology,marina budiman,61.0,indonesia,jakarta,data centers,technology,indonesia,True,d,f,1961-09-05 00:00:00,budiman,marina,2023-04-04 05:01:00,1961.0,9.0,5.0,151.18,3.0,1119190780753,36.3,106.4,71.5,10.2,30.1,270203917.0,-0.789275,113.921327
2405,1100,food & beverage,pradip burman,80.0,india,delhi,consumer goods,food & beverage,india,False,d,m,1942-11-02 00:00:00,burman,pradip,2023-04-04 05:01:00,1942.0,11.0,2.0,180.44,7.7,2611000000000,28.1,113.0,69.4,11.2,49.7,1366417754.0,20.593684,78.96288
2405,1100,manufacturing,cao kejian,60.0,china,quzhou,air compressors,manufacturing,china,True,e,m,1962-04-10 00:00:00,cao,kejian,2023-04-04 05:01:00,1962.0,4.0,10.0,125.08,2.9,19910000000000,50.6,100.2,77.0,9.4,59.2,1397715000.0,35.86166,104.195397
2405,1100,food & beverage,giuliana caprotti,82.0,italy,milan,supermarkets,food & beverage,italy,False,d,f,1940-11-21 00:00:00,caprotti,giuliana,2023-04-04 05:01:00,1940.0,11.0,21.0,110.62,0.6,2001244392042,61.9,101.9,82.9,24.3,59.1,60297396.0,41.87194,12.56738
2405,1100,food & beverage,marina caprotti,45.0,italy,milan,supermarkets,food & beverage,italy,False,d,f,1978-01-17 00:00:00,caprotti,marina,2023-04-04 05:01:00,1978.0,1.0,17.0,110.62,0.6,2001244392042,61.9,101.9,82.9,24.3,59.1,60297396.0,41.87194,12.56738
2405,1100,technology,chang jing,40.0,china,beijing,technology,technology,china,True,d,m,1982-08-01 00:00:00,chang,jing,2023-04-04 05:01:00,1982.0,8.0,1.0,125.08,2.9,19910000000000,50.6,100.2,77.0,9.4,59.2,1397715000.0,35.86166,104.195397
2405,1100,healthcare,chen baohua,61.0,china,linhai,pharmaceutical,healthcare,china,True,d,m,1962-01-01 00:00:00,chen,baohua,2023-04-04 05:01:00,1962.0,1.0,1.0,125.08,2.9,19910000000000,50.6,100.2,77.0,9.4,59.2,1397715000.0,35.86166,104.195397
2405,1100,energy,gang chen,55.0,china,guangzhou,solar energy,energy,china,True,d,m,1968-01-01 00:00:00,chen,gang,2023-04-04 05:01:00,1968.0,1.0,1.0,125.08,2.9,19910000000000,50.6,100.2,77.0,9.4,59.2,1397715000.0,35.86166,104.195397
2405,1100,logistics,liying chen,47.0,china,shanghai,package delivery,logistics,china,True,d,f,1975-10-30 00:00:00,chen,liying,2023-04-04 05:01:00,1975.0,10.0,30.0,125.08,2.9,19910000000000,50.6,100.2,77.0,9.4,59.2,1397715000.0,35.86166,104.195397
2405,1100,technology,tony chen,73.0,taiwan,taichung,electronics,technology,taiwan,True,u,m,1949-07-01 00:00:00,chen,tony,2023-04-04 05:01:00,1949.0,7.0,1.0,117.24,2.9,21427700000000,65.6,101.8,78.5,9.6,41.2,328239523.0,37.09024,10.451526
2405,1100,manufacturing,chen xueling,55.0,china,shantou,stationery,manufacturing,china,True,d,f,1967-10-16 00:00:00,chen,xueling,2023-04-04 05:01:00,1967.0,10.0,16.0,125.08,2.9,19910000000000,50.6,100.2,77.0,9.4,59.2,1397715000.0,35.86166,104.195397
2405,1100,food & beverage,cheng lili,58.0,china,changzhou,poultry breeding,food & beverage,china,True,d,m,1965-01-01 00:00:00,cheng,lili,2023-04-04 05:01:00,1965.0,1.0,1.0,125.08,2.9,19910000000000,50.6,100.2,77.0,9.4,59.2,1397715000.0,35.86166,104.195397
2405,1100,technology,weili dai,61.0,united states,las vegas,semiconductors,technology,united states,True,d,f,1961-09-14 00:00:00,dai,weili,2023-04-04 05:01:00,1961.0,9.0,14.0,117.24,7.5,21427700000000,88.2,101.8,78.5,9.6,36.6,328239523.0,37.09024,-95.712891
2405,1100,manufacturing,deng yingzhong,72.0,china,zhongshan,paper,manufacturing,china,True,d,m,1951-01-01 00:00:00,deng,yingzhong,2023-04-04 05:01:00,1951.0,1.0,1.0,125.08,2.9,19910000000000,50.6,100.2,77.0,9.4,59.2,1397715000.0,35.86166,104.195397
2405,1100,finance & investments,shlomo eliahu,87.0,israel,tel aviv,insurance,finance & investments,israel,True,d,m,1936-01-18 00:00:00,eliahu,shlomo,2023-04-04 05:01:00,1936.0,1.0,18.0,108.15,0.8,395098666122,63.4,104.9,82.8,23.1,25.3,9053300.0,31.046051,34.851612
2405,1100,finance & investments,henry engelhardt,65.0,united kingdom,cardiff,insurance,finance & investments,united states,True,d,m,1958-01-17 00:00:00,engelhardt,henry,2023-04-04 05:01:00,1958.0,1.0,17.0,119.62,1.7,2827113184696,60.0,101.2,81.3,25.5,30.6,66834405.0,55.378051,-3.435973
2405,1100,service,gabriel escarrer,88.0,spain,palma de majorca,hotels,service,spain,True,e,m,1935-03-02 00:00:00,escarrer,gabriel,2023-04-04 05:01:00,1935.0,3.0,2.0,110.96,0.7,1394116310769,88.9,102.7,83.3,14.2,47.0,47076781.0,40.463667,-3.74922
2405,1100,manufacturing,daniel feffer,63.0,brazil,são paulo,pulp and paper,manufacturing,brazil,False,d,m,1959-10-28 00:00:00,feffer,daniel,2023-04-04 05:01:00,1959.0,10.0,28.0,167.4,3.7,1839758040766,51.3,115.4,75.7,14.2,65.1,212559417.0,-14.235004,-51.92528
2405,1100,telecom,gleb fetisov,56.0,cyprus,limassol,investments,telecom,russia,True,d,m,1966-06-05 00:00:00,fetisov,gleb,2023-04-04 05:01:00,1966.0,6.0,5.0,102.51,0.3,24564647935,75.9,99.3,80.8,24.5,22.4,1198575.0,35.126413,33.429859
2405,1100,fashion & retail,paul fireman,79.0,united states,brookline,reebok,fashion & retail,united states,True,e,m,1944-02-14 00:00:00,fireman,paul,2023-04-04 05:01:00,1944.0,2.0,14.0,117.24,7.5,21427700000000,88.2,101.8,78.5,9.6,36.6,328239523.0,37.09024,-95.712891
2405,1100,fashion & retail,robert fisher,69.0,united states,san francisco,gap,fashion & retail,united states,False,d,m,1953-08-01 00:00:00,fisher,robert,2023-04-04 05:01:00,1953.0,8.0,1.0,117.24,7.5,21427700000000,88.2,101.8,78.5,9.6,36.6,328239523.0,37.09024,-95.712891
2405,1100,fashion & retail,bernd freier,66.0,germany,rottendorf,fashion retail,fashion & retail,germany,True,d,m,1957-01-01 00:00:00,freier,bernd,2023-04-04 05:01:00,1957.0,1.0,1.0,112.85,1.4,3845630030824,70.2,104.0,80.9,11.5,48.8,83132799.0,51.165691,10.451526
2405,1100,manufacturing,donald friese,82.0,united states,los angeles,manufacturing,manufacturing,united states,True,e,m,1940-10-03 00:00:00,friese,donald,2023-04-04 05:01:00,1940.0,10.0,3.0,117.24,7.5,21427700000000,88.2,101.8,78.5,9.6,36.6,328239523.0,37.09024,-95.712891
2405,1100,healthcare,gan zhongru,74.0,china,beijing,pharmaceuticals,healthcare,china,True,d,m,1948-07-01 00:00:00,gan,zhongru,2023-04-04 05:01:00,1948.0,7.0,1.0,125.08,2.9,19910000000000,50.6,100.2,77.0,9.4,59.2,1397715000.0,35.86166,104.195397
2405,1100,fashion & retail,rahul gautam,70.0,india,delhi,mattresses,fashion & retail,india,False,d,m,1952-11-18 00:00:00,gautam,rahul,2023-04-04 05:01:00,1952.0,11.0,18.0,180.44,7.7,2611000000000,28.1,113.0,69.4,11.2,49.7,1366417754.0,20.593684,78.96288
2405,1100,finance & investments,david golub,60.0,united states,new york,private equity,finance & investments,united states,True,e,m,1962-04-16 00:00:00,golub,david,2023-04-04 05:01:00,1962.0,4.0,16.0,117.24,7.5,21427700000000,88.2,101.8,78.5,9.6,36.6,328239523.0,37.09024,-95.712891
2405,1100,real estate,pavel golubkov,47.0,russia,moscow,"building, development",real estate,russia,True,n,m,1976-03-13 00:00:00,golubkov,pavel,2023-04-04 05:01:00,1976.0,3.0,13.0,180.75,4.5,1699876578871,81.9,102.6,72.7,11.4,46.2,144373535.0,61.52401,105.318756
2405,1100,energy,said gutseriev,34.0,united kingdom,london,"retail, investments",energy,russia,False,r,m,1988-04-18 00:00:00,gutseriev,said,2023-04-04 05:01:00,1988.0,4.0,18.0,119.62,1.7,2827113184696,60.0,101.2,81.3,25.5,30.6,66834405.0,55.378051,-3.435973
2405,1100,service,polys haji-ioannou,63.0,monaco,monaco,easyjet,service,cyprus,False,u,m,1960-01-11 00:00:00,haji-ioannou,polys,2023-04-04 05:01:00,1960.0,1.0,11.0,117.24,2.9,7184844193,65.6,101.8,78.5,9.6,41.2,38964.0,43.7384176,7.4246158
2405,1100,food & beverage,he zuxun,57.0,china,kunming,pig breeding,food & beverage,china,True,d,m,1965-10-28 00:00:00,he,zuxun,2023-04-04 05:01:00,1965.0,10.0,28.0,125.08,2.9,19910000000000,50.6,100.2,77.0,9.4,59.2,1397715000.0,35.86166,104.195397
2405,1100,technology,david hindawi,78.0,united states,seattle,software,technology,united states,True,d,m,1944-12-08 00:00:00,hindawi,david,2023-04-04 05:01:00,1944.0,12.0,8.0,117.24,7.5,21427700000000,88.2,101.8,78.5,9.6,36.6,328239523.0,37.09024,-95.712891
2405,1100,technology,huang shan,52.0,china,shenzhen,software,technology,china,True,r,m,1970-08-09 00:00:00,huang,shan,2023-04-04 05:01:00,1970.0,8.0,9.0,125.08,2.9,19910000000000,50.6,100.2,77.0,9.4,59.2,1397715000.0,35.86166,104.195397
2405,1100,technology,huang xiaofen & family,61.0,china,shenzhen,printed circuit boards,technology,china,True,d,f,1962-01-01 00:00:00,huang,xiaofen,2023-04-04 05:01:00,1962.0,1.0,1.0,125.08,2.9,19910000000000,50.6,100.2,77.0,9.4,59.2,1397715000.0,35.86166,104.195397
2405,1100,automotive,hiroshi ishibashi,76.0,japan,tokyo,tires,automotive,japan,False,u,m,1946-08-01 00:00:00,ishibashi,hiroshi,2023-04-04 05:01:00,1946.0,8.0,1.0,105.48,0.5,5081769542380,63.2,98.8,84.2,11.9,46.7,126226568.0,36.204824,138.252924
2405,1100,gambling & casinos,masayuki ishihara,74.0,japan,tokyo,pachinko machines,gambling & casinos,japan,False,r,m,1948-12-15 00:00:00,ishihara,masayuki,2023-04-04 05:01:00,1948.0,12.0,15.0,105.48,0.5,5081769542380,63.2,98.8,84.2,11.9,46.7,126226568.0,36.204824,138.252924
2405,1100,finance & investments,chatchai kaewbootta,71.0,thailand,bangkok,auto loans,finance & investments,thailand,True,d,m,1951-07-05 00:00:00,kaewbootta,chatchai,2023-04-04 05:01:00,1951.0,7.0,5.0,113.27,0.7,543649976166,49.3,99.8,76.9,14.9,29.5,69625582.0,15.870032,100.992541
2405,1100,finance & investments,nikhil kamath,36.0,india,bangalore,financial services,finance & investments,india,True,n,m,1986-09-05 00:00:00,kamath,nikhil,2023-04-04 05:01:00,1986.0,9.0,5.0,180.44,7.7,2611000000000,28.1,113.0,69.4,11.2,49.7,1366417754.0,20.593684,78.96288
2405,1100,finance & investments,jonas kamprad,57.0,united kingdom,london,ikea,finance & investments,sweden,False,e,m,1966-03-04 00:00:00,kamprad,jonas,2023-04-04 05:01:00,1966.0,3.0,4.0,119.62,1.7,2827113184696,60.0,101.2,81.3,25.5,30.6,66834405.0,55.378051,-3.435973
2405,1100,finance & investments,mathias kamprad,53.0,united kingdom,london,ikea,finance & investments,sweden,False,e,m,1969-06-27 00:00:00,kamprad,mathias,2023-04-04 05:01:00,1969.0,6.0,27.0,119.62,1.7,2827113184696,60.0,101.2,81.3,25.5,30.6,66834405.0,55.378051,-3.435973
2405,1100,finance & investments,peter kamprad,59.0,belgium,tervuren,ikea,finance & investments,sweden,False,e,m,1964-03-29 00:00:00,kamprad,peter,2023-04-04 05:01:00,1964.0,3.0,29.0,117.11,1.4,529606710418,79.7,103.9,81.6,24.0,55.4,11484055.0,50.503887,4.469936
2405,1100,service,fumio kaneko,66.0,japan,kobe,waste management,service,japan,True,n,m,1956-10-17 00:00:00,kaneko,fumio,2023-04-04 05:01:00,1956.0,10.0,17.0,105.48,0.5,5081769542380,63.2,98.8,84.2,11.9,46.7,126226568.0,36.204824,138.252924
2405,1100,automotive,sunjay kapur,51.0,india,delhi,auto parts,automotive,united states,False,d,m,1971-10-15 00:00:00,kapur,sunjay,2023-04-04 05:01:00,1971.0,10.0,15.0,180.44,7.7,2611000000000,28.1,113.0,69.4,11.2,49.7,1366417754.0,20.593684,78.96288
2405,1100,energy,ali metin kazanci,88.0,turkey,istanbul,energy,energy,turkey,True,r,m,1934-08-30 00:00:00,kazanci,ali metin,2023-04-04 05:01:00,1934.0,8.0,30.0,234.44,15.2,754411708203,23.9,93.2,77.4,17.9,42.3,83429615.0,38.963745,35.243322
2405,1100,healthcare,kangbao ke & family,60.0,china,guangzhou,retailing,healthcare,china,True,u,m,1963-01-01 00:00:00,ke,kangbao,2023-04-04 05:01:00,1963.0,1.0,1.0,125.08,2.9,19910000000000,50.6,100.2,77.0,9.4,59.2,1397715000.0,35.86166,104.195397
2405,1100,sports,carsten koerl,58.0,switzerland,zurich,sports data,sports,germany,True,d,m,1964-11-27 00:00:00,koerl,carsten,2023-04-04 05:01:00,1964.0,11.0,27.0,99.55,0.4,703082435360,59.6,105.2,83.6,10.1,28.8,8574832.0,46.818188,8.227512
2405,1100,technology,koo bon-sik,64.0,south korea,seoul,lg,technology,south korea,False,e,m,1958-06-28 00:00:00,koo,bon-sik,2023-04-04 05:01:00,1958.0,6.0,28.0,115.16,0.4,2029000000000,94.3,98.1,82.6,15.6,33.2,51709098.0,35.907757,127.766922
2405,1100,energy,andrei kosogov,62.0,russia,moscow,banking,energy,russia,True,d,m,1961-03-15 00:00:00,kosogov,andrei,2023-04-04 05:01:00,1961.0,3.0,15.0,180.75,4.5,1699876578871,81.9,102.6,72.7,11.4,46.2,144373535.0,61.52401,105.318756
2405,1100,manufacturing,yogesh kothari,74.0,india,mumbai,specialty chemicals,manufacturing,india,True,d,m,1949-01-01 00:00:00,kothari,yogesh,2023-04-04 05:01:00,1949.0,1.0,1.0,180.44,7.7,2611000000000,28.1,113.0,69.4,11.2,49.7,1366417754.0,20.593684,78.96288
2405,1100,healthcare,arvind lal,73.0,india,delhi,medical diagnostics,healthcare,india,False,d,m,1949-08-22 00:00:00,lal,arvind,2023-04-04 05:01:00,1949.0,8.0,22.0,180.44,7.7,2611000000000,28.1,113.0,69.4,11.2,49.7,1366417754.0,20.593684,78.96288
2405,1100,gambling & casinos,manuel lao hernández,78.0,spain,matadepera,casinos,gambling & casinos,spain,True,d,m,1944-06-10 00:00:00,lao hernández,manuel,2023-04-04 05:01:00,1944.0,6.0,10.0,110.96,0.7,1394116310769,88.9,102.7,83.3,14.2,47.0,47076781.0,40.463667,-3.74922
2405,1100,construction & engineering,lee joong-keun,82.0,south korea,seoul,"construction, real estate",construction & engineering,south korea,True,d,m,1941-01-11 00:00:00,lee,joong-keun,2023-04-04 05:01:00,1941.0,1.0,11.0,115.16,0.4,2029000000000,94.3,98.1,82.6,15.6,33.2,51709098.0,35.907757,127.766922
2405,1100,finance & investments,nancy lerner,62.0,united states,cleveland,"banking, credit cards",finance & investments,united states,False,e,f,1960-05-11 00:00:00,lerner,nancy,2023-04-04 05:01:00,1960.0,5.0,11.0,117.24,7.5,21427700000000,88.2,101.8,78.5,9.6,36.6,328239523.0,37.09024,-95.712891
2405,1100,finance & investments,norma lerner,87.0,united states,cleveland,banking,finance & investments,united states,False,e,f,1936-03-28 00:00:00,lerner,norma,2023-04-04 05:01:00,1936.0,3.0,28.0,117.24,7.5,21427700000000,88.2,101.8,78.5,9.6,36.6,328239523.0,37.09024,-95.712891
2405,1100,finance & investments,randolph lerner,61.0,united states,cleveland,"banking, credit cards",finance & investments,united states,False,e,m,1962-02-21 00:00:00,lerner,randolph,2023-04-04 05:01:00,1962.0,2.0,21.0,117.24,7.5,21427700000000,88.2,101.8,78.5,9.6,36.6,328239523.0,37.09024,-95.712891
2405,1100,healthcare,lin zhijun,47.0,china,xiamen,medical devices,healthcare,china,True,d,m,1975-09-01 00:00:00,lin,zhijun,2023-04-04 05:01:00,1975.0,9.0,1.0,125.08,2.9,19910000000000,50.6,100.2,77.0,9.4,59.2,1397715000.0,35.86166,104.195397
2405,1100,healthcare,lin zhixiong & family,49.0,china,xiamen,medical devices,healthcare,china,True,d,m,1973-07-01 00:00:00,lin,zhixiong,2023-04-04 05:01:00,1973.0,7.0,1.0,125.08,2.9,19910000000000,50.6,100.2,77.0,9.4,59.2,1397715000.0,35.86166,104.195397
2405,1100,manufacturing,jeffrey lorberbaum,68.0,united states,chattanooga,flooring,manufacturing,united states,False,d,m,1954-10-25 00:00:00,lorberbaum,jeffrey,2023-04-04 05:01:00,1954.0,10.0,25.0,117.24,7.5,21427700000000,88.2,101.8,78.5,9.6,36.6,328239523.0,37.09024,-95.712891
2405,1100,telecom,lu rongfu,52.0,china,xiamen,telecommunication,telecom,china,True,d,m,1971-01-01 00:00:00,lu,rongfu,2023-04-04 05:01:00,1971.0,1.0,1.0,125.08,2.9,19910000000000,50.6,100.2,77.0,9.4,59.2,1397715000.0,35.86166,104.195397
2405,1100,fashion & retail,lyu yixiong,60.0,china,shanghai,cosmetics,fashion & retail,china,True,n,m,1963-01-01 00:00:00,lyu,yixiong,2023-04-04 05:01:00,1963.0,1.0,1.0,125.08,2.9,19910000000000,50.6,100.2,77.0,9.4,59.2,1397715000.0,35.86166,104.195397
2405,1100,technology,soichiro minami,46.0,japan,tokyo,internet and software,technology,japan,True,e,m,1976-06-15 00:00:00,minami,soichiro,2023-04-04 05:01:00,1976.0,6.0,15.0,105.48,0.5,5081769542380,63.2,98.8,84.2,11.9,46.7,126226568.0,36.204824,138.252924
2405,1100,automotive,pawan munjal,68.0,india,delhi,two wheelers,automotive,india,False,split family fortune,m,1954-10-28 00:00:00,munjal,pawan,2023-04-04 05:01:00,1954.0,10.0,28.0,180.44,7.7,2611000000000,28.1,113.0,69.4,11.2,49.7,1366417754.0,20.593684,78.96288
2405,1100,automotive,renu munjal,68.0,india,delhi,two wheelers,automotive,india,False,split family fortune,f,1955-03-06 00:00:00,munjal,renu,2023-04-04 05:01:00,1955.0,3.0,6.0,180.44,7.7,2611000000000,28.1,113.0,69.4,11.2,49.7,1366417754.0,20.593684,78.96288
2405,1100,automotive,suman munjal,70.0,india,delhi,motorcycles,automotive,india,False,split family fortune,m,1953-02-26 00:00:00,munjal,suman,2023-04-04 05:01:00,1953.0,2.0,26.0,180.44,7.7,2611000000000,28.1,113.0,69.4,11.2,49.7,1366417754.0,20.593684,78.96288
2405,1100,energy,dmitry nikolaev,56.0,russia,kemerovo,coal,energy,russia,True,n,m,1966-08-17 00:00:00,nikolaev,dmitry,2023-04-04 05:01:00,1966.0,8.0,17.0,180.75,4.5,1699876578871,81.9,102.6,72.7,11.4,46.2,144373535.0,61.52401,105.318756
2405,1100,automotive,sjamsul nursalim,81.0,singapore,singapore,"tires, retail",automotive,indonesia,False,r,m,1942-01-19 00:00:00,nursalim,sjamsul,2023-04-04 05:01:00,1942.0,1.0,19.0,114.41,0.6,372062527489,84.8,100.6,83.1,13.1,21.0,5703569.0,1.352083,103.819836
2405,1100,fashion & retail,adrian paval,54.0,romania,bacau,retail,fashion & retail,romania,True,u,m,1968-09-23 00:00:00,paval,adrian,2023-04-04 05:01:00,1968.0,9.0,23.0,123.78,3.8,250077444017,49.4,85.2,75.4,14.6,20.0,19356544.0,45.943161,24.96676
2405,1100,diversified,antonio percassi,69.0,italy,bergamo,"real estate, diversified",diversified,italy,True,d,m,1953-06-09 00:00:00,percassi,antonio,2023-04-04 05:01:00,1953.0,6.0,9.0,110.62,0.6,2001244392042,61.9,101.9,82.9,24.3,59.1,60297396.0,41.87194,12.56738
2405,1100,fashion & retail,kevin plank,50.0,united states,lutherville-timonium,under armour,fashion & retail,united states,True,d,m,1972-08-13 00:00:00,plank,kevin,2023-04-04 05:01:00,1972.0,8.0,13.0,117.24,7.5,21427700000000,88.2,101.8,78.5,9.6,36.6,328239523.0,37.09024,-95.712891
2405,1100,healthcare,g.v. prasad,62.0,india,hyderabad,pharmaceuticals,healthcare,india,False,u,m,1960-11-22 00:00:00,prasad,g.v.,2023-04-04 05:01:00,1960.0,11.0,22.0,180.44,7.7,2611000000000,28.1,113.0,69.4,11.2,49.7,1366417754.0,20.593684,78.96288
2405,1100,healthcare,pu zhongjie & family,60.0,china,beijing,medical equipment,healthcare,china,True,e,m,1963-01-01 00:00:00,pu,zhongjie,2023-04-04 05:01:00,1963.0,1.0,1.0,125.08,2.9,19910000000000,50.6,100.2,77.0,9.4,59.2,1397715000.0,35.86166,104.195397
2405,1100,healthcare,rao wei & family,58.0,china,shenzhen,pharmaceuticals,healthcare,china,True,r,m,1964-11-12 00:00:00,rao,wei,2023-04-04 05:01:00,1964.0,11.0,12.0,125.08,2.9,19910000000000,50.6,100.2,77.0,9.4,59.2,1397715000.0,35.86166,104.195397
2405,1100,service,helena revoredo,76.0,spain,madrid,security services,service,spain,False,d,f,1947-02-10 00:00:00,revoredo,helena,2023-04-04 05:01:00,1947.0,2.0,10.0,110.96,0.7,1394116310769,88.9,102.7,83.3,14.2,47.0,47076781.0,40.463667,-3.74922
2405,1100,finance & investments,matthew roszak,50.0,united states,chicago,cryptocurrency,finance & investments,united states,True,d,m,1972-12-09 00:00:00,roszak,matthew,2023-04-04 05:01:00,1972.0,12.0,9.0,117.24,7.5,21427700000000,88.2,101.8,78.5,9.6,36.6,328239523.0,37.09024,-95.712891
2405,1100,technology,paul sciarra,42.0,united states,san francisco,pinterest,technology,united states,True,d,m,1981-02-15 00:00:00,sciarra,paul,2023-04-04 05:01:00,1981.0,2.0,15.0,117.24,7.5,21427700000000,88.2,101.8,78.5,9.6,36.6,328239523.0,37.09024,-95.712891
2405,1100,finance & investments,rajesh sharma,53.0,india,mumbai,finance,finance & investments,india,False,n,m,1970-02-25 00:00:00,sharma,rajesh,2023-04-04 05:01:00,1970.0,2.0,25.0,180.44,7.7,2611000000000,28.1,113.0,69.4,11.2,49.7,1366417754.0,20.593684,78.96288
2405,1100,energy,dean solon,58.0,united states,gallatin,solar systems,energy,united states,True,u,m,1965-01-01 00:00:00,solon,dean,2023-04-04 05:01:00,1965.0,1.0,1.0,117.24,7.5,21427700000000,88.2,101.8,78.5,9.6,36.6,328239523.0,37.09024,-95.712891
2405,1100,finance & investments,michael spencer,67.0,united kingdom,"london, suffolk",stock exchange,finance & investments,united kingdom,True,e,m,1955-05-30 00:00:00,spencer,michael,2023-04-04 05:01:00,1955.0,5.0,30.0,119.62,1.7,2827113184696,60.0,101.2,81.3,25.5,30.6,66834405.0,55.378051,-3.435973
2405,1100,finance & investments,joseph steinberg,79.0,united states,new york,investments,finance & investments,united states,True,u,m,1944-02-05 00:00:00,steinberg,joseph,2023-04-04 05:01:00,1944.0,2.0,5.0,117.24,7.5,21427700000000,88.2,101.8,78.5,9.6,36.6,328239523.0,37.09024,-95.712891
2405,1100,food & beverage,zachary stern,41.0,united states,jackson,liquor,food & beverage,united states,False,split family fortune,m,1982-01-09 00:00:00,stern,zachary,2023-04-04 05:01:00,1982.0,1.0,9.0,117.24,7.5,21427700000000,88.2,101.8,78.5,9.6,36.6,328239523.0,37.09024,-95.712891
2405,1100,manufacturing,manny stul,73.0,australia,melbourne,toys,manufacturing,australia,True,d,m,1949-05-09 00:00:00,stul,manny,2023-04-04 05:01:00,1949.0,5.0,9.0,119.8,1.6,1392680589329,113.1,100.3,82.7,23.0,47.4,25766605.0,-25.274398,133.775136
2405,1100,technology,sun hongjun,49.0,china,shanghai,semiconductors,technology,china,True,d,m,1973-07-01 00:00:00,sun,hongjun,2023-04-04 05:01:00,1973.0,7.0,1.0,125.08,2.9,19910000000000,50.6,100.2,77.0,9.4,59.2,1397715000.0,35.86166,104.195397
2405,1100,manufacturing,sun weijie,59.0,china,yantai,oilfield equipment,manufacturing,china,True,d,m,1963-07-26 00:00:00,sun,weijie,2023-04-04 05:01:00,1963.0,7.0,26.0,125.08,2.9,19910000000000,50.6,100.2,77.0,9.4,59.2,1397715000.0,35.86166,104.195397
2405,1100,technology,sehat sutardja,61.0,united states,las vegas,semiconductors,technology,united states,True,d,m,1961-07-09 00:00:00,sutardja,sehat,2023-04-04 05:01:00,1961.0,7.0,9.0,117.24,7.5,21427700000000,88.2,101.8,78.5,9.6,36.6,328239523.0,37.09024,-95.712891
2405,1100,media & entertainment,min-liang tan,45.0,singapore,singapore,gaming,media & entertainment,singapore,True,r,m,1977-11-05 00:00:00,tan,min-liang,2023-04-04 05:01:00,1977.0,11.0,5.0,114.41,0.6,372062527489,84.8,100.6,83.1,13.1,21.0,5703569.0,1.352083,103.819836
2405,1100,fashion & retail,tan yu yeh,52.0,malaysia,selangor,retail,fashion & retail,malaysia,True,d,m,1971-01-01 00:00:00,tan,yu yeh,2023-04-04 05:01:00,1971.0,1.0,1.0,121.46,0.7,364701517788,45.1,105.3,76.0,12.0,38.7,32447385.0,4.210484,101.975766
2405,1100,automotive,tang aoqi & family,77.0,china,changzhou,auto parts,automotive,china,True,n,m,1945-04-11 00:00:00,tang,aoqi,2023-04-04 05:01:00,1945.0,4.0,11.0,125.08,2.9,19910000000000,50.6,100.2,77.0,9.4,59.2,1397715000.0,35.86166,104.195397
2405,1100,manufacturing,vonnarat tangkaravakoon,51.0,thailand,bangkok,"wire & cables, paints",manufacturing,thailand,False,d,m,1971-09-11 00:00:00,tangkaravakoon,vonnarat,2023-04-04 05:01:00,1971.0,9.0,11.0,113.27,0.7,543649976166,49.3,99.8,76.9,14.9,29.5,69625582.0,15.870032,100.992541
2405,1100,food & beverage,tsao ter-fung,76.0,taiwan,taipei,food,food & beverage,taiwan,True,n,m,1947-01-01 00:00:00,tsao,ter-fung,2023-04-04 05:01:00,1947.0,1.0,1.0,117.24,2.9,21427700000000,65.6,101.8,78.5,9.6,41.2,328239523.0,37.09024,10.451526
2405,1100,manufacturing,tung ching sai,58.0,china,dongguan,manufacturing,manufacturing,china,True,d,m,1965-01-01 00:00:00,tung,ching sai,2023-04-04 05:01:00,1965.0,1.0,1.0,125.08,2.9,19910000000000,50.6,100.2,77.0,9.4,59.2,1397715000.0,35.86166,104.195397
2405,1100,technology,arkady volozh,59.0,israel,tel aviv,search engine,technology,russia,True,r,m,1964-02-11 00:00:00,volozh,arkady,2023-04-04 05:01:00,1964.0,2.0,11.0,108.15,0.8,395098666122,63.4,104.9,82.8,23.1,25.3,9053300.0,31.046051,34.851612
2405,1100,manufacturing,peter-alexander wacker,71.0,germany,starnberg,chemicals,manufacturing,germany,False,u,m,1951-10-02 00:00:00,wacker,peter-alexander,2023-04-04 05:01:00,1951.0,10.0,2.0,112.85,1.4,3845630030824,70.2,104.0,80.9,11.5,48.8,83132799.0,51.165691,10.451526
2405,1100,food & beverage,wan long,82.0,china,luohe,food,food & beverage,china,True,d,m,1940-09-01 00:00:00,wan,long,2023-04-04 05:01:00,1940.0,9.0,1.0,125.08,2.9,19910000000000,50.6,100.2,77.0,9.4,59.2,1397715000.0,35.86166,104.195397
2405,1100,diversified,wang han,35.0,china,shanghai,airline,diversified,china,False,d,m,1987-08-01 00:00:00,wang,han,2023-04-04 05:01:00,1987.0,8.0,1.0,125.08,2.9,19910000000000,50.6,100.2,77.0,9.4,59.2,1397715000.0,35.86166,104.195397
2405,1100,media & entertainment,lars wingefors,46.0,sweden,karlstad,video games,media & entertainment,sweden,True,d,m,1977-04-02 00:00:00,wingefors,lars,2023-04-04 05:01:00,1977.0,4.0,2.0,110.51,1.8,530832908738,67.0,126.6,82.5,27.9,49.1,10285453.0,60.128161,18.643501
2405,1100,manufacturing,allan wong,73.0,hong kong,hong kong,electronics,manufacturing,hong kong,True,e,m,1950-04-01 00:00:00,wong,allan,2023-04-04 05:01:00,1950.0,4.0,1.0,117.24,2.9,21427700000000,65.6,101.8,78.5,9.6,41.2,328239523.0,37.09024,10.451526
2405,1100,sports,tiger woods,47.0,united states,jupiter island,golf,sports,united states,True,n,m,1975-12-30 00:00:00,woods,tiger,2023-04-04 05:01:00,1975.0,12.0,30.0,117.24,7.5,21427700000000,88.2,101.8,78.5,9.6,36.6,328239523.0,37.09024,-95.712891
2405,1100,fashion & retail,horst wortmann,81.0,germany,detmold,footwear,fashion & retail,germany,True,d,m,1941-05-08 00:00:00,wortmann,horst,2023-04-04 05:01:00,1941.0,5.0,8.0,112.85,1.4,3845630030824,70.2,104.0,80.9,11.5,48.8,83132799.0,51.165691,10.451526
2405,1100,telecom,wu kaiting,53.0,china,xiamen,electronics,telecom,hong kong,True,d,m,1969-12-01 00:00:00,wu,kaiting,2023-04-04 05:01:00,1969.0,12.0,1.0,125.08,2.9,19910000000000,50.6,100.2,77.0,9.4,59.2,1397715000.0,35.86166,104.195397
2405,1100,manufacturing,wu li-gann,82.0,taiwan,kaohsiung,electronic components,manufacturing,taiwan,True,d,m,1941-01-01 00:00:00,wu,li-gann,2023-04-04 05:01:00,1941.0,1.0,1.0,117.24,2.9,21427700000000,65.6,101.8,78.5,9.6,41.2,328239523.0,37.09024,10.451526
2405,1100,food & beverage,wu xiangdong,54.0,china,beijing,consumer,food & beverage,china,True,d,m,1969-01-01 00:00:00,wu,xiangdong,2023-04-04 05:01:00,1969.0,1.0,1.0,125.08,2.9,19910000000000,50.6,100.2,77.0,9.4,59.2,1397715000.0,35.86166,104.195397
2405,1100,healthcare,xiu laigui,68.0,china,tonghua,pharmaceuticals,healthcare,china,True,d,m,1954-07-01 00:00:00,xiu,laigui,2023-04-04 05:01:00,1954.0,7.0,1.0,125.08,2.9,19910000000000,50.6,100.2,77.0,9.4,59.2,1397715000.0,35.86166,104.195397
2405,1100,healthcare,xu jiangnan,61.0,china,leping,vitamins,healthcare,china,True,n,m,1962-01-01 00:00:00,xu,jiangnan,2023-04-04 05:01:00,1962.0,1.0,1.0,125.08,2.9,19910000000000,50.6,100.2,77.0,9.4,59.2,1397715000.0,35.86166,104.195397
2405,1100,telecom,xue jiping,72.0,china,nantong,cable,telecom,china,True,d,m,1951-01-01 00:00:00,xue,jiping,2023-04-04 05:01:00,1951.0,1.0,1.0,125.08,2.9,19910000000000,50.6,100.2,77.0,9.4,59.2,1397715000.0,35.86166,104.195397
2405,1100,manufacturing,yao hsiao tung,83.0,singapore,singapore,manufacturing,manufacturing,singapore,True,u,m,1940-01-01 00:00:00,yao,hsiao tung,2023-04-04 05:01:00,1940.0,1.0,1.0,114.41,0.6,372062527489,84.8,100.6,83.1,13.1,21.0,5703569.0,1.352083,103.819836
2405,1100,technology,ye qiongjiu,68.0,china,hangzhou,software,technology,china,True,u,f,1954-10-14 00:00:00,ye,qiongjiu,2023-04-04 05:01:00,1954.0,10.0,14.0,125.08,2.9,19910000000000,50.6,100.2,77.0,9.4,59.2,1397715000.0,35.86166,104.195397
2405,1100,food & beverage,yanqiao ye,53.0,china,foshan,soy sauce,food & beverage,china,True,d,m,1969-10-01 00:00:00,ye,yanqiao,2023-04-04 05:01:00,1969.0,10.0,1.0,125.08,2.9,19910000000000,50.6,100.2,77.0,9.4,59.2,1397715000.0,35.86166,104.195397
2405,1100,media & entertainment,yu faxiang,51.0,china,shaoxing,"tourism, cultural industry",media & entertainment,china,True,d,m,1971-10-07 00:00:00,yu,faxiang,2023-04-04 05:01:00,1971.0,10.0,7.0,125.08,2.9,19910000000000,50.6,100.2,77.0,9.4,59.2,1397715000.0,35.86166,104.195397
2405,1100,metals & mining,zeng chaolin,40.0,china,yongzhou,aluminium,metals & mining,china,False,d,m,1982-08-01 00:00:00,zeng,chaolin,2023-04-04 05:01:00,1982.0,8.0,1.0,125.08,2.9,19910000000000,50.6,100.2,77.0,9.4,59.2,1397715000.0,35.86166,104.195397
2405,1100,construction & engineering,kapeng zhang,58.0,china,linhai,building materials,construction & engineering,china,True,u,m,1965-01-01 00:00:00,zhang,kapeng,2023-04-04 05:01:00,1965.0,1.0,1.0,125.08,2.9,19910000000000,50.6,100.2,77.0,9.4,59.2,1397715000.0,35.86166,104.195397
2405,1100,fashion & retail,zhang xuansong,51.0,china,fuzhou,supermarkets,fashion & retail,china,True,d,m,1971-10-09 00:00:00,zhang,xuansong,2023-04-04 05:01:00,1971.0,10.0,9.0,125.08,2.9,19910000000000,50.6,100.2,77.0,9.4,59.2,1397715000.0,35.86166,104.195397
2405,1100,food & beverage,zhang xuewu,48.0,china,changsha,snacks,food & beverage,china,True,r,m,1974-08-19 00:00:00,zhang,xuewu,2023-04-04 05:01:00,1974.0,8.0,19.0,125.08,2.9,19910000000000,50.6,100.2,77.0,9.4,59.2,1397715000.0,35.86166,104.195397
2405,1100,technology,zhu yiming,50.0,china,beijing,semiconductors,technology,china,True,d,m,1972-07-01 00:00:00,zhu,yiming,2023-04-04 05:01:00,1972.0,7.0,1.0,125.08,2.9,19910000000000,50.6,100.2,77.0,9.4,59.2,1397715000.0,35.86166,104.195397
2405,1100,manufacturing,zhu zhaojiang,49.0,china,shenzhen,smartphones,manufacturing,china,True,d,m,1974-01-01 00:00:00,zhu,zhaojiang,2023-04-04 05:01:00,1974.0,1.0,1.0,125.08,2.9,19910000000000,50.6,100.2,77.0,9.4,59.2,1397715000.0,35.86166,104.195397
2405,1100,manufacturing,zhuo jun,57.0,hong kong,hong kong,printed circuit boards,manufacturing,hong kong,False,d,f,1966-01-01 00:00:00,zhuo,jun,2023-04-04 05:01:00,1966.0,1.0,1.0,117.24,2.9,21427700000000,65.6,101.8,78.5,9.6,41.2,328239523.0,37.09024,10.451526
2540,1000,food & beverage,manohar lal agarwal,68.0,india,delhi,snacks,food & beverage,india,False,n,m,1954-10-30 00:00:00,agarwal,manohar lal,2023-04-04 05:01:00,1954.0,10.0,30.0,180.44,7.7,2611000000000,28.1,113.0,69.4,11.2,49.7,1366417754.0,20.593684,78.96288
2540,1000,finance & investments,christian angermayer,44.0,united kingdom,london,investments,finance & investments,germany,True,d,m,1978-04-26 00:00:00,angermayer,christian,2023-04-04 05:01:00,1978.0,4.0,26.0,119.62,1.7,2827113184696,60.0,101.2,81.3,25.5,30.6,66834405.0,55.378051,-3.435973
2540,1000,fashion & retail,ryuji arai,76.0,japan,tokyo,retail,fashion & retail,japan,True,d,m,1946-05-28 00:00:00,arai,ryuji,2023-04-04 05:01:00,1946.0,5.0,28.0,105.48,0.5,5081769542380,63.2,98.8,84.2,11.9,46.7,126226568.0,36.204824,138.252924
2540,1000,healthcare,anna maria braun,44.0,germany,melsungen,medical technology,healthcare,germany,False,d,f,1979-01-01 00:00:00,braun,anna maria,2023-04-04 05:01:00,1979.0,1.0,1.0,112.85,1.4,3845630030824,70.2,104.0,80.9,11.5,48.8,83132799.0,51.165691,10.451526
2540,1000,healthcare,johanna braun,43.0,germany,melsungen,medical technology,healthcare,germany,False,e,f,1980-01-01 00:00:00,braun,johanna,2023-04-04 05:01:00,1980.0,1.0,1.0,112.85,1.4,3845630030824,70.2,104.0,80.9,11.5,48.8,83132799.0,51.165691,10.451526
2540,1000,healthcare,karl friedrich braun,40.0,germany,melsungen,medical technology,healthcare,germany,False,e,m,1983-01-01 00:00:00,braun,karl friedrich,2023-04-04 05:01:00,1983.0,1.0,1.0,112.85,1.4,3845630030824,70.2,104.0,80.9,11.5,48.8,83132799.0,51.165691,10.451526
2540,1000,healthcare,ludwig theodor braun,33.0,germany,melsungen,medical technology,healthcare,germany,False,d,m,1990-01-01 00:00:00,braun,ludwig theodor,2023-04-04 05:01:00,1990.0,1.0,1.0,112.85,1.4,3845630030824,70.2,104.0,80.9,11.5,48.8,83132799.0,51.165691,10.451526
2540,1000,diversified,ana maria brescia cafferata,98.0,peru,lima,"mining, banking",diversified,peru,False,d,f,1924-04-19 00:00:00,brescia cafferata,ana maria,2023-04-04 05:01:00,1924.0,4.0,19.0,129.78,2.1,226848050820,70.7,106.9,76.5,14.3,36.8,32510453.0,-9.189967,-75.015152
2540,1000,media & entertainment,jimmy buffett,76.0,united states,palm beach,"entertainment, margaritaville",media & entertainment,united states,True,n,m,1946-12-25 00:00:00,buffett,jimmy,2023-04-04 05:01:00,1946.0,12.0,25.0,117.24,7.5,21427700000000,88.2,101.8,78.5,9.6,36.6,328239523.0,37.09024,-95.712891
2540,1000,gambling & casinos,hideyuki busujima,70.0,japan,tokyo,pachinko machines,gambling & casinos,japan,False,r,m,1952-09-30 00:00:00,busujima,hideyuki,2023-04-04 05:01:00,1952.0,9.0,30.0,105.48,0.5,5081769542380,63.2,98.8,84.2,11.9,46.7,126226568.0,36.204824,138.252924
2540,1000,finance & investments,edouard carmignac,75.0,france,paris,asset management,finance & investments,france,True,d,m,1947-09-04 00:00:00,carmignac,edouard,2023-04-04 05:01:00,1947.0,9.0,4.0,110.05,1.1,2715518274227,65.6,102.5,82.5,24.2,60.7,67059887.0,46.227638,2.213749
2540,1000,manufacturing,chen jiancheng,64.0,china,shangyu,manufacturing,manufacturing,china,True,d,m,1959-01-13 00:00:00,chen,jiancheng,2023-04-04 05:01:00,1959.0,1.0,13.0,125.08,2.9,19910000000000,50.6,100.2,77.0,9.4,59.2,1397715000.0,35.86166,104.195397
2540,1000,media & entertainment,rui chen,45.0,china,shanghai,online entertainment,media & entertainment,china,True,r,m,1978-01-01 00:00:00,chen,rui,2023-04-04 05:01:00,1978.0,1.0,1.0,125.08,2.9,19910000000000,50.6,100.2,77.0,9.4,59.2,1397715000.0,35.86166,104.195397
2540,1000,manufacturing,chen shiliang,59.0,china,tongxiang,polyester,manufacturing,china,True,d,m,1963-12-01 00:00:00,chen,shiliang,2023-04-04 05:01:00,1963.0,12.0,1.0,125.08,2.9,19910000000000,50.6,100.2,77.0,9.4,59.2,1397715000.0,35.86166,104.195397
2540,1000,technology,tianqiao chen,49.0,united states,atherton,online games,technology,china,True,d,m,1973-05-16 00:00:00,chen,tianqiao,2023-04-04 05:01:00,1973.0,5.0,16.0,117.24,7.5,21427700000000,88.2,101.8,78.5,9.6,36.6,328239523.0,37.09024,-95.712891
2540,1000,energy,yuantai chen,55.0,china,ningde,batteries,energy,china,True,d,m,1968-03-01 00:00:00,chen,yuantai,2023-04-04 05:01:00,1968.0,3.0,1.0,125.08,2.9,19910000000000,50.6,100.2,77.0,9.4,59.2,1397715000.0,35.86166,104.195397
2540,1000,food & beverage,cheng antares,65.0,hong kong,hong kong,liquor,food & beverage,hong kong,True,d,m,1957-11-01 00:00:00,cheng,antares,2023-04-04 05:01:00,1957.0,11.0,1.0,117.24,2.9,21427700000000,65.6,101.8,78.5,9.6,41.2,328239523.0,37.09024,10.451526
2540,1000,manufacturing,kochouseph chittilappilly,72.0,india,kochi,electrical appliances,manufacturing,india,True,r,m,1950-12-27 00:00:00,chittilappilly,kochouseph,2023-04-04 05:01:00,1950.0,12.0,27.0,180.44,7.7,2611000000000,28.1,113.0,69.4,11.2,49.7,1366417754.0,20.593684,78.96288
2540,1000,real estate,john christodoulou,57.0,monaco,monaco,real estate,real estate,united kingdom,True,n,m,1965-05-24 00:00:00,christodoulou,john,2023-04-04 05:01:00,1965.0,5.0,24.0,117.24,2.9,7184844193,65.6,101.8,78.5,9.6,41.2,38964.0,43.7384176,7.4246158
2540,1000,finance & investments,pollyanna chu,64.0,hong kong,hong kong,"financial services, property",finance & investments,hong kong,True,e,f,1958-08-03 00:00:00,chu,pollyanna,2023-04-04 05:01:00,1958.0,8.0,3.0,117.24,2.9,21427700000000,65.6,101.8,78.5,9.6,41.2,328239523.0,37.09024,10.451526
2540,1000,diversified,turgay ciner,67.0,turkey,istanbul,diversified,diversified,turkey,True,d,m,1956-03-01 00:00:00,ciner,turgay,2023-04-04 05:01:00,1956.0,3.0,1.0,234.44,15.2,754411708203,23.9,93.2,77.4,17.9,42.3,83429615.0,38.963745,35.243322
2540,1000,technology,benoit dageville,56.0,united states,san carlos,software,technology,united states,True,d,m,1966-06-29 00:00:00,dageville,benoit,2023-04-04 05:01:00,1966.0,6.0,29.0,117.24,7.5,21427700000000,88.2,101.8,78.5,9.6,36.6,328239523.0,37.09024,-95.712891
2540,1000,real estate,mark dixon,63.0,monaco,monaco,office real estate,real estate,united kingdom,True,d,m,1959-11-02 00:00:00,dixon,mark,2023-04-04 05:01:00,1959.0,11.0,2.0,117.24,2.9,7184844193,65.6,101.8,78.5,9.6,41.2,38964.0,43.7384176,7.4246158
2540,1000,technology,du yulin & family,50.0,china,guangzhou,software,technology,china,True,n,m,1972-08-01 00:00:00,du,yulin,2023-04-04 05:01:00,1972.0,8.0,1.0,125.08,2.9,19910000000000,50.6,100.2,77.0,9.4,59.2,1397715000.0,35.86166,104.195397
2540,1000,healthcare,feng yuxia,58.0,china,beijing,pharmaceuticals,healthcare,china,True,d,f,1964-11-06 00:00:00,feng,yuxia,2023-04-04 05:01:00,1964.0,11.0,6.0,125.08,2.9,19910000000000,50.6,100.2,77.0,9.4,59.2,1397715000.0,35.86166,104.195397
2540,1000,healthcare,benedicte find,68.0,denmark,copenhagen,medical devices,healthcare,denmark,False,d,f,1954-09-21 00:00:00,find,benedicte,2023-04-04 05:01:00,1954.0,9.0,21.0,110.35,0.8,348078018464,80.6,101.3,81.0,32.4,23.8,5818553.0,56.26392,9.501785
2540,1000,fashion & retail,william fisher,66.0,united states,san francisco,gap,fashion & retail,united states,False,d,m,1957-04-01 00:00:00,fisher,william,2023-04-04 05:01:00,1957.0,4.0,1.0,117.24,7.5,21427700000000,88.2,101.8,78.5,9.6,36.6,328239523.0,37.09024,-95.712891
2540,1000,manufacturing,gao yunfeng,56.0,china,shenzhen,industrial lasers,manufacturing,china,True,d,m,1967-02-01 00:00:00,gao,yunfeng,2023-04-04 05:01:00,1967.0,2.0,1.0,125.08,2.9,19910000000000,50.6,100.2,77.0,9.4,59.2,1397715000.0,35.86166,104.195397
2540,1000,real estate,jianming geng,60.0,china,langfang,real estate,real estate,china,True,d,m,1962-09-01 00:00:00,geng,jianming,2023-04-04 05:01:00,1962.0,9.0,1.0,125.08,2.9,19910000000000,50.6,100.2,77.0,9.4,59.2,1397715000.0,35.86166,104.195397
2540,1000,finance & investments,sven hagströmer,79.0,sweden,stockholm,financial services,finance & investments,sweden,True,d,m,1943-11-30 00:00:00,hagströmer,sven,2023-04-04 05:01:00,1943.0,11.0,30.0,110.51,1.8,530832908738,67.0,126.6,82.5,27.9,49.1,10285453.0,60.128161,18.643501
2540,1000,service,clelia haji-ioannou,52.0,monaco,monte carlo,easyjet,service,cyprus,False,r,f,1971-01-01 00:00:00,haji-ioannou,clelia,2023-04-04 05:01:00,1971.0,1.0,1.0,117.24,2.9,7184844193,65.6,101.8,78.5,9.6,41.2,38964.0,43.7384176,7.4246158
2540,1000,service,stelios haji-ioannou,56.0,monaco,monte carlo,easyjet,service,cyprus,False,d,m,1967-02-14 00:00:00,haji-ioannou,stelios,2023-04-04 05:01:00,1967.0,2.0,14.0,117.24,2.9,7184844193,65.6,101.8,78.5,9.6,41.2,38964.0,43.7384176,7.4246158
2540,1000,manufacturing,hang hong,55.0,china,wuxi,machinery,manufacturing,china,True,d,f,1968-01-01 00:00:00,hang,hong,2023-04-04 05:01:00,1968.0,1.0,1.0,125.08,2.9,19910000000000,50.6,100.2,77.0,9.4,59.2,1397715000.0,35.86166,104.195397
2540,1000,manufacturing,he yamin & family,66.0,china,chengdu,manufacturing,manufacturing,china,True,d,m,1957-02-23 00:00:00,he,yamin,2023-04-04 05:01:00,1957.0,2.0,23.0,125.08,2.9,19910000000000,50.6,100.2,77.0,9.4,59.2,1397715000.0,35.86166,104.195397
2540,1000,energy,ghan djoe hiang,79.0,indonesia,jakarta,coal,energy,indonesia,False,n,f,1943-09-03 00:00:00,hiang,ghan djoe,2023-04-04 05:01:00,1943.0,9.0,3.0,151.18,3.0,1119190780753,36.3,106.4,71.5,10.2,30.1,270203917.0,-0.789275,113.921327
2540,1000,technology,hong feng,46.0,china,beijing,smartphones,technology,china,True,d,m,1977-01-01 00:00:00,hong,feng,2023-04-04 05:01:00,1977.0,1.0,1.0,125.08,2.9,19910000000000,50.6,100.2,77.0,9.4,59.2,1397715000.0,35.86166,104.195397
2540,1000,fashion & retail,hong seok-joh,70.0,south korea,seoul,convenience stores,fashion & retail,south korea,False,d,m,1953-01-08 00:00:00,hong,seok-joh,2023-04-04 05:01:00,1953.0,1.0,8.0,115.16,0.4,2029000000000,94.3,98.1,82.6,15.6,33.2,51709098.0,35.907757,127.766922
2540,1000,healthcare,hu gengxi & family,59.0,china,shanghai,bio-pharma,healthcare,china,True,r,m,1964-01-09 00:00:00,hu,gengxi,2023-04-04 05:01:00,1964.0,1.0,9.0,125.08,2.9,19910000000000,50.6,100.2,77.0,9.4,59.2,1397715000.0,35.86166,104.195397
2540,1000,technology,danilo iervolino,45.0,italy,rome,online universities,technology,italy,True,n,m,1978-04-02 00:00:00,iervolino,danilo,2023-04-04 05:01:00,1978.0,4.0,2.0,110.62,0.6,2001244392042,61.9,101.9,82.9,24.3,59.1,60297396.0,41.87194,12.56738
2540,1000,finance & investments,hedda im brahm-droege,68.0,germany,dusseldorf,investments,finance & investments,germany,True,d,f,1955-01-01 00:00:00,im brahm-droege,hedda,2023-04-04 05:01:00,1955.0,1.0,1.0,112.85,1.4,3845630030824,70.2,104.0,80.9,11.5,48.8,83132799.0,51.165691,10.451526
2540,1000,manufacturing,inder jaisinghani,70.0,india,mumbai,cables & wires,manufacturing,india,True,n,m,1953-03-29 00:00:00,jaisinghani,inder,2023-04-04 05:01:00,1953.0,3.0,29.0,180.44,7.7,2611000000000,28.1,113.0,69.4,11.2,49.7,1366417754.0,20.593684,78.96288
2540,1000,sports,lebron james,38.0,united states,los angeles,basketball,sports,united states,True,n,m,1984-12-30 00:00:00,james,lebron,2023-04-04 05:01:00,1984.0,12.0,30.0,117.24,7.5,21427700000000,88.2,101.8,78.5,9.6,36.6,328239523.0,37.09024,-95.712891
2540,1000,fashion & retail,johan johannson,56.0,norway,oslo,grocery stores,fashion & retail,norway,False,d,m,1967-01-01 00:00:00,johannson,johan,2023-04-04 05:01:00,1967.0,1.0,1.0,120.27,2.2,403336363636,82.0,100.3,82.8,23.9,36.2,5347896.0,60.472024,8.468946
2540,1000,technology,morris kahn,93.0,israel,beit yanay,software,technology,israel,True,e,m,1930-01-01 00:00:00,kahn,morris,2023-04-04 05:01:00,1930.0,1.0,1.0,108.15,0.8,395098666122,63.4,104.9,82.8,23.1,25.3,9053300.0,31.046051,34.851612
2540,1000,manufacturing,ashok kajaria,75.0,india,delhi,tiles,manufacturing,india,True,r,m,1947-08-01 00:00:00,kajaria,ashok,2023-04-04 05:01:00,1947.0,8.0,1.0,180.44,7.7,2611000000000,28.1,113.0,69.4,11.2,49.7,1366417754.0,20.593684,78.96288
2540,1000,finance & investments,marcelo kalim,53.0,brazil,sao paulo,banking,finance & investments,brazil,True,e,m,1969-10-15 00:00:00,kalim,marcelo,2023-04-04 05:01:00,1969.0,10.0,15.0,167.4,3.7,1839758040766,51.3,115.4,75.7,14.2,65.1,212559417.0,-14.235004,-51.92528
2540,1000,sports,ken kendrick,79.0,united states,paradise valley,"banking, sports team",sports,united states,True,e,m,1943-09-02 00:00:00,kendrick,ken,2023-04-04 05:01:00,1943.0,9.0,2.0,117.24,7.5,21427700000000,88.2,101.8,78.5,9.6,36.6,328239523.0,37.09024,-95.712891
2540,1000,technology,brad keywell,53.0,united states,chicago,"software, investments",technology,united states,True,n,m,1969-10-27 00:00:00,keywell,brad,2023-04-04 05:01:00,1969.0,10.0,27.0,117.24,7.5,21427700000000,88.2,101.8,78.5,9.6,36.6,328239523.0,37.09024,-95.712891
2540,1000,energy,muhammed aziz khan,68.0,singapore,singapore,power,energy,bangladesh,True,n,m,1955-03-01 00:00:00,khan,muhammed aziz,2023-04-04 05:01:00,1955.0,3.0,1.0,114.41,0.6,372062527489,84.8,100.6,83.1,13.1,21.0,5703569.0,1.352083,103.819836
2540,1000,fashion & retail,kim jung-woong,48.0,south korea,seoul,cosmetics,fashion & retail,south korea,True,d,m,1975-01-01 00:00:00,kim,jung-woong,2023-04-04 05:01:00,1975.0,1.0,1.0,115.16,0.4,2029000000000,94.3,98.1,82.6,15.6,33.2,51709098.0,35.907757,127.766922
2540,1000,diversified,ihor kolomoyskyy,60.0,ukraine,kiev,"banking, investments",diversified,israel,True,e,m,1963-02-13 00:00:00,kolomoyskyy,ihor,2023-04-04 05:01:00,1963.0,2.0,13.0,281.66,7.9,153781069118,82.7,99.0,71.6,20.1,45.2,44385155.0,48.379433,31.16558
2540,1000,real estate,kong jian min,55.0,china,guangzhou,real estate,real estate,china,True,d,m,1968-01-01 00:00:00,kong,jian min,2023-04-04 05:01:00,1968.0,1.0,1.0,125.08,2.9,19910000000000,50.6,100.2,77.0,9.4,59.2,1397715000.0,35.86166,104.195397
2540,1000,manufacturing,koo bon-neung,74.0,south korea,seoul,electronics,manufacturing,south korea,False,d,m,1949-03-26 00:00:00,koo,bon-neung,2023-04-04 05:01:00,1949.0,3.0,26.0,115.16,0.4,2029000000000,94.3,98.1,82.6,15.6,33.2,51709098.0,35.907757,127.766922
2540,1000,real estate,michael kum,78.0,singapore,singapore,hotels,real estate,singapore,True,n,m,1945-01-01 00:00:00,kum,michael,2023-04-04 05:01:00,1945.0,1.0,1.0,114.41,0.6,372062527489,84.8,100.6,83.1,13.1,21.0,5703569.0,1.352083,103.819836
2540,1000,real estate,richard kurtz,82.0,united states,palm beach,real estate,real estate,united states,True,n,m,1940-05-15 00:00:00,kurtz,richard,2023-04-04 05:01:00,1940.0,5.0,15.0,117.24,7.5,21427700000000,88.2,101.8,78.5,9.6,36.6,328239523.0,37.09024,-95.712891
2540,1000,finance & investments,lev kvetnoi,57.0,russia,moscow,cement,finance & investments,russia,True,r,m,1965-08-27 00:00:00,kvetnoi,lev,2023-04-04 05:01:00,1965.0,8.0,27.0,180.75,4.5,1699876578871,81.9,102.6,72.7,11.4,46.2,144373535.0,61.52401,105.318756
2540,1000,finance & investments,michiel le roux,73.0,south africa,stellenbosch,banking,finance & investments,south africa,True,d,m,1949-05-20 00:00:00,le roux,michiel,2023-04-04 05:01:00,1949.0,5.0,20.0,158.93,4.1,351431649241,22.4,100.9,63.9,27.5,29.2,58558270.0,-30.559482,22.937506
2540,1000,technology,li wanqiang,45.0,china,beijing,smartphones,technology,china,True,d,m,1977-08-01 00:00:00,li,wanqiang,2023-04-04 05:01:00,1977.0,8.0,1.0,125.08,2.9,19910000000000,50.6,100.2,77.0,9.4,59.2,1397715000.0,35.86166,104.195397
2540,1000,fashion & retail,liu baolin,69.0,china,wuhan,pharmacies,fashion & retail,china,True,e,m,1953-06-01 00:00:00,liu,baolin,2023-04-04 05:01:00,1953.0,6.0,1.0,125.08,2.9,19910000000000,50.6,100.2,77.0,9.4,59.2,1397715000.0,35.86166,104.195397
2540,1000,healthcare,loo choon yong,74.0,singapore,singapore,healthcare,healthcare,singapore,True,n,m,1949-02-27 00:00:00,loo,choon yong,2023-04-04 05:01:00,1949.0,2.0,27.0,114.41,0.6,372062527489,84.8,100.6,83.1,13.1,21.0,5703569.0,1.352083,103.819836
2540,1000,technology,lu yonghua & family,59.0,china,shanghai,electronics,technology,china,True,d,m,1963-07-26 00:00:00,lu,yonghua,2023-04-04 05:01:00,1963.0,7.0,26.0,125.08,2.9,19910000000000,50.6,100.2,77.0,9.4,59.2,1397715000.0,35.86166,104.195397
2540,1000,manufacturing,ma xiuhui,52.0,china,shanghai,led lighting,manufacturing,china,True,d,f,1971-01-07 00:00:00,ma,xiuhui,2023-04-04 05:01:00,1971.0,1.0,7.0,125.08,2.9,19910000000000,50.6,100.2,77.0,9.4,59.2,1397715000.0,35.86166,104.195397
2540,1000,technology,apoorva mehta,36.0,united states,san francisco,grocery delivery service,technology,canada,True,d,m,1986-07-19 00:00:00,mehta,apoorva,2023-04-04 05:01:00,1986.0,7.0,19.0,117.24,7.5,21427700000000,88.2,101.8,78.5,9.6,36.6,328239523.0,37.09024,-95.712891
2540,1000,manufacturing,ulrike meister,56.0,germany,landsberg,appliances,manufacturing,germany,False,d,f,1967-03-13 00:00:00,meister,ulrike,2023-04-04 05:01:00,1967.0,3.0,13.0,112.85,1.4,3845630030824,70.2,104.0,80.9,11.5,48.8,83132799.0,51.165691,10.451526
2540,1000,construction & engineering,andrei molchanov,51.0,russia,moscow,construction materials,construction & engineering,russia,True,r,m,1971-09-24 00:00:00,molchanov,andrei,2023-04-04 05:01:00,1971.0,9.0,24.0,180.75,4.5,1699876578871,81.9,102.6,72.7,11.4,46.2,144373535.0,61.52401,105.318756
2540,1000,manufacturing,fulvio montipò & family,78.0,italy,reggio emilia,hydraulic pumps,manufacturing,italy,True,n,m,1944-10-22 00:00:00,montipò,fulvio,2023-04-04 05:01:00,1944.0,10.0,22.0,110.62,0.6,2001244392042,61.9,101.9,82.9,24.3,59.1,60297396.0,41.87194,12.56738
2540,1000,media & entertainment,tyler perry,53.0,united states,atlanta,"movies, television",media & entertainment,united states,True,e,m,1969-09-14 00:00:00,perry,tyler,2023-04-04 05:01:00,1969.0,9.0,14.0,117.24,7.5,21427700000000,88.2,101.8,78.5,9.6,36.6,328239523.0,37.09024,-95.712891
2540,1000,energy,george sakellaris,76.0,united states,milton,energy services,energy,united states,True,d,m,1946-06-03 00:00:00,sakellaris,george,2023-04-04 05:01:00,1946.0,6.0,3.0,117.24,7.5,21427700000000,88.2,101.8,78.5,9.6,36.6,328239523.0,37.09024,-95.712891
2540,1000,media & entertainment,eddy kusnadi sariaatmadja,69.0,indonesia,jakarta,"media, tech",media & entertainment,indonesia,True,d,m,1953-08-23 00:00:00,sariaatmadja,eddy kusnadi,2023-04-04 05:01:00,1953.0,8.0,23.0,151.18,3.0,1119190780753,36.3,106.4,71.5,10.2,30.1,270203917.0,-0.789275,113.921327
2540,1000,technology,neerja sethi,68.0,united states,fisher island,"it consulting, outsourcing",technology,united states,True,e,f,1955-01-16 00:00:00,sethi,neerja,2023-04-04 05:01:00,1955.0,1.0,16.0,117.24,7.5,21427700000000,88.2,101.8,78.5,9.6,36.6,328239523.0,37.09024,-95.712891
2540,1000,technology,scott smith,73.0,united states,provo,cloud computing,technology,united states,True,d,m,1949-04-12 00:00:00,smith,scott,2023-04-04 05:01:00,1949.0,4.0,12.0,117.24,7.5,21427700000000,88.2,101.8,78.5,9.6,36.6,328239523.0,37.09024,-95.712891
2540,1000,service,petter stordalen & family,60.0,norway,oslo,hotels,service,norway,True,d,m,1962-11-29 00:00:00,stordalen,petter,2023-04-04 05:01:00,1962.0,11.0,29.0,120.27,2.2,403336363636,82.0,100.3,82.8,23.9,36.2,5347896.0,60.472024,8.468946
2540,1000,diversified,ivan streshinsky,53.0,russia,moscow,"metals, telecom",diversified,russia,True,n,m,1969-10-02 00:00:00,streshinsky,ivan,2023-04-04 05:01:00,1969.0,10.0,2.0,180.75,4.5,1699876578871,81.9,102.6,72.7,11.4,46.2,144373535.0,61.52401,105.318756
2540,1000,finance & investments,sergei sudarikov,51.0,russia,moscow,"finance, development",finance & investments,russia,True,r,m,1971-05-12 00:00:00,sudarikov,sergei,2023-04-04 05:01:00,1971.0,5.0,12.0,180.75,4.5,1699876578871,81.9,102.6,72.7,11.4,46.2,144373535.0,61.52401,105.318756
2540,1000,manufacturing,wijono tanoko,70.0,indonesia,surabaya,paints,manufacturing,indonesia,False,split family fortune,m,1952-08-28 00:00:00,tanoko,wijono,2023-04-04 05:01:00,1952.0,8.0,28.0,151.18,3.0,1119190780753,36.3,106.4,71.5,10.2,30.1,270203917.0,-0.789275,113.921327
2540,1000,manufacturing,haryanto tjiptodihardjo,59.0,indonesia,jakarta,manufacturing,manufacturing,indonesia,False,n,m,1963-04-30 00:00:00,tjiptodihardjo,haryanto,2023-04-04 05:01:00,1963.0,4.0,30.0,151.18,3.0,1119190780753,36.3,106.4,71.5,10.2,30.1,270203917.0,-0.789275,113.921327
2540,1000,food & beverage,david tran & family,77.0,united states,arcadia,hot sauce,food & beverage,united states,True,n,m,1945-11-19 00:00:00,tran,david,2023-04-04 05:01:00,1945.0,11.0,19.0,117.24,7.5,21427700000000,88.2,101.8,78.5,9.6,36.6,328239523.0,37.09024,-95.712891
2540,1000,media & entertainment,kenzo tsujimoto,82.0,japan,osaka,video games,media & entertainment,japan,True,n,m,1940-12-15 00:00:00,tsujimoto,kenzo,2023-04-04 05:01:00,1940.0,12.0,15.0,105.48,0.5,5081769542380,63.2,98.8,84.2,11.9,46.7,126226568.0,36.204824,138.252924
2540,1000,telecom,murat vargi,75.0,turkey,istanbul,telecom,telecom,turkey,True,d,m,1947-11-14 00:00:00,vargi,murat,2023-04-04 05:01:00,1947.0,11.0,14.0,234.44,15.2,754411708203,23.9,93.2,77.4,17.9,42.3,83429615.0,38.963745,35.243322
2540,1000,technology,shigefumi wada,70.0,japan,"nakano, tokyo",software,technology,japan,True,e,m,1952-08-30 00:00:00,wada,shigefumi,2023-04-04 05:01:00,1952.0,8.0,30.0,105.48,0.5,5081769542380,63.2,98.8,84.2,11.9,46.7,126226568.0,36.204824,138.252924
2540,1000,healthcare,wan feng & family,54.0,china,shenzhen,medical equipment,healthcare,china,True,r,m,1969-01-01 00:00:00,wan,feng,2023-04-04 05:01:00,1969.0,1.0,1.0,125.08,2.9,19910000000000,50.6,100.2,77.0,9.4,59.2,1397715000.0,35.86166,104.195397
2540,1000,finance & investments,v. prem watsa,72.0,canada,toronto,"insurance, investments",finance & investments,canada,True,r,m,1950-08-05 00:00:00,watsa,v. prem,2023-04-04 05:01:00,1950.0,8.0,5.0,116.76,1.9,1736425629520,68.9,100.9,81.9,12.8,24.5,36991981.0,56.130366,-106.346771
2540,1000,food & beverage,wen pengcheng & family,60.0,china,yunfu,agribusiness,food & beverage,china,True,d,m,1962-10-08 00:00:00,wen,pengcheng,2023-04-04 05:01:00,1962.0,10.0,8.0,125.08,2.9,19910000000000,50.6,100.2,77.0,9.4,59.2,1397715000.0,35.86166,104.195397
2540,1000,fashion & retail,xie bingzheng & family,54.0,china,guangzhou,apparel,fashion & retail,china,True,n,m,1969-01-01 00:00:00,xie,bingzheng,2023-04-04 05:01:00,1969.0,1.0,1.0,125.08,2.9,19910000000000,50.6,100.2,77.0,9.4,59.2,1397715000.0,35.86166,104.195397
2540,1000,manufacturing,xu gang,59.0,china,jiaozuo,chemicals,manufacturing,china,True,d,m,1963-04-17 00:00:00,xu,gang,2023-04-04 05:01:00,1963.0,4.0,17.0,125.08,2.9,19910000000000,50.6,100.2,77.0,9.4,59.2,1397715000.0,35.86166,104.195397
2540,1000,manufacturing,yan junxu,53.0,china,taicang,manufacturing,manufacturing,china,True,d,m,1969-07-17 00:00:00,yan,junxu,2023-04-04 05:01:00,1969.0,7.0,17.0,125.08,2.9,19910000000000,50.6,100.2,77.0,9.4,59.2,1397715000.0,35.86166,104.195397
2540,1000,healthcare,yi xianzhong & family,63.0,china,guangzhou,pharmaceuticals,healthcare,china,True,d,m,1959-05-01 00:00:00,yi,xianzhong,2023-04-04 05:01:00,1959.0,5.0,1.0,125.08,2.9,19910000000000,50.6,100.2,77.0,9.4,59.2,1397715000.0,35.86166,104.195397
2540,1000,healthcare,yu rong,51.0,china,shanghai,health clinics,healthcare,china,True,d,m,1971-12-14 00:00:00,yu,rong,2023-04-04 05:01:00,1971.0,12.0,14.0,125.08,2.9,19910000000000,50.6,100.2,77.0,9.4,59.2,1397715000.0,35.86166,104.195397
2540,1000,food & beverage,"richard yuengling, jr.",80.0,united states,pottsville,beer,food & beverage,united states,False,e,m,1943-03-10 00:00:00,yuengling,richard,2023-04-04 05:01:00,1943.0,3.0,10.0,117.24,7.5,21427700000000,88.2,101.8,78.5,9.6,36.6,328239523.0,37.09024,-95.712891
2540,1000,manufacturing,zhang gongyun,60.0,china,gaomi,tyre manufacturing machinery,manufacturing,china,True,r,m,1962-12-18 00:00:00,zhang,gongyun,2023-04-04 05:01:00,1962.0,12.0,18.0,125.08,2.9,19910000000000,50.6,100.2,77.0,9.4,59.2,1397715000.0,35.86166,104.195397
2540,1000,real estate,zhang guiping & family,71.0,china,nanjing,real estate,real estate,china,True,d,m,1951-08-21 00:00:00,zhang,guiping,2023-04-04 05:01:00,1951.0,8.0,21.0,125.08,2.9,19910000000000,50.6,100.2,77.0,9.4,59.2,1397715000.0,35.86166,104.195397
2540,1000,diversified,inigo zobel,66.0,philippines,makati,diversified,diversified,philippines,False,r,m,1956-11-01 00:00:00,zobel,inigo,2023-04-04 05:01:00,1956.0,11.0,1.0,129.61,2.5,376795508680,35.5,107.5,71.1,14.0,43.1,108116615.0,12.879721,121.774017
