CodigoArticulo,DESCRIPCION,PRESENTACION,Precios,GrupoTerapeutico,Año
1945,Aceite de Higado de Bacalao Emulsión (Vit.A10000UI+D1500UI+Vitc.200mg/5ml) Fco.180ml,Frasco 180 ml,RD$40.00,Vitaminas,2022
1034,Acetaminofén (Paracetamol) ,Tableta 500 mg,RD$0.30,Analgésico/Antipirético,2022
10064,Acetaminofen (Paracetamol) 100 mg Supositorio,Supositorio 100 mg,RD$5.00,Analgésico/Antipirético,2022
1037,Acetaminofén (Paracetamol) Gotas Pedatricas 100 mg/ml,Frasco Gotero 15 ml,RD$15.00,Analgésico/Antipirético,2022
10227,Acetaminofen (Paracetamol) Jbe. 125mg/5ml,Frasco 120 ml,RD$15.00,Analgésico/Antipirético,2022
10741,Acetaminofen+Cafeina ,Tableta 500mg/65 mg,RD$25.00,Analgesico-Antimigrañoso,2022
10593,Acetato De Medroxiprogesterona Inyección de Liberación Retardada 150 mg/ml,Vial,RD$50.00,Hormona Contraceptivas,2022
9370,Acetilcisteína ,Ampolla 300 mg/3 ml,RD$15.00,Mucolítico,2022
1252,Aciclovir ,Tableta 400 mg,RD$1.50,Antiviral,2022
9371,Aciclovir 200 mg/5 mL Suspensión,Frasco 60 ml,RD$40.00,Antiviral,2022
1251,Aciclovir Crema ,Tubo de 5 g,RD$10.00,Antiviral,2022
1041,Acido Acetilsalicílico 325mg,Tableta 325 mg,RD$1.00,Analgésico/Antipirético,2022
1042,Acido Acetilsalicílico 81mg,Tableta 81 mg,RD$0.50,Cardiovasculares/Antitrombotico,2022
9329,Acido Ascórbico (Vit. C) 500 mg,Tableta 500 mg,RD$2.00,Vitaminas,2022
1346,Acido Fólico  5 mg,Tableta 5 mg,RD$0.20,Vitaminas,2022
9358,Acido Fólico + Vit. B12 (5mg + 500mcg)/ 5mL,Frasco 120 ml,RD$25.00,Vitaminas,2022
1345,Acido Fólico 5mg/5mL Jarabe,Frasco 120 ml,RD$13.00,Antianémico,2022
1946,Acido Mefenámico ,Tableta 500 mg,RD$0.70,Antiinflamatorio No Esteroides,2022
9501,Ácido Valpróico ,Tableta 50 mg,RD$12.00,Anticonvulsivante/Trastorno Bipolar,2022
1696,Acido valproico 200 mg/ml Solucion Oral,Frasco 40 ml,RD$90.00,Anticonvulsivante/Trastorno Bipolar,2022
1891,Agua Para Inyectable,Ampolla 10 ml,RD$3.00,Insumo Hospitalario,2022
1893,Agua Para Inyetable,Ampolla 5 ml,RD$3.00,Insumo Hospitalario,2022
1216,Albendazol  Suspensión (dosis única) ,Sobre 400 mg/10 ml,RD$5.00,Antihelmintico/Antiparasitario,2022
1215,Albendazol 400 mg   (dosis unica),Tableta 400 mg,RD$1.00,Antihelmintico/Antiparasitario,2022
9030,Albúmina Humana 20%,Frasco 50 ml,"RD$2,000.00",Sustituto del Plasma,2022
9079,Alcohol Isopropílico  ,Frasco 120 ml,RD$20.00,Insumo Hospitalario,2022
9344,Alendronato ,Tableta 70 mg,RD$1.00,Bifosfonato,2022
9510,Algodón Torunda ,Funda 7 g,RD$5.00,Insumo Hospitalario,2022
9718,Alopurinol 300 mg,Tableta 300 mg,RD$1.50,Uricosúrico,2022
1845,Ambroxol  ,Tableta 30 mg,RD$3.00,Mucolítico,2022
9519,Ambroxol 15 mg/5mL Jarabe,Frasco 120 ml,RD$15.00,Mucolítico,2022
1120,Amikacina  ,Vial 500 mg/2 ml,RD$15.00,Antibiótico/Aminoglucosido,2022
9376,Amiodarona ,Tableta 200 mg,RD$4.00,Cardiovasculares/Antiarritmico,2022
1772,Amitriptilína ,Tableta 25 mg,RD$1.50,Antidepresivo/Trastorno del humor,2022
1405,Amlodipina ,Tableta 5 mg,RD$0.20,Cardiovasculares/Antihipertensivo,2022
1404,Amlodipina ,Tableta 10 mg,RD$0.20,Cardiovasculares/Antihipertensivo,2022
2816,Amoxicilina ,Capsula 500 mg,RD$1.00,Antibacteriano/Antibioticos,2022
3289,Amoxicilina  + Ácido Clavulánico ,Capsula 500 mg/125 mg,RD$5.00,Antibioticos/Betalactámico,2022
3290,Amoxicilina 250 mg + Ácido Clavulánico 62.5 mg /5mL,Frasco 60 ml,RD$60.00,Antibioticos/Betalactámico,2022
3288,Amoxicilina 250mg/5mL Polvo para Suspensión Frasco 120 mL,Frasco 120 ml,RD$25.00,Antibacteriano/Antibioticos,2022
1605,Antiespasmódico (N-Butil Bromuro-Hioscina)  20 mg/1 ml,Ampolla ,RD$15.00,Antiespasmódico,2022
1606,Antiespasmodico N-Butil Hioscina-Bromuro de Hioscina ,Tableta 10 mg,RD$5.00,Antiespasmódico,2022
10982,Antigripal ,Tableta ,RD$3.00,Antigripal,2022
1877,Antigripal (con Dextrometorfan 10 mg),Frasco 120 ml,RD$15.00,Antigripal,2022
9484,Atenolol ,Tableta 50 mg,RD$0.20,Cardiovasculares/Antihipertensivo,2022
1378,Atenolol  ,Tableta  100 mg,RD$0.30,Cardiovasculares/Antihipertensivo,2022
1381,Atenolol + Clortalidona ,Tableta 50 mg/12.5 mg,RD$1.50,Cardiovasculares/Antihipertensivo,2022
1379,Atenolol + Clortalidona 100 mg / 25 mg,Tableta 100mg/25mg,RD$2.00,Cardiovasculares/Antihipertensivo,2022
9483,Azitromicina ,Capsula 500 mg,RD$4.00,Antibacteriano/Antibioticos,2022
9482,Azitromicina 200 mg/5mL Polvo para Suspensión,Frasco 30 ml,RD$25.00,Antibacteriano/Antibioticos,2022
2031,Bajante De Suero ,Unidad,RD$10.00,Insumo Hospitalario,2022
9491,Bastón Ajustable de Aluminio Cuatro Apoyos,Unidad,RD$350.00,Insumos Ortopédicos,2022
9490,Bastón Ajustable de Aluminio un Apoyo,Unidad,RD$200.00,Insumos Ortopédicos,2022
9646,Betahistina ,Tableta 6 mg,RD$3.00,Antivertiginosos,2022
9174,Betametasona 0.1%  Crema,Tubo 15 g,RD$50.00,Antiinflamatorio Esteroideo,2022
9796,Bismuto Subsalicilato  Suspension Oral,Frasco 100 ml,RD$50.00,Antidiarreico,2022
10251,Bisoprolol ,Tableta 2.5 mg,RD$3.00,Cardiovasculares/Antianginoso,2022
10252,Bisoprolol ,Tableta 5 mg,RD$3.00,Cardiovasculares/Antianginoso,2022
2005,Bolsa Colectora de Orina 2 L,Unidad,RD$10.00,Insumo Hospitalario,2022
2006,Bolsa Colectora de Orina Pediátrica 100 mL,Unidad,RD$5.00,Insumo Hospitalario,2022
10255,Budesonida 100 mcg/Inhalaion,Frasco Spray,RD$390.00,Antiinflamatorio Esteroideo,2022
10330,Cabestrillo Sencillo (L),Unidad,RD$150.00,Insumos Ortopédicos,2022
10331,Cabestrillo Sencillo (S),Unidad,RD$150.00,Insumos Ortopédicos,2022
9489,Cabestrillo Sencillo Medium,Unidad,RD$150.00,Insumos Ortopédicos,2022
10417,Calamina Locion 0.15%,Frasco 120 ml,RD$45.00,Emoliente Cutaneo,2022
1897,Calcio Carbonato 600 mg + Vit. D3 400UI,Tableta 600mg/400 UI,RD$1.00,Vitaminas,2022
10631,Candesartan ,Tableta 16 mg,RD$2.50,Cardiovasculares/Antihipertensivo,2022
10744,Candesartan ,Tableta 32 mg,RD$3.50,Cardiovasculares/Antihipertensivo,2022
1433,Captoprilo,Tableta 50 mg,RD$0.70,Cardiovasculares/Antihipertensivo,2022
1105,Carbamacepina  ,Tableta 200 mg,RD$1.00,Trastorno Bipolar,2022
9275,Carbonato de Litio ,Tableta 300 mg,RD$3.00,Trastorno Bipolar,2022
9033,Carvedilol ,Tableta 25 mg,RD$1.50,Cardiovasculares/Antianginoso,2022
9031,Carvedilol ,Tableta 6.25 mg,RD$0.70,Cardiovasculares/Antianginoso,2022
9032,Carvedilol ,Tableta 12.5 mg,RD$0.70,Cardiovasculares/Antianginoso,2022
2223,Catéter E.V. # 18,Unidad,RD$15.00,Insumo Hospitalario,2022
2224,Catéter E.V. # 20,Unidad,RD$15.00,Insumo Hospitalario,2022
2225,Catéter E.V. # 22,Unidad,RD$15.00,Insumo Hospitalario,2022
2226,Catéter E.V. # 24,Unidad,RD$15.00,Insumo Hospitalario,2022
1136,Cefalexina  ,Capsula 500 mg,RD$2.00,Antibacteriano/Antibioticos,2022
1137,Cefalexina 250 mg/5mL   Suspensión,Frasco 120 ml,RD$35.00,Antibacteriano/Antibioticos,2022
1147,Ceftriazona 1g,Vial ,RD$10.00,Antibacteriano/Antibioticos,2022
9529,Cetirizina ,Tableta 10 mg,RD$0.50,Antihistamínico,2022
10254,Cetirizina Jbe.5mg/5ml,Frasco 60 ml,RD$20.00,Antihistamínico,2022
1150,Ciprofloxacina ,Tableta 500 mg,RD$1.00,Antibiótico/Quinolonas,2022
9819,Citicolina ,Tableta 500 mg,RD$15.00,"Psicoestimulante, Neuroprotector, Nootropico",2022
9162,Claritromicina ,Tableta 500 mg,RD$5.00,Antibacteriano/Antibioticos,2022
9163,Claritromicina 250 mg/5mL Suspension,Frasco 60 ml,RD$90.00,Antibacteriano/Antibioticos,2022
9164,Clindamicina  ,Capsula 300 mg,RD$5.00,Antibacteriano/Antibioticos,2022
10281,Clindamicina Óvulo,Ovulo 100 mg,RD$10.00,Antibacteriano/Antibioticos,2022
9350,Clopidogrel ,Tableta 75 mg,RD$1.50,Cardiovasculares/Antiagregante Plaquetario,2022
10233,Clorpromazina ,Tableta 25 mg,RD$6.00,Antipsicoticos,2022
1781,Clorpromazina ,Tableta 100m,RD$7.00,Antipsicoticos,2022
10245,Clorpromazina ,Tableta 200 mg,RD$15.00,Antipsicoticos,2022
10233,Clorpromazina ,Tableta 25 mg,RD$6.00,Antipsicoticos,2022
9244,Cloruro de Sodio 6.5 mg/ mL Gotas Nasales,Frasco Gotero 15 ml,RD$15.00,"FLuidificante, Descongestionante",2022
1471,Clotrimazol 1%  Crema,Tubo 30g,RD$10.00,Antifungicos,2022
1475,Clotrimazol 1% Solucion,Frasco Gotero 20 ml,RD$12.00,Antifungicos,2022
10231,Clotrimazol Ovulos ,Ovulo 500 mg,RD$6.00,Antifungicos,2022
9493,Codera Larga Unidad,Unidad,RD$180.00,Insumos Ortopédicos,2022
9492,Codera Mediana Unidad,Unidad,RD$180.00,Insumos Ortopédicos,2022
9498,Collarín Blando Largo,Unidad,RD$100.00,Insumos Ortopédicos,2022
9497,Collarín Blando Mediano,Unidad,RD$100.00,Insumos Ortopédicos,2022
9499,Collarín Rígido Ajustable Grande,Unidad,RD$350.00,Insumos Ortopédicos,2022
1900,"Complejo B (Vit.B1 100 mg, B2 10 mg,  B6 10mg, Nicotinamida",Vial 10 ml,RD$20.00,Vitaminas,2022
1898,Complejo B (Vit.B1 15mg + B2 1mg + B6 2.6mg + B12 2mcg + Nicotinamida 10mg),Tableta ,RD$0.50,Vitaminas,2022
1899,Complejo B (Vit.B1 50 mg + B6 50 mg + B12 200mcg ) 15 mL Jbe,Frasco 120 ml,RD$15.00,Vitaminas,2022
1784,Decanoato de Flufenazina ,Ampolla 25 mg/ml,RD$400.00,Antipsicótico,2022
9404,Deflazacort 6 mg Tableta Blíster,,,Corticosteroide,2022
1638,Dexametasona ,Tableta 0.5 mg,RD$1.50,Antiinflamatorio Esteroideo,2022
9299,DEXAMETASONA ,Tableta 4 mg,RD$5.00,Antiinflamatorio Esteroideo,2022
10250,Dexametasona Fosfato Sódico Iny. IM-IV,Ampolla 4 mg/ml,RD$5.00,Antiinflamatorio Esteroideo,2022
1876,Dextrosa al 50%  i.v.,Vial 20 ml,RD$15.00,"Soluciones Correctoras Desordenes de Agua, Electrolitos, y Acido Base",2022
1045,Diclofenac Sódico ,Ampolla 75 mg/3 ml,RD$2.00,Antiinflamatorio No Esteroides,2022
1043,Diclofenaco Dietilamonio1.16% Gel,Tubo 20 g,RD$10.00,Antiinflamatorio No Esteroides,2022
1047,Diclofenaco Sodico ,Tableta 50 mg,RD$0.20,Antiinflamatorio No Esteroides,2022
1168,Dicloxacilina ,Capsula 500 mg,RD$4.00,Antibacteriano/Antibioticos,2022
9333,Difenhidramina ,Tableta 25 mg,RD$0.50,Antihistamínico,2022
1852,Difenhidramina 10 mg/ml,Ampolla 2 ml,RD$10.00,Antihistamínico,2022
1851,Difenhidramina 12.5 mg/5mL,Frasco 60 ml,RD$15.00,Antihistamínico,2022
1441,Digoxina ,Tableta 0.25 mg,RD$1.00,Cardiovasculares/Antiarritmicos,2022
1598,Dimenhidrinato ,Tableta 50 mg,RD$0.50,Antihistamínico,2022
9413,Dimenhidrinato 15 mg/5 ml Jarabe,Frasco 60 ml,RD$15.00,Antihistamínico,2022
1170,Doxiciclina ,Capsula 100 mg,RD$1.00,Antibacteriano/Antibioticos,2022
1434,Enalapril Maleato ,Tableta 10 mg,RD$0.20,Cardiovasculares/Antihipertensivo,2022
1435,Enalapril Maleato  ,Tableta 20  mg,RD$0.20,Cardiovasculares/Antihipertensivo,2022
1173,Eritromicina  250 mg/5 mL,Frasco 120 ml,RD$50.00,Antibacteriano/Antibioticos,2022
10262,Eritromicina Estearato ,Tableta 500 mg,RD$5.00,Antibacteriano/Antibioticos,2022
9170,Eritropoyetina Humana  Jeringa Precargada,Ampolla 4000 UI/0.3 ml,RD$135.00,Antianémico,2022
11002,Eritropoyetina Humana Liofilizada,Vial,RD$550.00,Antianémico,2022
9102,Espirómetro,Unidad,RD$200.00,Insumo Hospitalario,2022
9369,Espironolactona ,Tableta 100 mg,RD$4.00,Cardiovasculares/Diurético,2022
9793,Espironolactona ,Tableta 25 mg,RD$2.00,Cardiovasculares/Diurético,2022
9337,Estrogenos Conjugados ,Tableta 0.625 mg,RD$5.00,Hormonas Estrogenas,2022
Hormonas Contraceptivas,Etinilestradiol + Levonorgestrel ,Tableta 30mcg/150 mcg,RD$20.00,Hormonas Contraceptivas,2022
1106,Fenitoína Sódica ,Tableta 100 mg,RD$8.00,Antiepiléptico,2022
9727,Fenitoina Sodica  125 mg/5mL Susp. Oral,Frasco 120 ml,RD$200.00,Antiepiléptico,2022
1256,Fluconazol  ,Capsula 150 mg,RD$2.50,Antifungicos,2022
9741,Fluconazol 50 mg/5mL Susp. Oral,Frasco 60 ml,RD$200.00,Antifungicos,2022
9181,Fluoxetina ,Tableta 20 mg,RD$6.00,Antidepresivo/Trastorno del humor,2022
9736,Fosfomicina ,Tableta 500 mg,RD$10.00,Antibacteriano/Antibioticos,2022
9735,Fosfomicina  250 mg/5ml Susp. Oral,Frasco 120 ml,RD$140.00,Antibacteriano/Antibioticos,2022
1574,Furosemida ,Tableta 40 mg,RD$0.30,Cardiovasculares/Diurético,2022
9063,Gasa Precortada 4 X 4 Sobre,Sobre 10 Unidades,RD$10.00,Insumo Hospitalario,2022
9808,Gentamicina 3mg/ml Gotas Oftalmicas,Frasco Gotero 5 ml,RD$30.00,Aminoglucósidos,2022
1175,Gentamicina Sulfato 40 mg/mL,Ampolla 8 mg/2 ml,RD$3.00,Aminoglucósidos,2022
1662,Glibenclamida 5 mg,Tableta 5 mg,RD$0.20,Insulinas y otros Hipoglucemiante,2022
9745,Gotas Oticas (Polimixina+Neomicina),Frasco Gotero 10 ml,RD$125.00,"Antibiotico, Anestesico, Antimicotico",2022
10264,Griseofulvina ,Tableta 500mg,RD$7.00,Antifungicos,2022
2167,Guante Examen Medium # 71/2,Par,RD$3.00,Insumo Hospitalario,2022
10771,Guantes de Goma Nitrilo talla M C/100 unidad,Par,RD$10.00,Insumo Hospitalario,2022
10764,"Guantes de Goma, Nitrilo talla L C/100 Unidad",Par,RD$10.00,Insumo Hospitalario,2022
1787,Haloperidol ,Tableta 5 mg,RD$1.00,Psicoterapéuticos,2022
1786,Haloperidol ,Tableta 10mg,RD$0.90,Psicoterapéuticos,2022
1790,Haloperidol Gotas 2 mg/mL,Frasco Gotero 15 ml,RD$16.00,Psicoterapéuticos,2022
1359,Heparina ,Vial 5000 UI/5 ml,RD$75.00,Anticoagulane,2022
10235,Hidralacina Clorhidrato   ,Tableta 50 mg,RD$40.00,Cardiovasculares/Diurético,2022
9794,Hidroclorotiazida ,Tableta 25 mg,RD$0.30,Cardiovasculares/Diurético,2022
1575,Hidroclorotiazida ,Tableta 50 mg,RD$0.30,Cardiovasculares/Diurético,2022
1514,Hidrocortisona 1% Pomada,Tubo 15 g,RD$20.00,Antiinflamatorio Esteroideo,2022
1640,Hidrocortisona 100 mg,Vial,RD$10.00,Antiinflamatorio Esteroideo,2022
10743,Hidroxido de Aluminio +hidroxido de Magnesio Gel +Simeticona Suspension,Sobre  ml,RD$25.00,Antiacido Antiflatulento,2022
9282,Hierro Sacarosa ,Ampolla 100 mg/5 ml,RD$40.00,Antianémico,2022
10236,Ibuprofeno,Tableta 400,RD$1.00,Antiinflamatorio No Esteroides,2022
1055,Ibuprofeno ,Tableta 600 mg,RD$1.00,Antiinflamatorio No Esteroides,2022
10237,Ibuprofeno  200mg/5ml Suspension,Frasco 60 ml,RD$30.00,Antiinflamatorio No Esteroides,2022
9274,Imipramina Clorhidrato ,Tableta 25 mg,RD$1.00,Antidepresivo/Trastorno del humor,2022
9643,Inmovilizador De Muñeca Derecha,Unidad,RD$160.00,Insumos Ortopédicos,2022
9647,Inmovilizador De Muñeca Izquierda,Unidad,RD$160.00,Insumos Ortopédicos,2022
1690,Inmunoglobulina Antitetánica (Humana),Vial 250 UI/ml,RD$500.00,Antitetanica,2022
9645,Insulina Glargina  Recombinante 100 UI/mL Jeringa Precargada,Ampolla Multidosis,RD$350.00,Insulinas y otros Hipoglucemiante,2022
1663,Insulina Intermedia NPH 100 UI/mL Vial 10 mL,Vial 10 ml,RD$110.00,Insulinas y otros Hipoglucemiante,2022
1664,Insulina Mixta 70/30 100 UI/mL Vial 10 mL,Vial 10 ml,RD$110.00,Insulinas y otros Hipoglucemiante,2022
1665,Insulina Regular (Cristalina) 100 UI/mL Vial 10mL,Vial 10 ml,RD$110.00,Insulinas y otros Hipoglucemiante,2022
10388,Ipratropio Bromuro 0.900 mcg/ml  Sol. Para Nebulizar,Ampolla,RD$50.00,Antiasmatico,2022
3308,Irbesartan ,Tableta 150 mg,,Antihipertensivo,2022
9526,Itraconazol ,Capsula 100 mg,RD$6.50,Antifungicos,2022
2387,Jabón Antiséptico (Benzalconio) Pasta 100 g,Unidad,RD$30.00,Desinfectantes/Antiséptico,2022
2392,Jabón de Avena  Pasta de 100 g,Unidad,RD$30.00,Desinfectantes/Antiséptico,2022
2389,Jabón de Azufre 10%  Pasta de 100 gr.,Unidad,RD$30.00,Desinfectantes/Antiséptico,2022
2020,Jeringa 3 ml,Unidad,RD$2.00,Insumo Hospitalario,2022
2022,Jeringa 5 mL,Unidad,RD$2.00,Insumo Hospitalario,2022
2023,Jeringa 10 mL,Unidad,RD$3.00,Insumo Hospitalario,2022
2029,Jeringa Insulina ,Unidad,RD$2.00,Insumo Hospitalario,2022
9427,Ketoconazol 2% Champú,Frasco 100 ml,RD$30.00,Antifungicos,2022
1481,Ketoconazol 2% Crema,Tubo 30 g,RD$12.00,Antifungicos,2022
9338,Lactulosa  66.7 g/100 mL,Frasco 240  ml,RD$150.00,Laxante Osmotico,2022
1339,Levodopa + Benserazida ,Tableta 200 mg+50 mg,RD$15.00,Antiparkinsonianos,2022
9732,Levofloxacina ,Tableta 500 mg,RD$2.50,Antibiótico/Quinolonas,2022
10268,Levotiroxina ,Tableta 25mcg,RD$1.50,Hormona Tiroidea,2022
10246,Levotiroxina ,Tableta 50 mcg,RD$1.50,Hormona Tiroidea,2022
9231,Levotiroxina  ,Tableta 0.1 mg,RD$1.50,Hormona Tiroidea,2022
1438,Lisinopril ,Tableta 20 mg,RD$2.00,Cardiovasculares/Antihipertensivo,2022
1437,Lisinopril ,Tableta 10 mg,RD$0.50,Cardiovasculares/Antihipertensivo,2022
1081,Loratadina  ,Tableta 10 mg,RD$0.50,Antihistamínico,2022
1084,Loratadina 5 mg/5mL Jarabe,Frasco 90 ml,RD$15.00,Antihistamínico,2022
9772,Losartan ,Tableta  100 mg,RD$1.50,Cardiovasculares/Antihipertensivo,2022
9392,Losartán Potásico ,Tableta 50 mg,RD$0.50,Cardiovasculares/Antihipertensivo,2022
2063,Mariposita No.21,Unidad,RD$2.00,Insumo Hospitalario,2022
2064,Mariposita No.23,Unidad,RD$2.00,Insumo Hospitalario,2022
2065,Mariposita No.25,Unidad,RD$2.00,Insumo Hospitalario,2022
9353,Mascarilla para Nebulizar Adulto,Unidad,RD$25.00,Insumo Hospitalario,2022
2419,Mascarilla para Nebulizar Pediátrica ,Unidad,RD$25.00,Insumo Hospitalario,2022
1217,Mebendazol ,Blíster 6 tableta,RD$3.00,Antihelmintico/Antiparasitario,2022
1218,Mebendazol ,Frasco 30 ml,RD$10.00,Antihelmintico/Antiparasitario,2022
9076,Mecobalamina ,Tableta 500 m cg,RD$5.00,Vitaminas,2022
1661,Metformina ,Tableta 8850 mg,RD$0.50,Insulinas y otros Hipoglucemiante,2022
10276,Metformina ,Tableta 500 mg,RD$0.50,Insulinas y otros Hipoglucemiante,2022
1661,Metformina ,Tableta 8850 mg,RD$0.50,Insulinas y otros Hipoglucemiante,2022
10238,Metildopa,Tableta 250 mg,RD$4.00,Cardiovasculares/Antihipertensivo,2022
1414,Metil-Dopa,Tableta 500  mg,RD$5.00,Cardiovasculares/Antihipertensivo,2022
1602,Metoclopramida ,Tableta 10 mg,RD$0.40,Antiemético,2022
10630,Metoprolol,Tableta 50 mg,RD$1.75,Cardiovasculares Antianginosos,2022
9070,Metoprolol ,Tableta 100 mg,RD$1.75,Cardiovasculares Antianginosos,2022
1235,Metronidazol ,Tableta 500 mg,RD$0.50,Amebicida,2022
10273,Metronidazol + Diyodohidroxiquinoleina ,Tableta 400 mg/200 mg,RD$7.00,Antihelmintico/Antiparasitario,2022
10274,Metronidazol + Diyodohidroxiquinoleina 400mg + 200mg,Frasco 120 ml,RD$85.00,Antihelmintico/Antiparasitario,2022
10339,Metronidazol Benzoato 200mg/5ml Susp. Oral,Frasco 120  ml,RD$20.00,Amebicida,2022
10347,Muleta Aluminio Adulto (L),Unidad,RD$300.00,Insumos Ortopédicos,2022
10348,Muleta de Aluminio para adolescentes (S),Unidad,RD$300.00,Insumos Ortopédicos,2022
10349,Muletas De Aluminio Grandes Para Adultos XL ,Unidad,RD$300.00,Vitaminas,2022
1905,"Mult. Lactante Sin Estim(Vit.A1500UI,D 400UI,C 35mg,B1 0.5mg,B2 0.5mg,B6 Niacinamina 8mg)",Frasco Gotero 15 ml,RD$20.00,Vitaminas,2022
10398,Multivitaminas Prenatales ,Capsula,RD$7.00,Vitaminas,2022
9340,Nafazolina 0.1% Solución Oftálmica,Frasco Gotero 10ml,RD$35.00,Descongestivo ocular,2022
9710,Naproxeno ,Tableta 550 ml,RD$7.00,Antiinflamatorio No Esteroides,2022
1418,Nifedipina ,Tableta 20 mg,RD$0.20,Cardiovasculares/Antihipertensivo,2022
1417,Nifedipina ,Tableta 10 mg,RD$0.20,Antioxitocico,2022
9744,"Nistatina 100,000 UI Óvulos Unid","Óvulos 100,000 UI",RD$5.00,Antifungicos,2022
9168,"Nistatina 100,000 UI/ mL Suspensión Frasco 30 mL",Frasco 30 ml,RD$20.00,Antifungicos,2022
9733,Nitrofurantoina (Macrocristales),Cápsula 100 mg,RD$20.00,Antibacteriano/Antibioticos,2022
3283,Nitrofurazona  0.2% Pomada,Tubo 30 g,RD$20.00,Antiinfeccioso-Antisepticono,2022
9545,Olanzapina ,Tableta 10 mg,RD$50.00,Antipsicótico,2022
9813,Olanzapina ,Tableta 5 mg,RD$40.00,Antipsicótico,2022
1589,Omeprazol ,Tableta 20 mg,RD$0.50,Antiulceroso,2022
9950,Orinal Para Hombre,Unidad,RD$25.00,Insumo Hospitalario,2022
9951,Orinal Plástico Desechable para Mujer ,Unidad,RD$65.00,Insumo Hospitalario,2022
1515,Oxido de Zinc ,Frasco 120 ml,RD$15.00,Emoliente Cutáneo,2022
10335,Pañal Desechable (S) 4-10kg,Unidad,RD$10.00,Insumo Hospitalario,2022
9879,Pañal Desechable Grande para Adultos (Large),Unidad,RD$20.00,Insumo Hospitalario,2022
9705,Pañal Desechable Mediano para Adulto ,Unidad,RD$20.00,Insumo Hospitalario,2022
10389,Pañal Desechable Niños (M) 9-15kg,Unidad,RD$10.00,Insumo Hospitalario,2022
10479,Pañal Desechable para niños L ,Unidad,RD$12.00,Insumo Hospitalario,2022
9750,Pañal Desechable Pequeño para Adulto,Unidad,RD$20.00,Insumo Hospitalario,2022
10336,Pañal Desechable Recien Nacido 2-5 kg,Unidad,RD$10.00,Insumo Hospitalario,2022
1194,Penicilina G Benzatínica 1.2,Vial,RD$10.00,Antibacteriano/Antibioticos,2022
1195,"Penicilina G. Benzatínica 2,400,000 UI",Vial,RD$15.00,Antibacteriano/Antibioticos,2022
1196,"Penicilina G. Benzatínica 600,000 UI",Vial,RD$10.00,Antibacteriano/Antibioticos,2022
1202,"Penicilina G.Procaínica 4,00,000 UI .",Vial,RD$5.00,Antibacteriano/Antibioticos,2022
1201,"Penicilina G.Procaínica 4,000,000 UI .",Vial,RD$20.00,Antibacteriano/Antibioticos,2022
1202,"Penicilina G.Procaínica 400,000 UI",Vial,RD$5.00,Antibacteriano/Antibioticos,2022
2432,Perita De Aspiración Nasal,Unidad,RD$15.00,Insumo Hospitalario,2022
9397,Permetrina 1% Champú,Frasco 60 ml,RD$40.00,Escabicida y Pediculicida,2022
9177,Permetrina 1% Loción,Frasco 60 ml,RD$40.00,Escabicida y Pediculicida,2022
9154,Permetrina 5% Crema,Tubo 30 tubo,RD$25.00,Escabicida y Pediculicida,2022
9400,Prednisona,Tableta 50 mg,RD$6.00,Antiinflamatorio Esteroideo,2022
10272,Prednisona ,Tableta  20 mg,RD$5.00,Antiinflamatorio Esteroideo,2022
1646,Prednisona ,Tableta 5 mg,RD$0.70,Antiinflamatorio Esteroideo,2022
10295,Pregabalina ,Capsula 300 mg,RD$20.00,Antiepiléptico/Analgésico,2022
10294,Pregabalina ,Capsula75 mg,RD$10.00,Antiepiléptico/Analgésico,2022
3344,Preservativo Masculino ,Unidad,RD$2.00,Insumo Hospitalario,2022
10271,Propanolol ,Tableta 20 mg,RD$0.40,Cardiovasculares/Antianginoso,2022
9083,Propranolol ,Tableta 40 mg,RD$0.50,Cardiovasculares/Antianginoso,2022
9607,Proteína Hiperprotética Suplemento Nutricional Líquido,Frasco 8 Onzas,RD$100.00,Nutrición,2022
9625,Proteína Polimérica con Probiótico ,Lata 400 g,RD$280.00,Nutrición,2022
9002,Proteína Polimérica con Probióticos Líquida,Frasco 8 Onzas,RD$60.00,Nutrición,2022
9626,Proteína Polimérica en Polvo ,Lata 400 g,RD$300.00,Nutrición,2022
9627,Proteína Polimérica Líquida ,Frasco 8 Onzas,RD$60.00,Nutrición,2022
9557,Proteina Polimerica Modulo Proteico ,Lata 275 g,RD$300.00,Nutrición,2022
9558,Proteína Polimérica para Diabetes Líquida ,Frasco 8 Onzas,RD$70.00,Nutrición,2022
9606,Proteína Poliméricas Hiperprotéica Líquida ,Frasco 8 Onzas,RD$120.00,Nutrición,2022
10416,Quetiapina,Tableta 25 mg,RD$16.00,Antpsicoticos,2022
10410,Quetiapina ,Tableta 100 mg,RD$30.00,Antpsicoticos,2022
10296,Ramipril ,Tableta 5 mg,RD$1.00,Cardiovasculares/Antihipertensivo,2022
9814,Risperidona ,Tableta 1 mg,RD$2.00,Antpsicoticos,2022
1793,Risperidona ,Tableta 2 mg,RD$2.00,Antpsicoticos,2022
9887,Rodillera Grande,Unidad,RD$125.00,Insumos Ortopédicos,2022
9494,Rodillera Mediana,Unidad,RD$125.00,Insumos Ortopédicos,2022
9888,Rodillera Pequeña,Unidad,RD$125.00,Insumos Ortopédicos,2022
1829,Salbutamol ,Tabletan4 mg,RD$0.50,Antiasmatico,2022
10401,Salbutamol Sulfato 100 mcg/Inhalacion,Frasco Aerosol,RD$60.00,Antiasmatico,2022
1831,Salbutamol.P/Nebulizar 5mg/ml,Frasco Gotero10 ml,RD$25.00,Antiasmatico,2022
1885,Sales de Rehidratación Oral ,Sobre,RD$4.00,Diarrea/Rehidratación,2022
9545,Sertralina ,Tableta 50 mg,RD$2.00,Antidepresivo,2022
10242,Simvastatina,Tableta 40 mg,RD$1.00,Reguladores de Lipidos,2022
1375,Simvastatina ,Tableta 20 mg,RD$0.50,Reguladores de Lipidos,2022
1882,Solucion  Ringer con Lactato Frasco 1000 ml,Frasco 1000 ml,RD$20.00,"Soluciones Correctoras Desordenes de Agua, Electrolitos, y Acido Base",2022
9225,Solución Cloruro de Sodio 0.9%,Frasco 100 ml,RD$20.00,"Soluciones Correctoras Desordenes de Agua, Electrolitos, y Acido Base",2022
1872,Solucion Cloruro Dextrosa 0.5% + Cloruro de Sodio 0.33 Frasco 1000 ml,Frasco 1000 ml,RD$20.00,"Soluciones Correctoras Desordenes de Agua, Electrolitos, y Acido Base",2022
1863,Solución Cloruro Sódico 0.9% Iny. I.V. Fco. 1000 ml,Frasco 1000 ml,RD$40.00,"Soluciones Correctoras Desordenes de Agua, Electrolitos, y Acido Base",2022
2333,Sonda Foley 2 Vías No.14,Unidad,RD$20.00,Insumo Hospitalario,2022
2334,Sonda Foley 2 Vías No.16,Unidad,RD$20.00,Insumo Hospitalario,2022
3310,Sucralfato Granulado  1 g,Sobre 1 g,RD$15.00,Antiulceroso,2022
9521,Sulfadiazina Argéntica 1% Crema,Tubo 30 crema,RD$50.00,Antiinfeccioso-Antisepticono,2022
10394,Sulfato de Zinc ,Tableta 200 mg,RD$3.00,Micronutriente,2022
1355,Sulfato Ferroso ,Tableta 300 mg,RD$0.30,Antianémico,2022
10371,Sulfato Ferroso  ,Frasco 60 ml,RD$30.00,Antianémico,2022
9359,Sulfato Ferroso + Ácido Fólico,Tableta 300 mg/5 mg,RD$1.50,Antianémico,2022
9119,Sulfato Ferroso 125 mg/mL Gotas,Frasco 30 ml,RD$30.00,Antianémico,2022
10761,Termometro digital oral,Unidad,RD$110.00,Insumo Hospitalario,2022
1248,Tinidazol  ,Tableta 500 mg,RD$3.00,Antimicrobiano,2022
9496,Tobillera Grande,Unidad,RD$160.00,Insumos Ortopédicos,2022
9495,Tobillera Mediana,Unidad,RD$160.00,Insumos Ortopédicos,2022
10328,Tobillera Mediana Rigida,Unidad,RD$485.00,Insumos Ortopédicos,2022
9890,Tobillera Pequeña,Unidad,RD$200.00,Insumos Ortopédicos,2022
1952,Tobramicina 0.3% Gotas Oftálmicas,Frasco Gotero 5 ml,RD$30.00,Antibiótico/Oftálmico,2022
9124,Trimetoprim-Sulfametoxazol,Tableta 160 mg/800 mg,RD$1.50,Antibacteriano/Antibioticos,2022
1966,Trimetroprím-Sulfametoxazol (40/200mg) 5 mL,Frasco 120 ml,RD$20.00,Antibacteriano/Antibioticos,2022
10370,Valsartán ,Tableta 160 mg,RD$3.00,Cardiovasculares/Antihipertensivo,2022
9885,"Venda Elástica 3"" x 5  Yardas",Unidad,RD$15.00,Insumo Hospitalario,2022
1990,"Venda Elástica 4"" x 5 Yardas",Unidad,RD$15.00,Insumo Hospitalario,2022
9886,"Venda Elástica 6"" x  5 Yardas",Unidad,RD$15.00,Insumo Hospitalario,2022
1431,Verapamil  80 mg,Tableta 80 mg,RD$1.50,Cardiovasculares/Antianginoso,2022
1915,"Vitamina A 50,000 UI","Perla 50,000 UI",RD$1.50,Vitaminas,2022
1912,Vitamina A Y D(3000 UI + 300 UI),"Perla 3,000 /300 UI",RD$1.50,Vitaminas,2022
1914,Vitamina E 400 UI,Perla 400 UI,RD$1.50,Vitaminas,2022
1916,Vitaminas Neurotrópicas +Dexametasona + Dexametasona ,Ampollas ,RD$20.00,Vitaminas,2022
9531,Vitaminas y Minerales ,Capsula,RD$1.50,Vitaminas,2022
9756,Warfarina Sódica ,Tableta 5 mg,RD$5.00,Anticoagulante,2022
10385,Yodopovidona Solución al 10%,Frasco 120 ml,RD$50.00,Desinfectantes/Antiséptico,2022
1945,Aceite de Higado de Bacalao Emulsión (Vit.A10000UI+D1500UI+Vitc.200mg/5ml) Fco.180ml,Frasco 180 ml,RD$40.00,Vitaminas,2023
1034,Acetaminofén (Paracetamol) ,Tableta 500 mg,RD$0.30,Analgésico/Antipirético,2023
10064,Acetaminofen (Paracetamol) 100 mg Supositorio,Supositorio 100 mg,RD$5.00,Analgésico/Antipirético,2023
1037,Acetaminofén (Paracetamol) Gotas Pedatricas 100 mg/ml,Frasco Gotero 15 ml,RD$15.00,Analgésico/Antipirético,2023
10227,Acetaminofen (Paracetamol) Jbe. 125mg/5ml,Frasco 120 ml,RD$15.00,Analgésico/Antipirético,2023
10741,Acetaminofen+Cafeina ,Tableta 500mg/65 mg,RD$25.00,Analgesico-Antimigrañoso,2023
10593,Acetato De Medroxiprogesterona Inyección de Liberación Retardada 150 mg/ml,Vial,RD$50.00,Hormona Contraceptivas,2023
9370,Acetilcisteína ,Ampolla 300 mg/3 ml,RD$15.00,Mucolítico,2023
1252,Aciclovir ,Tableta 400 mg,RD$1.50,Antiviral,2023
9371,Aciclovir 200 mg/5 mL Suspensión,Frasco 60 ml,RD$40.00,Antiviral,2023
1251,Aciclovir Crema ,Tubo de 5 g,RD$10.00,Antiviral,2023
1041,Acido Acetilsalicílico 325mg,Tableta 325 mg,RD$1.00,Analgésico/Antipirético,2023
1042,Acido Acetilsalicílico 81mg,Tableta 81 mg,RD$0.50,Cardiovasculares/Antitrombotico,2023
9329,Acido Ascórbico (Vit. C) 500 mg,Tableta 500 mg,RD$2.00,Vitaminas,2023
1346,Acido Fólico  5 mg,Tableta 5 mg,RD$0.20,Vitaminas,2023
9358,Acido Fólico + Vit. B12 (5mg + 500mcg)/ 5mL,Frasco 120 ml,RD$25.00,Vitaminas,2023
1345,Acido Fólico 5mg/5mL Jarabe,Frasco 120 ml,RD$13.00,Antianémico,2023
1946,Acido Mefenámico ,Tableta 500 mg,RD$0.70,Antiinflamatorio No Esteroides,2023
9501,Ácido Valpróico ,Tableta 50 mg,RD$12.00,Anticonvulsivante/Trastorno Bipolar,2023
1696,Acido valproico 200 mg/ml Solucion Oral,Frasco 40 ml,RD$90.00,Anticonvulsivante/Trastorno Bipolar,2023
1891,Agua Para Inyectable,Ampolla 10 ml,RD$3.00,Insumo Hospitalario,2023
1893,Agua Para Inyetable,Ampolla 5 ml,RD$3.00,Insumo Hospitalario,2023
1216,Albendazol  Suspensión (dosis única) ,Sobre 400 mg/10 ml,RD$5.00,Antihelmintico/Antiparasitario,2023
1215,Albendazol 400 mg   (dosis unica),Tableta 400 mg,RD$1.00,Antihelmintico/Antiparasitario,2023
9030,Albúmina Humana 20%,Frasco 50 ml,"RD$2,000.00",Sustituto del Plasma,2023
9079,Alcohol Isopropílico  ,Frasco 120 ml,RD$20.00,Insumo Hospitalario,2023
9344,Alendronato ,Tableta 70 mg,RD$1.00,Bifosfonato,2023
9510,Algodón Torunda ,Funda 7 g,RD$5.00,Insumo Hospitalario,2023
9718,Alopurinol 300 mg,Tableta 300 mg,RD$1.50,Uricosúrico,2023
1845,Ambroxol  ,Tableta 30 mg,RD$3.00,Mucolítico,2023
9519,Ambroxol 15 mg/5mL Jarabe,Frasco 120 ml,RD$15.00,Mucolítico,2023
1120,Amikacina  ,Vial 500 mg/2 ml,RD$15.00,Antibiótico/Aminoglucosido,2023
9376,Amiodarona ,Tableta 200 mg,RD$4.00,Cardiovasculares/Antiarritmico,2023
1772,Amitriptilína ,Tableta 25 mg,RD$1.50,Antidepresivo/Trastorno del humor,2023
1405,Amlodipina ,Tableta 5 mg,RD$0.20,Cardiovasculares/Antihipertensivo,2023
1404,Amlodipina ,Tableta 10 mg,RD$0.20,Cardiovasculares/Antihipertensivo,2023
2816,Amoxicilina ,Capsula 500 mg,RD$1.00,Antibacteriano/Antibioticos,2023
3289,Amoxicilina  + Ácido Clavulánico ,Capsula 500 mg/125 mg,RD$5.00,Antibioticos/Betalactámico,2023
3290,Amoxicilina 250 mg + Ácido Clavulánico 62.5 mg /5mL,Frasco 60 ml,RD$60.00,Antibioticos/Betalactámico,2023
3288,Amoxicilina 250mg/5mL Polvo para Suspensión Frasco 120 mL,Frasco 120 ml,RD$25.00,Antibacteriano/Antibioticos,2023
1605,Antiespasmódico (N-Butil Bromuro-Hioscina)  20 mg/1 ml,Ampolla ,RD$15.00,Antiespasmódico,2023
1606,Antiespasmodico N-Butil Hioscina-Bromuro de Hioscina ,Tableta 10 mg,RD$5.00,Antiespasmódico,2023
10982,Antigripal ,Tableta ,RD$3.00,Antigripal,2023
1877,Antigripal (con Dextrometorfan 10 mg),Frasco 120 ml,RD$15.00,Antigripal,2023
9484,Atenolol ,Tableta 50 mg,RD$0.20,Cardiovasculares/Antihipertensivo,2023
1378,Atenolol  ,Tableta  100 mg,RD$0.30,Cardiovasculares/Antihipertensivo,2023
1381,Atenolol + Clortalidona ,Tableta 50 mg/12.5 mg,RD$1.50,Cardiovasculares/Antihipertensivo,2023
1379,Atenolol + Clortalidona 100 mg / 25 mg,Tableta 100mg/25mg,RD$2.00,Cardiovasculares/Antihipertensivo,2023
9483,Azitromicina ,Capsula 500 mg,RD$4.00,Antibacteriano/Antibioticos,2023
9482,Azitromicina 200 mg/5mL Polvo para Suspensión,Frasco 30 ml,RD$25.00,Antibacteriano/Antibioticos,2023
2031,Bajante De Suero ,Unidad,RD$10.00,Insumo Hospitalario,2023
9491,Bastón Ajustable de Aluminio Cuatro Apoyos,Unidad,RD$350.00,Insumos Ortopédicos,2023
9490,Bastón Ajustable de Aluminio un Apoyo,Unidad,RD$200.00,Insumos Ortopédicos,2023
9646,Betahistina ,Tableta 6 mg,RD$3.00,Antivertiginosos,2023
9174,Betametasona 0.1%  Crema,Tubo 15 g,RD$50.00,Antiinflamatorio Esteroideo,2023
9796,Bismuto Subsalicilato  Suspension Oral,Frasco 100 ml,RD$50.00,Antidiarreico,2023
10251,Bisoprolol ,Tableta 2.5 mg,RD$3.00,Cardiovasculares/Antianginoso,2023
10252,Bisoprolol ,Tableta 5 mg,RD$3.00,Cardiovasculares/Antianginoso,2023
2005,Bolsa Colectora de Orina 2 L,Unidad,RD$10.00,Insumo Hospitalario,2023
2006,Bolsa Colectora de Orina Pediátrica 100 mL,Unidad,RD$5.00,Insumo Hospitalario,2023
10255,Budesonida 100 mcg/Inhalaion,Frasco Spray,RD$390.00,Antiinflamatorio Esteroideo,2023
10330,Cabestrillo Sencillo (L),Unidad,RD$150.00,Insumos Ortopédicos,2023
10331,Cabestrillo Sencillo (S),Unidad,RD$150.00,Insumos Ortopédicos,2023
9489,Cabestrillo Sencillo Medium,Unidad,RD$150.00,Insumos Ortopédicos,2023
10417,Calamina Locion 0.15%,Frasco 120 ml,RD$45.00,Emoliente Cutaneo,2023
1897,Calcio Carbonato 600 mg + Vit. D3 400UI,Tableta 600mg/400 UI,RD$1.00,Vitaminas,2023
10631,Candesartan ,Tableta 16 mg,RD$2.50,Cardiovasculares/Antihipertensivo,2023
10744,Candesartan ,Tableta 32 mg,RD$3.50,Cardiovasculares/Antihipertensivo,2023
1433,Captoprilo,Tableta 50 mg,RD$0.70,Cardiovasculares/Antihipertensivo,2023
1105,Carbamacepina  ,Tableta 200 mg,RD$1.00,Trastorno Bipolar,2023
9275,Carbonato de Litio ,Tableta 300 mg,RD$3.00,Trastorno Bipolar,2023
9033,Carvedilol ,Tableta 25 mg,RD$1.50,Cardiovasculares/Antianginoso,2023
9031,Carvedilol ,Tableta 6.25 mg,RD$0.70,Cardiovasculares/Antianginoso,2023
9032,Carvedilol ,Tableta 12.5 mg,RD$0.70,Cardiovasculares/Antianginoso,2023
2223,Catéter E.V. # 18,Unidad,RD$15.00,Insumo Hospitalario,2023
2224,Catéter E.V. # 20,Unidad,RD$15.00,Insumo Hospitalario,2023
2225,Catéter E.V. # 22,Unidad,RD$15.00,Insumo Hospitalario,2023
2226,Catéter E.V. # 24,Unidad,RD$15.00,Insumo Hospitalario,2023
1136,Cefalexina  ,Capsula 500 mg,RD$2.00,Antibacteriano/Antibioticos,2023
1137,Cefalexina 250 mg/5mL   Suspensión,Frasco 120 ml,RD$35.00,Antibacteriano/Antibioticos,2023
1147,Ceftriazona 1g,Vial ,RD$10.00,Antibacteriano/Antibioticos,2023
9529,Cetirizina ,Tableta 10 mg,RD$0.50,Antihistamínico,2023
10254,Cetirizina Jbe.5mg/5ml,Frasco 60 ml,RD$20.00,Antihistamínico,2023
1150,Ciprofloxacina ,Tableta 500 mg,RD$1.00,Antibiótico/Quinolonas,2023
9819,Citicolina ,Tableta 500 mg,RD$15.00,"Psicoestimulante, Neuroprotector, Nootropico",2023
9162,Claritromicina ,Tableta 500 mg,RD$5.00,Antibacteriano/Antibioticos,2023
9163,Claritromicina 250 mg/5mL Suspension,Frasco 60 ml,RD$90.00,Antibacteriano/Antibioticos,2023
9164,Clindamicina  ,Capsula 300 mg,RD$5.00,Antibacteriano/Antibioticos,2023
10281,Clindamicina Óvulo,Ovulo 100 mg,RD$10.00,Antibacteriano/Antibioticos,2023
9350,Clopidogrel ,Tableta 75 mg,RD$1.50,Cardiovasculares/Antiagregante Plaquetario,2023
10233,Clorpromazina ,Tableta 25 mg,RD$6.00,Antipsicoticos,2023
1781,Clorpromazina ,Tableta 100m,RD$7.00,Antipsicoticos,2023
10245,Clorpromazina ,Tableta 200 mg,RD$15.00,Antipsicoticos,2023
10233,Clorpromazina ,Tableta 25 mg,RD$6.00,Antipsicoticos,2023
9244,Cloruro de Sodio 6.5 mg/ mL Gotas Nasales,Frasco Gotero 15 ml,RD$15.00,"FLuidificante, Descongestionante",2023
1471,Clotrimazol 1%  Crema,Tubo 30g,RD$10.00,Antifungicos,2023
1475,Clotrimazol 1% Solucion,Frasco Gotero 20 ml,RD$12.00,Antifungicos,2023
10231,Clotrimazol Ovulos ,Ovulo 500 mg,RD$6.00,Antifungicos,2023
9493,Codera Larga Unidad,Unidad,RD$180.00,Insumos Ortopédicos,2023
9492,Codera Mediana Unidad,Unidad,RD$180.00,Insumos Ortopédicos,2023
9498,Collarín Blando Largo,Unidad,RD$100.00,Insumos Ortopédicos,2023
9497,Collarín Blando Mediano,Unidad,RD$100.00,Insumos Ortopédicos,2023
9499,Collarín Rígido Ajustable Grande,Unidad,RD$350.00,Insumos Ortopédicos,2023
1900,"Complejo B (Vit.B1 100 mg, B2 10 mg,  B6 10mg, Nicotinamida",Vial 10 ml,RD$20.00,Vitaminas,2023
1898,Complejo B (Vit.B1 15mg + B2 1mg + B6 2.6mg + B12 2mcg + Nicotinamida 10mg),Tableta ,RD$0.50,Vitaminas,2023
1899,Complejo B (Vit.B1 50 mg + B6 50 mg + B12 200mcg ) 15 mL Jbe,Frasco 120 ml,RD$15.00,Vitaminas,2023
1784,Decanoato de Flufenazina ,Ampolla 25 mg/ml,RD$400.00,Antipsicótico,2023
9404,Deflazacort 6 mg Tableta Blíster,,,Corticosteroide,2023
1638,Dexametasona ,Tableta 0.5 mg,RD$1.50,Antiinflamatorio Esteroideo,2023
9299,DEXAMETASONA ,Tableta 4 mg,RD$5.00,Antiinflamatorio Esteroideo,2023
10250,Dexametasona Fosfato Sódico Iny. IM-IV,Ampolla 4 mg/ml,RD$5.00,Antiinflamatorio Esteroideo,2023
1876,Dextrosa al 50%  i.v.,Vial 20 ml,RD$15.00,"Soluciones Correctoras Desordenes de Agua, Electrolitos, y Acido Base",2023
1045,Diclofenac Sódico ,Ampolla 75 mg/3 ml,RD$2.00,Antiinflamatorio No Esteroides,2023
1043,Diclofenaco Dietilamonio1.16% Gel,Tubo 20 g,RD$10.00,Antiinflamatorio No Esteroides,2023
1047,Diclofenaco Sodico ,Tableta 50 mg,RD$0.20,Antiinflamatorio No Esteroides,2023
1168,Dicloxacilina ,Capsula 500 mg,RD$4.00,Antibacteriano/Antibioticos,2023
9333,Difenhidramina ,Tableta 25 mg,RD$0.50,Antihistamínico,2023
1852,Difenhidramina 10 mg/ml,Ampolla 2 ml,RD$10.00,Antihistamínico,2023
1851,Difenhidramina 12.5 mg/5mL,Frasco 60 ml,RD$15.00,Antihistamínico,2023
1441,Digoxina ,Tableta 0.25 mg,RD$1.00,Cardiovasculares/Antiarritmicos,2023
1598,Dimenhidrinato ,Tableta 50 mg,RD$0.50,Antihistamínico,2023
9413,Dimenhidrinato 15 mg/5 ml Jarabe,Frasco 60 ml,RD$15.00,Antihistamínico,2023
1170,Doxiciclina ,Capsula 100 mg,RD$1.00,Antibacteriano/Antibioticos,2023
1434,Enalapril Maleato ,Tableta 10 mg,RD$0.20,Cardiovasculares/Antihipertensivo,2023
1435,Enalapril Maleato  ,Tableta 20  mg,RD$0.20,Cardiovasculares/Antihipertensivo,2023
1173,Eritromicina  250 mg/5 mL,Frasco 120 ml,RD$50.00,Antibacteriano/Antibioticos,2023
10262,Eritromicina Estearato ,Tableta 500 mg,RD$5.00,Antibacteriano/Antibioticos,2023
9170,Eritropoyetina Humana  Jeringa Precargada,Ampolla 4000 UI/0.3 ml,RD$135.00,Antianémico,2023
11002,Eritropoyetina Humana Liofilizada,Vial,RD$550.00,Antianémico,2023
9102,Espirómetro,Unidad,RD$200.00,Insumo Hospitalario,2023
9369,Espironolactona ,Tableta 100 mg,RD$4.00,Cardiovasculares/Diurético,2023
9793,Espironolactona ,Tableta 25 mg,RD$2.00,Cardiovasculares/Diurético,2023
9337,Estrogenos Conjugados ,Tableta 0.625 mg,RD$5.00,Hormonas Estrogenas,2023
Hormonas Contraceptivas,Etinilestradiol + Levonorgestrel ,Tableta 30mcg/150 mcg,RD$20.00,Hormonas Contraceptivas,2023
1106,Fenitoína Sódica ,Tableta 100 mg,RD$8.00,Antiepiléptico,2023
9727,Fenitoina Sodica  125 mg/5mL Susp. Oral,Frasco 120 ml,RD$200.00,Antiepiléptico,2023
1256,Fluconazol  ,Capsula 150 mg,RD$2.50,Antifungicos,2023
9741,Fluconazol 50 mg/5mL Susp. Oral,Frasco 60 ml,RD$200.00,Antifungicos,2023
9181,Fluoxetina ,Tableta 20 mg,RD$6.00,Antidepresivo/Trastorno del humor,2023
9736,Fosfomicina ,Tableta 500 mg,RD$10.00,Antibacteriano/Antibioticos,2023
9735,Fosfomicina  250 mg/5ml Susp. Oral,Frasco 120 ml,RD$140.00,Antibacteriano/Antibioticos,2023
1574,Furosemida ,Tableta 40 mg,RD$0.30,Cardiovasculares/Diurético,2023
9063,Gasa Precortada 4 X 4 Sobre,Sobre 10 Unidades,RD$10.00,Insumo Hospitalario,2023
9808,Gentamicina 3mg/ml Gotas Oftalmicas,Frasco Gotero 5 ml,RD$30.00,Aminoglucósidos,2023
1175,Gentamicina Sulfato 40 mg/mL,Ampolla 8 mg/2 ml,RD$3.00,Aminoglucósidos,2023
1662,Glibenclamida 5 mg,Tableta 5 mg,RD$0.20,Insulinas y otros Hipoglucemiante,2023
9745,Gotas Oticas (Polimixina+Neomicina),Frasco Gotero 10 ml,RD$125.00,"Antibiotico, Anestesico, Antimicotico",2023
10264,Griseofulvina ,Tableta 500mg,RD$7.00,Antifungicos,2023
2167,Guante Examen Medium # 71/2,Par,RD$3.00,Insumo Hospitalario,2023
10771,Guantes de Goma Nitrilo talla M C/100 unidad,Par,RD$10.00,Insumo Hospitalario,2023
10764,"Guantes de Goma, Nitrilo talla L C/100 Unidad",Par,RD$10.00,Insumo Hospitalario,2023
1787,Haloperidol ,Tableta 5 mg,RD$1.00,Psicoterapéuticos,2023
1786,Haloperidol ,Tableta 10mg,RD$0.90,Psicoterapéuticos,2023
1790,Haloperidol Gotas 2 mg/mL,Frasco Gotero 15 ml,RD$16.00,Psicoterapéuticos,2023
1359,Heparina ,Vial 5000 UI/5 ml,RD$75.00,Anticoagulane,2023
10235,Hidralacina Clorhidrato   ,Tableta 50 mg,RD$40.00,Cardiovasculares/Diurético,2023
9794,Hidroclorotiazida ,Tableta 25 mg,RD$0.30,Cardiovasculares/Diurético,2023
1575,Hidroclorotiazida ,Tableta 50 mg,RD$0.30,Cardiovasculares/Diurético,2023
1514,Hidrocortisona 1% Pomada,Tubo 15 g,RD$20.00,Antiinflamatorio Esteroideo,2023
1640,Hidrocortisona 100 mg,Vial,RD$10.00,Antiinflamatorio Esteroideo,2023
10743,Hidroxido de Aluminio +hidroxido de Magnesio Gel +Simeticona Suspension,Sobre  ml,RD$25.00,Antiacido Antiflatulento,2023
9282,Hierro Sacarosa ,Ampolla 100 mg/5 ml,RD$40.00,Antianémico,2023
10236,Ibuprofeno,Tableta 400,RD$1.00,Antiinflamatorio No Esteroides,2023
1055,Ibuprofeno ,Tableta 600 mg,RD$1.00,Antiinflamatorio No Esteroides,2023
10237,Ibuprofeno  200mg/5ml Suspension,Frasco 60 ml,RD$30.00,Antiinflamatorio No Esteroides,2023
9274,Imipramina Clorhidrato ,Tableta 25 mg,RD$1.00,Antidepresivo/Trastorno del humor,2023
9643,Inmovilizador De Muñeca Derecha,Unidad,RD$160.00,Insumos Ortopédicos,2023
9647,Inmovilizador De Muñeca Izquierda,Unidad,RD$160.00,Insumos Ortopédicos,2023
1690,Inmunoglobulina Antitetánica (Humana),Vial 250 UI/ml,RD$500.00,Antitetanica,2023
9645,Insulina Glargina  Recombinante 100 UI/mL Jeringa Precargada,Ampolla Multidosis,RD$350.00,Insulinas y otros Hipoglucemiante,2023
1663,Insulina Intermedia NPH 100 UI/mL Vial 10 mL,Vial 10 ml,RD$110.00,Insulinas y otros Hipoglucemiante,2023
1664,Insulina Mixta 70/30 100 UI/mL Vial 10 mL,Vial 10 ml,RD$110.00,Insulinas y otros Hipoglucemiante,2023
1665,Insulina Regular (Cristalina) 100 UI/mL Vial 10mL,Vial 10 ml,RD$110.00,Insulinas y otros Hipoglucemiante,2023
10388,Ipratropio Bromuro 0.900 mcg/ml  Sol. Para Nebulizar,Ampolla,RD$50.00,Antiasmatico,2023
3308,Irbesartan ,Tableta 150 mg,,Antihipertensivo,2023
9526,Itraconazol ,Capsula 100 mg,RD$6.50,Antifungicos,2023
2387,Jabón Antiséptico (Benzalconio) Pasta 100 g,Unidad,RD$30.00,Desinfectantes/Antiséptico,2023
2392,Jabón de Avena  Pasta de 100 g,Unidad,RD$30.00,Desinfectantes/Antiséptico,2023
2389,Jabón de Azufre 10%  Pasta de 100 gr.,Unidad,RD$30.00,Desinfectantes/Antiséptico,2023
2020,Jeringa 3 ml,Unidad,RD$2.00,Insumo Hospitalario,2023
2022,Jeringa 5 mL,Unidad,RD$2.00,Insumo Hospitalario,2023
2023,Jeringa 10 mL,Unidad,RD$3.00,Insumo Hospitalario,2023
2029,Jeringa Insulina ,Unidad,RD$2.00,Insumo Hospitalario,2023
9427,Ketoconazol 2% Champú,Frasco 100 ml,RD$30.00,Antifungicos,2023
1481,Ketoconazol 2% Crema,Tubo 30 g,RD$12.00,Antifungicos,2023
9338,Lactulosa  66.7 g/100 mL,Frasco 240  ml,RD$150.00,Laxante Osmotico,2023
1339,Levodopa + Benserazida ,Tableta 200 mg+50 mg,RD$15.00,Antiparkinsonianos,2023
9732,Levofloxacina ,Tableta 500 mg,RD$2.50,Antibiótico/Quinolonas,2023
10268,Levotiroxina ,Tableta 25mcg,RD$1.50,Hormona Tiroidea,2023
10246,Levotiroxina ,Tableta 50 mcg,RD$1.50,Hormona Tiroidea,2023
9231,Levotiroxina  ,Tableta 0.1 mg,RD$1.50,Hormona Tiroidea,2023
1438,Lisinopril ,Tableta 20 mg,RD$2.00,Cardiovasculares/Antihipertensivo,2023
1437,Lisinopril ,Tableta 10 mg,RD$0.50,Cardiovasculares/Antihipertensivo,2023
1081,Loratadina  ,Tableta 10 mg,RD$0.50,Antihistamínico,2023
1084,Loratadina 5 mg/5mL Jarabe,Frasco 90 ml,RD$15.00,Antihistamínico,2023
9772,Losartan ,Tableta  100 mg,RD$1.50,Cardiovasculares/Antihipertensivo,2023
9392,Losartán Potásico ,Tableta 50 mg,RD$0.50,Cardiovasculares/Antihipertensivo,2023
2063,Mariposita No.21,Unidad,RD$2.00,Insumo Hospitalario,2023
2064,Mariposita No.23,Unidad,RD$2.00,Insumo Hospitalario,2023
2065,Mariposita No.25,Unidad,RD$2.00,Insumo Hospitalario,2023
9353,Mascarilla para Nebulizar Adulto,Unidad,RD$25.00,Insumo Hospitalario,2023
2419,Mascarilla para Nebulizar Pediátrica ,Unidad,RD$25.00,Insumo Hospitalario,2023
1217,Mebendazol ,Blíster 6 tableta,RD$3.00,Antihelmintico/Antiparasitario,2023
1218,Mebendazol ,Frasco 30 ml,RD$10.00,Antihelmintico/Antiparasitario,2023
9076,Mecobalamina ,Tableta 500 m cg,RD$5.00,Vitaminas,2023
1661,Metformina ,Tableta 8850 mg,RD$0.50,Insulinas y otros Hipoglucemiante,2023
10276,Metformina ,Tableta 500 mg,RD$0.50,Insulinas y otros Hipoglucemiante,2023
1661,Metformina ,Tableta 8850 mg,RD$0.50,Insulinas y otros Hipoglucemiante,2023
10238,Metildopa,Tableta 250 mg,RD$4.00,Cardiovasculares/Antihipertensivo,2023
1414,Metil-Dopa,Tableta 500  mg,RD$5.00,Cardiovasculares/Antihipertensivo,2023
1602,Metoclopramida ,Tableta 10 mg,RD$0.40,Antiemético,2023
10630,Metoprolol,Tableta 50 mg,RD$1.75,Cardiovasculares Antianginosos,2023
9070,Metoprolol ,Tableta 100 mg,RD$1.75,Cardiovasculares Antianginosos,2023
1235,Metronidazol ,Tableta 500 mg,RD$0.50,Amebicida,2023
10273,Metronidazol + Diyodohidroxiquinoleina ,Tableta 400 mg/200 mg,RD$7.00,Antihelmintico/Antiparasitario,2023
10274,Metronidazol + Diyodohidroxiquinoleina 400mg + 200mg,Frasco 120 ml,RD$85.00,Antihelmintico/Antiparasitario,2023
10339,Metronidazol Benzoato 200mg/5ml Susp. Oral,Frasco 120  ml,RD$20.00,Amebicida,2023
10347,Muleta Aluminio Adulto (L),Unidad,RD$300.00,Insumos Ortopédicos,2023
10348,Muleta de Aluminio para adolescentes (S),Unidad,RD$300.00,Insumos Ortopédicos,2023
10349,Muletas De Aluminio Grandes Para Adultos XL ,Unidad,RD$300.00,Vitaminas,2023
1905,"Mult. Lactante Sin Estim(Vit.A1500UI,D 400UI,C 35mg,B1 0.5mg,B2 0.5mg,B6 Niacinamina 8mg)",Frasco Gotero 15 ml,RD$20.00,Vitaminas,2023
10398,Multivitaminas Prenatales ,Capsula,RD$7.00,Vitaminas,2023
9340,Nafazolina 0.1% Solución Oftálmica,Frasco Gotero 10ml,RD$35.00,Descongestivo ocular,2023
9710,Naproxeno ,Tableta 550 ml,RD$7.00,Antiinflamatorio No Esteroides,2023
1418,Nifedipina ,Tableta 20 mg,RD$0.20,Cardiovasculares/Antihipertensivo,2023
1417,Nifedipina ,Tableta 10 mg,RD$0.20,Antioxitocico,2023
9744,"Nistatina 100,000 UI Óvulos Unid","Óvulos 100,000 UI",RD$5.00,Antifungicos,2023
9168,"Nistatina 100,000 UI/ mL Suspensión Frasco 30 mL",Frasco 30 ml,RD$20.00,Antifungicos,2023
9733,Nitrofurantoina (Macrocristales),Cápsula 100 mg,RD$20.00,Antibacteriano/Antibioticos,2023
3283,Nitrofurazona  0.2% Pomada,Tubo 30 g,RD$20.00,Antiinfeccioso-Antisepticono,2023
9545,Olanzapina ,Tableta 10 mg,RD$50.00,Antipsicótico,2023
9813,Olanzapina ,Tableta 5 mg,RD$40.00,Antipsicótico,2023
1589,Omeprazol ,Tableta 20 mg,RD$0.50,Antiulceroso,2023
9950,Orinal Para Hombre,Unidad,RD$25.00,Insumo Hospitalario,2023
9951,Orinal Plástico Desechable para Mujer ,Unidad,RD$65.00,Insumo Hospitalario,2023
1515,Oxido de Zinc ,Frasco 120 ml,RD$15.00,Emoliente Cutáneo,2023
10335,Pañal Desechable (S) 4-10kg,Unidad,RD$10.00,Insumo Hospitalario,2023
9879,Pañal Desechable Grande para Adultos (Large),Unidad,RD$20.00,Insumo Hospitalario,2023
9705,Pañal Desechable Mediano para Adulto ,Unidad,RD$20.00,Insumo Hospitalario,2023
10389,Pañal Desechable Niños (M) 9-15kg,Unidad,RD$10.00,Insumo Hospitalario,2023
10479,Pañal Desechable para niños L ,Unidad,RD$12.00,Insumo Hospitalario,2023
9750,Pañal Desechable Pequeño para Adulto,Unidad,RD$20.00,Insumo Hospitalario,2023
10336,Pañal Desechable Recien Nacido 2-5 kg,Unidad,RD$10.00,Insumo Hospitalario,2023
1194,Penicilina G Benzatínica 1.2,Vial,RD$10.00,Antibacteriano/Antibioticos,2023
1195,"Penicilina G. Benzatínica 2,400,000 UI",Vial,RD$15.00,Antibacteriano/Antibioticos,2023
1196,"Penicilina G. Benzatínica 600,000 UI",Vial,RD$10.00,Antibacteriano/Antibioticos,2023
1202,"Penicilina G.Procaínica 4,00,000 UI .",Vial,RD$5.00,Antibacteriano/Antibioticos,2023
1201,"Penicilina G.Procaínica 4,000,000 UI .",Vial,RD$20.00,Antibacteriano/Antibioticos,2023
1202,"Penicilina G.Procaínica 400,000 UI",Vial,RD$5.00,Antibacteriano/Antibioticos,2023
2432,Perita De Aspiración Nasal,Unidad,RD$15.00,Insumo Hospitalario,2023
9397,Permetrina 1% Champú,Frasco 60 ml,RD$40.00,Escabicida y Pediculicida,2023
9177,Permetrina 1% Loción,Frasco 60 ml,RD$40.00,Escabicida y Pediculicida,2023
9154,Permetrina 5% Crema,Tubo 30 tubo,RD$25.00,Escabicida y Pediculicida,2023
9400,Prednisona,Tableta 50 mg,RD$6.00,Antiinflamatorio Esteroideo,2023
10272,Prednisona ,Tableta  20 mg,RD$5.00,Antiinflamatorio Esteroideo,2023
1646,Prednisona ,Tableta 5 mg,RD$0.70,Antiinflamatorio Esteroideo,2023
10295,Pregabalina ,Capsula 300 mg,RD$20.00,Antiepiléptico/Analgésico,2023
10294,Pregabalina ,Capsula75 mg,RD$10.00,Antiepiléptico/Analgésico,2023
3344,Preservativo Masculino ,Unidad,RD$2.00,Insumo Hospitalario,2023
10271,Propanolol ,Tableta 20 mg,RD$0.40,Cardiovasculares/Antianginoso,2023
9083,Propranolol ,Tableta 40 mg,RD$0.50,Cardiovasculares/Antianginoso,2023
9607,Proteína Hiperprotética Suplemento Nutricional Líquido,Frasco 8 Onzas,RD$100.00,Nutrición,2023
9625,Proteína Polimérica con Probiótico ,Lata 400 g,RD$280.00,Nutrición,2023
9002,Proteína Polimérica con Probióticos Líquida,Frasco 8 Onzas,RD$60.00,Nutrición,2023
9626,Proteína Polimérica en Polvo ,Lata 400 g,RD$300.00,Nutrición,2023
9627,Proteína Polimérica Líquida ,Frasco 8 Onzas,RD$60.00,Nutrición,2023
9557,Proteina Polimerica Modulo Proteico ,Lata 275 g,RD$300.00,Nutrición,2023
9558,Proteína Polimérica para Diabetes Líquida ,Frasco 8 Onzas,RD$70.00,Nutrición,2023
9606,Proteína Poliméricas Hiperprotéica Líquida ,Frasco 8 Onzas,RD$120.00,Nutrición,2023
10416,Quetiapina,Tableta 25 mg,RD$16.00,Antpsicoticos,2023
10410,Quetiapina ,Tableta 100 mg,RD$30.00,Antpsicoticos,2023
10296,Ramipril ,Tableta 5 mg,RD$1.00,Cardiovasculares/Antihipertensivo,2023
9814,Risperidona ,Tableta 1 mg,RD$2.00,Antpsicoticos,2023
1793,Risperidona ,Tableta 2 mg,RD$2.00,Antpsicoticos,2023
9887,Rodillera Grande,Unidad,RD$125.00,Insumos Ortopédicos,2023
9494,Rodillera Mediana,Unidad,RD$125.00,Insumos Ortopédicos,2023
9888,Rodillera Pequeña,Unidad,RD$125.00,Insumos Ortopédicos,2023
1829,Salbutamol ,Tabletan4 mg,RD$0.50,Antiasmatico,2023
10401,Salbutamol Sulfato 100 mcg/Inhalacion,Frasco Aerosol,RD$60.00,Antiasmatico,2023
1831,Salbutamol.P/Nebulizar 5mg/ml,Frasco Gotero10 ml,RD$25.00,Antiasmatico,2023
1885,Sales de Rehidratación Oral ,Sobre,RD$4.00,Diarrea/Rehidratación,2023
9545,Sertralina ,Tableta 50 mg,RD$2.00,Antidepresivo,2023
10242,Simvastatina,Tableta 40 mg,RD$1.00,Reguladores de Lipidos,2023
1375,Simvastatina ,Tableta 20 mg,RD$0.50,Reguladores de Lipidos,2023
1882,Solucion  Ringer con Lactato Frasco 1000 ml,Frasco 1000 ml,RD$20.00,"Soluciones Correctoras Desordenes de Agua, Electrolitos, y Acido Base",2023
9225,Solución Cloruro de Sodio 0.9%,Frasco 100 ml,RD$20.00,"Soluciones Correctoras Desordenes de Agua, Electrolitos, y Acido Base",2023
1872,Solucion Cloruro Dextrosa 0.5% + Cloruro de Sodio 0.33 Frasco 1000 ml,Frasco 1000 ml,RD$20.00,"Soluciones Correctoras Desordenes de Agua, Electrolitos, y Acido Base",2023
1863,Solución Cloruro Sódico 0.9% Iny. I.V. Fco. 1000 ml,Frasco 1000 ml,RD$40.00,"Soluciones Correctoras Desordenes de Agua, Electrolitos, y Acido Base",2023
2333,Sonda Foley 2 Vías No.14,Unidad,RD$20.00,Insumo Hospitalario,2023
2334,Sonda Foley 2 Vías No.16,Unidad,RD$20.00,Insumo Hospitalario,2023
3310,Sucralfato Granulado  1 g,Sobre 1 g,RD$15.00,Antiulceroso,2023
9521,Sulfadiazina Argéntica 1% Crema,Tubo 30 crema,RD$50.00,Antiinfeccioso-Antisepticono,2023
10394,Sulfato de Zinc ,Tableta 200 mg,RD$3.00,Micronutriente,2023
1355,Sulfato Ferroso ,Tableta 300 mg,RD$0.30,Antianémico,2023
10371,Sulfato Ferroso  ,Frasco 60 ml,RD$30.00,Antianémico,2023
9359,Sulfato Ferroso + Ácido Fólico,Tableta 300 mg/5 mg,RD$1.50,Antianémico,2023
9119,Sulfato Ferroso 125 mg/mL Gotas,Frasco 30 ml,RD$30.00,Antianémico,2023
10761,Termometro digital oral,Unidad,RD$110.00,Insumo Hospitalario,2023
1248,Tinidazol  ,Tableta 500 mg,RD$3.00,Antimicrobiano,2023
9496,Tobillera Grande,Unidad,RD$160.00,Insumos Ortopédicos,2023
9495,Tobillera Mediana,Unidad,RD$160.00,Insumos Ortopédicos,2023
10328,Tobillera Mediana Rigida,Unidad,RD$485.00,Insumos Ortopédicos,2023
9890,Tobillera Pequeña,Unidad,RD$200.00,Insumos Ortopédicos,2023
1952,Tobramicina 0.3% Gotas Oftálmicas,Frasco Gotero 5 ml,RD$30.00,Antibiótico/Oftálmico,2023
9124,Trimetoprim-Sulfametoxazol,Tableta 160 mg/800 mg,RD$1.50,Antibacteriano/Antibioticos,2023
1966,Trimetroprím-Sulfametoxazol (40/200mg) 5 mL,Frasco 120 ml,RD$20.00,Antibacteriano/Antibioticos,2023
10370,Valsartán ,Tableta 160 mg,RD$3.00,Cardiovasculares/Antihipertensivo,2023
9885,"Venda Elástica 3"" x 5  Yardas",Unidad,RD$15.00,Insumo Hospitalario,2023
1990,"Venda Elástica 4"" x 5 Yardas",Unidad,RD$15.00,Insumo Hospitalario,2023
9886,"Venda Elástica 6"" x  5 Yardas",Unidad,RD$15.00,Insumo Hospitalario,2023
1431,Verapamil  80 mg,Tableta 80 mg,RD$1.50,Cardiovasculares/Antianginoso,2023
1915,"Vitamina A 50,000 UI","Perla 50,000 UI",RD$1.50,Vitaminas,2023
1912,Vitamina A Y D(3000 UI + 300 UI),"Perla 3,000 /300 UI",RD$1.50,Vitaminas,2023
1914,Vitamina E 400 UI,Perla 400 UI,RD$1.50,Vitaminas,2023
1916,Vitaminas Neurotrópicas +Dexametasona + Dexametasona ,Ampollas ,RD$20.00,Vitaminas,2023
9531,Vitaminas y Minerales ,Capsula,RD$1.50,Vitaminas,2023
9756,Warfarina Sódica ,Tableta 5 mg,RD$5.00,Anticoagulante,2023
10385,Yodopovidona Solución al 10%,Frasco 120 ml,RD$50.00,Desinfectantes/Antiséptico,2023
1945,Aceite de Higado de Bacalao Emulsión (Vit.A10000UI+D1500UI+Vitc.200mg/5ml) Fco.180ml,Frasco 180 ml,RD$40.00,Vitaminas,2024
1034,Acetaminofén (Paracetamol) ,Tableta 500 mg,RD$0.30,Analgésico/Antipirético,2024
10064,Acetaminofen (Paracetamol) 100 mg Supositorio,Supositorio 100 mg,RD$5.00,Analgésico/Antipirético,2024
1037,Acetaminofén (Paracetamol) Gotas Pedatricas 100 mg/ml,Frasco Gotero 15 ml,RD$15.00,Analgésico/Antipirético,2024
10227,Acetaminofen (Paracetamol) Jbe. 125mg/5ml,Frasco 120 ml,RD$15.00,Analgésico/Antipirético,2024
10741,Acetaminofen+Cafeina ,Tableta 500mg/65 mg,RD$25.00,Analgesico-Antimigrañoso,2024
10593,Acetato De Medroxiprogesterona Inyección de Liberación Retardada 150 mg/ml,Vial,RD$50.00,Hormona Contraceptivas,2024
9370,Acetilcisteína ,Ampolla 300 mg/3 ml,RD$15.00,Mucolítico,2024
1252,Aciclovir ,Tableta 400 mg,RD$1.50,Antiviral,2024
9371,Aciclovir 200 mg/5 mL Suspensión,Frasco 60 ml,RD$40.00,Antiviral,2024
1251,Aciclovir Crema ,Tubo de 5 g,RD$10.00,Antiviral,2024
1041,Acido Acetilsalicílico 325mg,Tableta 325 mg,RD$1.00,Analgésico/Antipirético,2024
1042,Acido Acetilsalicílico 81mg,Tableta 81 mg,RD$0.50,Cardiovasculares/Antitrombotico,2024
9329,Acido Ascórbico (Vit. C) 500 mg,Tableta 500 mg,RD$2.00,Vitaminas,2024
1346,Acido Fólico  5 mg,Tableta 5 mg,RD$0.20,Vitaminas,2024
9358,Acido Fólico + Vit. B12 (5mg + 500mcg)/ 5mL,Frasco 120 ml,RD$25.00,Vitaminas,2024
1345,Acido Fólico 5mg/5mL Jarabe,Frasco 120 ml,RD$13.00,Antianémico,2024
1946,Acido Mefenámico ,Tableta 500 mg,RD$0.70,Antiinflamatorio No Esteroides,2024
9501,Ácido Valpróico ,Tableta 50 mg,RD$12.00,Anticonvulsivante/Trastorno Bipolar,2024
1696,Acido valproico 200 mg/ml Solucion Oral,Frasco 40 ml,RD$90.00,Anticonvulsivante/Trastorno Bipolar,2024
1891,Agua Para Inyectable,Ampolla 10 ml,RD$3.00,Insumo Hospitalario,2024
1893,Agua Para Inyetable,Ampolla 5 ml,RD$3.00,Insumo Hospitalario,2024
1216,Albendazol  Suspensión (dosis única) ,Sobre 400 mg/10 ml,RD$5.00,Antihelmintico/Antiparasitario,2024
1215,Albendazol 400 mg   (dosis unica),Tableta 400 mg,RD$1.00,Antihelmintico/Antiparasitario,2024
9030,Albúmina Humana 20%,Frasco 50 ml,"RD$2,000.00",Sustituto del Plasma,2024
9079,Alcohol Isopropílico  ,Frasco 120 ml,RD$20.00,Insumo Hospitalario,2024
9344,Alendronato ,Tableta 70 mg,RD$1.00,Bifosfonato,2024
9510,Algodón Torunda ,Funda 7 g,RD$5.00,Insumo Hospitalario,2024
9718,Alopurinol 300 mg,Tableta 300 mg,RD$1.50,Uricosúrico,2024
1845,Ambroxol  ,Tableta 30 mg,RD$3.00,Mucolítico,2024
9519,Ambroxol 15 mg/5mL Jarabe,Frasco 120 ml,RD$15.00,Mucolítico,2024
1120,Amikacina  ,Vial 500 mg/2 ml,RD$15.00,Antibiótico/Aminoglucosido,2024
9376,Amiodarona ,Tableta 200 mg,RD$4.00,Cardiovasculares/Antiarritmico,2024
1772,Amitriptilína ,Tableta 25 mg,RD$1.50,Antidepresivo/Trastorno del humor,2024
1405,Amlodipina ,Tableta 5 mg,RD$0.20,Cardiovasculares/Antihipertensivo,2024
1404,Amlodipina ,Tableta 10 mg,RD$0.20,Cardiovasculares/Antihipertensivo,2024
2816,Amoxicilina ,Capsula 500 mg,RD$1.00,Antibacteriano/Antibioticos,2024
3289,Amoxicilina  + Ácido Clavulánico ,Capsula 500 mg/125 mg,RD$5.00,Antibioticos/Betalactámico,2024
3290,Amoxicilina 250 mg + Ácido Clavulánico 62.5 mg /5mL,Frasco 60 ml,RD$60.00,Antibioticos/Betalactámico,2024
3288,Amoxicilina 250mg/5mL Polvo para Suspensión Frasco 120 mL,Frasco 120 ml,RD$25.00,Antibacteriano/Antibioticos,2024
1605,Antiespasmódico (N-Butil Bromuro-Hioscina)  20 mg/1 ml,Ampolla ,RD$15.00,Antiespasmódico,2024
1606,Antiespasmodico N-Butil Hioscina-Bromuro de Hioscina ,Tableta 10 mg,RD$5.00,Antiespasmódico,2024
10982,Antigripal ,Tableta ,RD$3.00,Antigripal,2024
1877,Antigripal (con Dextrometorfan 10 mg),Frasco 120 ml,RD$15.00,Antigripal,2024
9484,Atenolol ,Tableta 50 mg,RD$0.20,Cardiovasculares/Antihipertensivo,2024
1378,Atenolol  ,Tableta  100 mg,RD$0.30,Cardiovasculares/Antihipertensivo,2024
1381,Atenolol + Clortalidona ,Tableta 50 mg/12.5 mg,RD$1.50,Cardiovasculares/Antihipertensivo,2024
1379,Atenolol + Clortalidona 100 mg / 25 mg,Tableta 100mg/25mg,RD$2.00,Cardiovasculares/Antihipertensivo,2024
9483,Azitromicina ,Capsula 500 mg,RD$4.00,Antibacteriano/Antibioticos,2024
9482,Azitromicina 200 mg/5mL Polvo para Suspensión,Frasco 30 ml,RD$25.00,Antibacteriano/Antibioticos,2024
2031,Bajante De Suero ,Unidad,RD$10.00,Insumo Hospitalario,2024
9491,Bastón Ajustable de Aluminio Cuatro Apoyos,Unidad,RD$350.00,Insumos Ortopédicos,2024
9490,Bastón Ajustable de Aluminio un Apoyo,Unidad,RD$200.00,Insumos Ortopédicos,2024
9646,Betahistina ,Tableta 6 mg,RD$3.00,Antivertiginosos,2024
9174,Betametasona 0.1%  Crema,Tubo 15 g,RD$50.00,Antiinflamatorio Esteroideo,2024
9796,Bismuto Subsalicilato  Suspension Oral,Frasco 100 ml,RD$50.00,Antidiarreico,2024
10251,Bisoprolol ,Tableta 2.5 mg,RD$3.00,Cardiovasculares/Antianginoso,2024
10252,Bisoprolol ,Tableta 5 mg,RD$3.00,Cardiovasculares/Antianginoso,2024
2005,Bolsa Colectora de Orina 2 L,Unidad,RD$10.00,Insumo Hospitalario,2024
2006,Bolsa Colectora de Orina Pediátrica 100 mL,Unidad,RD$5.00,Insumo Hospitalario,2024
10255,Budesonida 100 mcg/Inhalaion,Frasco Spray,RD$390.00,Antiinflamatorio Esteroideo,2024
10330,Cabestrillo Sencillo (L),Unidad,RD$150.00,Insumos Ortopédicos,2024
10331,Cabestrillo Sencillo (S),Unidad,RD$150.00,Insumos Ortopédicos,2024
9489,Cabestrillo Sencillo Medium,Unidad,RD$150.00,Insumos Ortopédicos,2024
10417,Calamina Locion 0.15%,Frasco 120 ml,RD$45.00,Emoliente Cutaneo,2024
1897,Calcio Carbonato 600 mg + Vit. D3 400UI,Tableta 600mg/400 UI,RD$1.00,Vitaminas,2024
10631,Candesartan ,Tableta 16 mg,RD$2.50,Cardiovasculares/Antihipertensivo,2024
10744,Candesartan ,Tableta 32 mg,RD$3.50,Cardiovasculares/Antihipertensivo,2024
1433,Captoprilo,Tableta 50 mg,RD$0.70,Cardiovasculares/Antihipertensivo,2024
1105,Carbamacepina  ,Tableta 200 mg,RD$1.00,Trastorno Bipolar,2024
9275,Carbonato de Litio ,Tableta 300 mg,RD$3.00,Trastorno Bipolar,2024
9033,Carvedilol ,Tableta 25 mg,RD$1.50,Cardiovasculares/Antianginoso,2024
9031,Carvedilol ,Tableta 6.25 mg,RD$0.70,Cardiovasculares/Antianginoso,2024
9032,Carvedilol ,Tableta 12.5 mg,RD$0.70,Cardiovasculares/Antianginoso,2024
2223,Catéter E.V. # 18,Unidad,RD$15.00,Insumo Hospitalario,2024
2224,Catéter E.V. # 20,Unidad,RD$15.00,Insumo Hospitalario,2024
2225,Catéter E.V. # 22,Unidad,RD$15.00,Insumo Hospitalario,2024
2226,Catéter E.V. # 24,Unidad,RD$15.00,Insumo Hospitalario,2024
1136,Cefalexina  ,Capsula 500 mg,RD$2.00,Antibacteriano/Antibioticos,2024
1137,Cefalexina 250 mg/5mL   Suspensión,Frasco 120 ml,RD$35.00,Antibacteriano/Antibioticos,2024
1147,Ceftriazona 1g,Vial ,RD$10.00,Antibacteriano/Antibioticos,2024
9529,Cetirizina ,Tableta 10 mg,RD$0.50,Antihistamínico,2024
10254,Cetirizina Jbe.5mg/5ml,Frasco 60 ml,RD$20.00,Antihistamínico,2024
1150,Ciprofloxacina ,Tableta 500 mg,RD$1.00,Antibiótico/Quinolonas,2024
9819,Citicolina ,Tableta 500 mg,RD$15.00,"Psicoestimulante, Neuroprotector, Nootropico",2024
9162,Claritromicina ,Tableta 500 mg,RD$5.00,Antibacteriano/Antibioticos,2024
9163,Claritromicina 250 mg/5mL Suspension,Frasco 60 ml,RD$90.00,Antibacteriano/Antibioticos,2024
9164,Clindamicina  ,Capsula 300 mg,RD$5.00,Antibacteriano/Antibioticos,2024
10281,Clindamicina Óvulo,Ovulo 100 mg,RD$10.00,Antibacteriano/Antibioticos,2024
9350,Clopidogrel ,Tableta 75 mg,RD$1.50,Cardiovasculares/Antiagregante Plaquetario,2024
10233,Clorpromazina ,Tableta 25 mg,RD$6.00,Antipsicoticos,2024
1781,Clorpromazina ,Tableta 100m,RD$7.00,Antipsicoticos,2024
10245,Clorpromazina ,Tableta 200 mg,RD$15.00,Antipsicoticos,2024
10233,Clorpromazina ,Tableta 25 mg,RD$6.00,Antipsicoticos,2024
9244,Cloruro de Sodio 6.5 mg/ mL Gotas Nasales,Frasco Gotero 15 ml,RD$15.00,"FLuidificante, Descongestionante",2024
1471,Clotrimazol 1%  Crema,Tubo 30g,RD$10.00,Antifungicos,2024
1475,Clotrimazol 1% Solucion,Frasco Gotero 20 ml,RD$12.00,Antifungicos,2024
10231,Clotrimazol Ovulos ,Ovulo 500 mg,RD$6.00,Antifungicos,2024
9493,Codera Larga Unidad,Unidad,RD$180.00,Insumos Ortopédicos,2024
9492,Codera Mediana Unidad,Unidad,RD$180.00,Insumos Ortopédicos,2024
9498,Collarín Blando Largo,Unidad,RD$100.00,Insumos Ortopédicos,2024
9497,Collarín Blando Mediano,Unidad,RD$100.00,Insumos Ortopédicos,2024
9499,Collarín Rígido Ajustable Grande,Unidad,RD$350.00,Insumos Ortopédicos,2024
1900,"Complejo B (Vit.B1 100 mg, B2 10 mg,  B6 10mg, Nicotinamida",Vial 10 ml,RD$20.00,Vitaminas,2024
1898,Complejo B (Vit.B1 15mg + B2 1mg + B6 2.6mg + B12 2mcg + Nicotinamida 10mg),Tableta ,RD$0.50,Vitaminas,2024
1899,Complejo B (Vit.B1 50 mg + B6 50 mg + B12 200mcg ) 15 mL Jbe,Frasco 120 ml,RD$15.00,Vitaminas,2024
1784,Decanoato de Flufenazina ,Ampolla 25 mg/ml,RD$400.00,Antipsicótico,2024
9404,Deflazacort 6 mg Tableta Blíster,,,Corticosteroide,2024
1638,Dexametasona ,Tableta 0.5 mg,RD$1.50,Antiinflamatorio Esteroideo,2024
9299,DEXAMETASONA ,Tableta 4 mg,RD$5.00,Antiinflamatorio Esteroideo,2024
10250,Dexametasona Fosfato Sódico Iny. IM-IV,Ampolla 4 mg/ml,RD$5.00,Antiinflamatorio Esteroideo,2024
1876,Dextrosa al 50%  i.v.,Vial 20 ml,RD$15.00,"Soluciones Correctoras Desordenes de Agua, Electrolitos, y Acido Base",2024
1045,Diclofenac Sódico ,Ampolla 75 mg/3 ml,RD$2.00,Antiinflamatorio No Esteroides,2024
1043,Diclofenaco Dietilamonio1.16% Gel,Tubo 20 g,RD$10.00,Antiinflamatorio No Esteroides,2024
1047,Diclofenaco Sodico ,Tableta 50 mg,RD$0.20,Antiinflamatorio No Esteroides,2024
1168,Dicloxacilina ,Capsula 500 mg,RD$4.00,Antibacteriano/Antibioticos,2024
9333,Difenhidramina ,Tableta 25 mg,RD$0.50,Antihistamínico,2024
1852,Difenhidramina 10 mg/ml,Ampolla 2 ml,RD$10.00,Antihistamínico,2024
1851,Difenhidramina 12.5 mg/5mL,Frasco 60 ml,RD$15.00,Antihistamínico,2024
1441,Digoxina ,Tableta 0.25 mg,RD$1.00,Cardiovasculares/Antiarritmicos,2024
1598,Dimenhidrinato ,Tableta 50 mg,RD$0.50,Antihistamínico,2024
9413,Dimenhidrinato 15 mg/5 ml Jarabe,Frasco 60 ml,RD$15.00,Antihistamínico,2024
1170,Doxiciclina ,Capsula 100 mg,RD$1.00,Antibacteriano/Antibioticos,2024
1434,Enalapril Maleato ,Tableta 10 mg,RD$0.20,Cardiovasculares/Antihipertensivo,2024
1435,Enalapril Maleato  ,Tableta 20  mg,RD$0.20,Cardiovasculares/Antihipertensivo,2024
1173,Eritromicina  250 mg/5 mL,Frasco 120 ml,RD$50.00,Antibacteriano/Antibioticos,2024
10262,Eritromicina Estearato ,Tableta 500 mg,RD$5.00,Antibacteriano/Antibioticos,2024
9170,Eritropoyetina Humana  Jeringa Precargada,Ampolla 4000 UI/0.3 ml,RD$135.00,Antianémico,2024
11002,Eritropoyetina Humana Liofilizada,Vial,RD$550.00,Antianémico,2024
9102,Espirómetro,Unidad,RD$200.00,Insumo Hospitalario,2024
9369,Espironolactona ,Tableta 100 mg,RD$4.00,Cardiovasculares/Diurético,2024
9793,Espironolactona ,Tableta 25 mg,RD$2.00,Cardiovasculares/Diurético,2024
9337,Estrogenos Conjugados ,Tableta 0.625 mg,RD$5.00,Hormonas Estrogenas,2024
Hormonas Contraceptivas,Etinilestradiol + Levonorgestrel ,Tableta 30mcg/150 mcg,RD$20.00,Hormonas Contraceptivas,2024
1106,Fenitoína Sódica ,Tableta 100 mg,RD$8.00,Antiepiléptico,2024
9727,Fenitoina Sodica  125 mg/5mL Susp. Oral,Frasco 120 ml,RD$200.00,Antiepiléptico,2024
1256,Fluconazol  ,Capsula 150 mg,RD$2.50,Antifungicos,2024
9741,Fluconazol 50 mg/5mL Susp. Oral,Frasco 60 ml,RD$200.00,Antifungicos,2024
9181,Fluoxetina ,Tableta 20 mg,RD$6.00,Antidepresivo/Trastorno del humor,2024
9736,Fosfomicina ,Tableta 500 mg,RD$10.00,Antibacteriano/Antibioticos,2024
9735,Fosfomicina  250 mg/5ml Susp. Oral,Frasco 120 ml,RD$140.00,Antibacteriano/Antibioticos,2024
1574,Furosemida ,Tableta 40 mg,RD$0.30,Cardiovasculares/Diurético,2024
9063,Gasa Precortada 4 X 4 Sobre,Sobre 10 Unidades,RD$10.00,Insumo Hospitalario,2024
9808,Gentamicina 3mg/ml Gotas Oftalmicas,Frasco Gotero 5 ml,RD$30.00,Aminoglucósidos,2024
1175,Gentamicina Sulfato 40 mg/mL,Ampolla 8 mg/2 ml,RD$3.00,Aminoglucósidos,2024
1662,Glibenclamida 5 mg,Tableta 5 mg,RD$0.20,Insulinas y otros Hipoglucemiante,2024
9745,Gotas Oticas (Polimixina+Neomicina),Frasco Gotero 10 ml,RD$125.00,"Antibiotico, Anestesico, Antimicotico",2024
10264,Griseofulvina ,Tableta 500mg,RD$7.00,Antifungicos,2024
2167,Guante Examen Medium # 71/2,Par,RD$3.00,Insumo Hospitalario,2024
10771,Guantes de Goma Nitrilo talla M C/100 unidad,Par,RD$10.00,Insumo Hospitalario,2024
10764,"Guantes de Goma, Nitrilo talla L C/100 Unidad",Par,RD$10.00,Insumo Hospitalario,2024
1787,Haloperidol ,Tableta 5 mg,RD$1.00,Psicoterapéuticos,2024
1786,Haloperidol ,Tableta 10mg,RD$0.90,Psicoterapéuticos,2024
1790,Haloperidol Gotas 2 mg/mL,Frasco Gotero 15 ml,RD$16.00,Psicoterapéuticos,2024
1359,Heparina ,Vial 5000 UI/5 ml,RD$75.00,Anticoagulane,2024
10235,Hidralacina Clorhidrato   ,Tableta 50 mg,RD$40.00,Cardiovasculares/Diurético,2024
9794,Hidroclorotiazida ,Tableta 25 mg,RD$0.30,Cardiovasculares/Diurético,2024
1575,Hidroclorotiazida ,Tableta 50 mg,RD$0.30,Cardiovasculares/Diurético,2024
1514,Hidrocortisona 1% Pomada,Tubo 15 g,RD$20.00,Antiinflamatorio Esteroideo,2024
1640,Hidrocortisona 100 mg,Vial,RD$10.00,Antiinflamatorio Esteroideo,2024
10743,Hidroxido de Aluminio +hidroxido de Magnesio Gel +Simeticona Suspension,Sobre  ml,RD$25.00,Antiacido Antiflatulento,2024
9282,Hierro Sacarosa ,Ampolla 100 mg/5 ml,RD$40.00,Antianémico,2024
10236,Ibuprofeno,Tableta 400,RD$1.00,Antiinflamatorio No Esteroides,2024
1055,Ibuprofeno ,Tableta 600 mg,RD$1.00,Antiinflamatorio No Esteroides,2024
10237,Ibuprofeno  200mg/5ml Suspension,Frasco 60 ml,RD$30.00,Antiinflamatorio No Esteroides,2024
9274,Imipramina Clorhidrato ,Tableta 25 mg,RD$1.00,Antidepresivo/Trastorno del humor,2024
9643,Inmovilizador De Muñeca Derecha,Unidad,RD$160.00,Insumos Ortopédicos,2024
9647,Inmovilizador De Muñeca Izquierda,Unidad,RD$160.00,Insumos Ortopédicos,2024
1690,Inmunoglobulina Antitetánica (Humana),Vial 250 UI/ml,RD$500.00,Antitetanica,2024
9645,Insulina Glargina  Recombinante 100 UI/mL Jeringa Precargada,Ampolla Multidosis,RD$350.00,Insulinas y otros Hipoglucemiante,2024
1663,Insulina Intermedia NPH 100 UI/mL Vial 10 mL,Vial 10 ml,RD$110.00,Insulinas y otros Hipoglucemiante,2024
1664,Insulina Mixta 70/30 100 UI/mL Vial 10 mL,Vial 10 ml,RD$110.00,Insulinas y otros Hipoglucemiante,2024
1665,Insulina Regular (Cristalina) 100 UI/mL Vial 10mL,Vial 10 ml,RD$110.00,Insulinas y otros Hipoglucemiante,2024
10388,Ipratropio Bromuro 0.900 mcg/ml  Sol. Para Nebulizar,Ampolla,RD$50.00,Antiasmatico,2024
3308,Irbesartan ,Tableta 150 mg,,Antihipertensivo,2024
9526,Itraconazol ,Capsula 100 mg,RD$6.50,Antifungicos,2024
2387,Jabón Antiséptico (Benzalconio) Pasta 100 g,Unidad,RD$30.00,Desinfectantes/Antiséptico,2024
2392,Jabón de Avena  Pasta de 100 g,Unidad,RD$30.00,Desinfectantes/Antiséptico,2024
2389,Jabón de Azufre 10%  Pasta de 100 gr.,Unidad,RD$30.00,Desinfectantes/Antiséptico,2024
2020,Jeringa 3 ml,Unidad,RD$2.00,Insumo Hospitalario,2024
2022,Jeringa 5 mL,Unidad,RD$2.00,Insumo Hospitalario,2024
2023,Jeringa 10 mL,Unidad,RD$3.00,Insumo Hospitalario,2024
2029,Jeringa Insulina ,Unidad,RD$2.00,Insumo Hospitalario,2024
9427,Ketoconazol 2% Champú,Frasco 100 ml,RD$30.00,Antifungicos,2024
1481,Ketoconazol 2% Crema,Tubo 30 g,RD$12.00,Antifungicos,2024
9338,Lactulosa  66.7 g/100 mL,Frasco 240  ml,RD$150.00,Laxante Osmotico,2024
1339,Levodopa + Benserazida ,Tableta 200 mg+50 mg,RD$15.00,Antiparkinsonianos,2024
9732,Levofloxacina ,Tableta 500 mg,RD$2.50,Antibiótico/Quinolonas,2024
10268,Levotiroxina ,Tableta 25mcg,RD$1.50,Hormona Tiroidea,2024
10246,Levotiroxina ,Tableta 50 mcg,RD$1.50,Hormona Tiroidea,2024
9231,Levotiroxina  ,Tableta 0.1 mg,RD$1.50,Hormona Tiroidea,2024
1438,Lisinopril ,Tableta 20 mg,RD$2.00,Cardiovasculares/Antihipertensivo,2024
1437,Lisinopril ,Tableta 10 mg,RD$0.50,Cardiovasculares/Antihipertensivo,2024
1081,Loratadina  ,Tableta 10 mg,RD$0.50,Antihistamínico,2024
1084,Loratadina 5 mg/5mL Jarabe,Frasco 90 ml,RD$15.00,Antihistamínico,2024
9772,Losartan ,Tableta  100 mg,RD$1.50,Cardiovasculares/Antihipertensivo,2024
9392,Losartán Potásico ,Tableta 50 mg,RD$0.50,Cardiovasculares/Antihipertensivo,2024
2063,Mariposita No.21,Unidad,RD$2.00,Insumo Hospitalario,2024
2064,Mariposita No.23,Unidad,RD$2.00,Insumo Hospitalario,2024
2065,Mariposita No.25,Unidad,RD$2.00,Insumo Hospitalario,2024
9353,Mascarilla para Nebulizar Adulto,Unidad,RD$25.00,Insumo Hospitalario,2024
2419,Mascarilla para Nebulizar Pediátrica ,Unidad,RD$25.00,Insumo Hospitalario,2024
1217,Mebendazol ,Blíster 6 tableta,RD$3.00,Antihelmintico/Antiparasitario,2024
1218,Mebendazol ,Frasco 30 ml,RD$10.00,Antihelmintico/Antiparasitario,2024
9076,Mecobalamina ,Tableta 500 m cg,RD$5.00,Vitaminas,2024
1661,Metformina ,Tableta 8850 mg,RD$0.50,Insulinas y otros Hipoglucemiante,2024
10276,Metformina ,Tableta 500 mg,RD$0.50,Insulinas y otros Hipoglucemiante,2024
1661,Metformina ,Tableta 8850 mg,RD$0.50,Insulinas y otros Hipoglucemiante,2024
10238,Metildopa,Tableta 250 mg,RD$4.00,Cardiovasculares/Antihipertensivo,2024
1414,Metil-Dopa,Tableta 500  mg,RD$5.00,Cardiovasculares/Antihipertensivo,2024
1602,Metoclopramida ,Tableta 10 mg,RD$0.40,Antiemético,2024
10630,Metoprolol,Tableta 50 mg,RD$1.75,Cardiovasculares Antianginosos,2024
9070,Metoprolol ,Tableta 100 mg,RD$1.75,Cardiovasculares Antianginosos,2024
1235,Metronidazol ,Tableta 500 mg,RD$0.50,Amebicida,2024
10273,Metronidazol + Diyodohidroxiquinoleina ,Tableta 400 mg/200 mg,RD$7.00,Antihelmintico/Antiparasitario,2024
10274,Metronidazol + Diyodohidroxiquinoleina 400mg + 200mg,Frasco 120 ml,RD$85.00,Antihelmintico/Antiparasitario,2024
10339,Metronidazol Benzoato 200mg/5ml Susp. Oral,Frasco 120  ml,RD$20.00,Amebicida,2024
10347,Muleta Aluminio Adulto (L),Unidad,RD$300.00,Insumos Ortopédicos,2024
10348,Muleta de Aluminio para adolescentes (S),Unidad,RD$300.00,Insumos Ortopédicos,2024
10349,Muletas De Aluminio Grandes Para Adultos XL ,Unidad,RD$300.00,Vitaminas,2024
1905,"Mult. Lactante Sin Estim(Vit.A1500UI,D 400UI,C 35mg,B1 0.5mg,B2 0.5mg,B6 Niacinamina 8mg)",Frasco Gotero 15 ml,RD$20.00,Vitaminas,2024
10398,Multivitaminas Prenatales ,Capsula,RD$7.00,Vitaminas,2024
9340,Nafazolina 0.1% Solución Oftálmica,Frasco Gotero 10ml,RD$35.00,Descongestivo ocular,2024
9710,Naproxeno ,Tableta 550 ml,RD$7.00,Antiinflamatorio No Esteroides,2024
1418,Nifedipina ,Tableta 20 mg,RD$0.20,Cardiovasculares/Antihipertensivo,2024
1417,Nifedipina ,Tableta 10 mg,RD$0.20,Antioxitocico,2024
9744,"Nistatina 100,000 UI Óvulos Unid","Óvulos 100,000 UI",RD$5.00,Antifungicos,2024
9168,"Nistatina 100,000 UI/ mL Suspensión Frasco 30 mL",Frasco 30 ml,RD$20.00,Antifungicos,2024
9733,Nitrofurantoina (Macrocristales),Cápsula 100 mg,RD$20.00,Antibacteriano/Antibioticos,2024
3283,Nitrofurazona  0.2% Pomada,Tubo 30 g,RD$20.00,Antiinfeccioso-Antisepticono,2024
9545,Olanzapina ,Tableta 10 mg,RD$50.00,Antipsicótico,2024
9813,Olanzapina ,Tableta 5 mg,RD$40.00,Antipsicótico,2024
1589,Omeprazol ,Tableta 20 mg,RD$0.50,Antiulceroso,2024
9950,Orinal Para Hombre,Unidad,RD$25.00,Insumo Hospitalario,2024
9951,Orinal Plástico Desechable para Mujer ,Unidad,RD$65.00,Insumo Hospitalario,2024
1515,Oxido de Zinc ,Frasco 120 ml,RD$15.00,Emoliente Cutáneo,2024
10335,Pañal Desechable (S) 4-10kg,Unidad,RD$10.00,Insumo Hospitalario,2024
9879,Pañal Desechable Grande para Adultos (Large),Unidad,RD$20.00,Insumo Hospitalario,2024
9705,Pañal Desechable Mediano para Adulto ,Unidad,RD$20.00,Insumo Hospitalario,2024
10389,Pañal Desechable Niños (M) 9-15kg,Unidad,RD$10.00,Insumo Hospitalario,2024
10479,Pañal Desechable para niños L ,Unidad,RD$12.00,Insumo Hospitalario,2024
9750,Pañal Desechable Pequeño para Adulto,Unidad,RD$20.00,Insumo Hospitalario,2024
10336,Pañal Desechable Recien Nacido 2-5 kg,Unidad,RD$10.00,Insumo Hospitalario,2024
1194,Penicilina G Benzatínica 1.2,Vial,RD$10.00,Antibacteriano/Antibioticos,2024
1195,"Penicilina G. Benzatínica 2,400,000 UI",Vial,RD$15.00,Antibacteriano/Antibioticos,2024
1196,"Penicilina G. Benzatínica 600,000 UI",Vial,RD$10.00,Antibacteriano/Antibioticos,2024
1202,"Penicilina G.Procaínica 4,00,000 UI .",Vial,RD$5.00,Antibacteriano/Antibioticos,2024
1201,"Penicilina G.Procaínica 4,000,000 UI .",Vial,RD$20.00,Antibacteriano/Antibioticos,2024
1202,"Penicilina G.Procaínica 400,000 UI",Vial,RD$5.00,Antibacteriano/Antibioticos,2024
2432,Perita De Aspiración Nasal,Unidad,RD$15.00,Insumo Hospitalario,2024
9397,Permetrina 1% Champú,Frasco 60 ml,RD$40.00,Escabicida y Pediculicida,2024
9177,Permetrina 1% Loción,Frasco 60 ml,RD$40.00,Escabicida y Pediculicida,2024
9154,Permetrina 5% Crema,Tubo 30 tubo,RD$25.00,Escabicida y Pediculicida,2024
9400,Prednisona,Tableta 50 mg,RD$6.00,Antiinflamatorio Esteroideo,2024
10272,Prednisona ,Tableta  20 mg,RD$5.00,Antiinflamatorio Esteroideo,2024
1646,Prednisona ,Tableta 5 mg,RD$0.70,Antiinflamatorio Esteroideo,2024
10295,Pregabalina ,Capsula 300 mg,RD$20.00,Antiepiléptico/Analgésico,2024
10294,Pregabalina ,Capsula75 mg,RD$10.00,Antiepiléptico/Analgésico,2024
3344,Preservativo Masculino ,Unidad,RD$2.00,Insumo Hospitalario,2024
10271,Propanolol ,Tableta 20 mg,RD$0.40,Cardiovasculares/Antianginoso,2024
9083,Propranolol ,Tableta 40 mg,RD$0.50,Cardiovasculares/Antianginoso,2024
9607,Proteína Hiperprotética Suplemento Nutricional Líquido,Frasco 8 Onzas,RD$100.00,Nutrición,2024
9625,Proteína Polimérica con Probiótico ,Lata 400 g,RD$280.00,Nutrición,2024
9002,Proteína Polimérica con Probióticos Líquida,Frasco 8 Onzas,RD$60.00,Nutrición,2024
9626,Proteína Polimérica en Polvo ,Lata 400 g,RD$300.00,Nutrición,2024
9627,Proteína Polimérica Líquida ,Frasco 8 Onzas,RD$60.00,Nutrición,2024
9557,Proteina Polimerica Modulo Proteico ,Lata 275 g,RD$300.00,Nutrición,2024
9558,Proteína Polimérica para Diabetes Líquida ,Frasco 8 Onzas,RD$70.00,Nutrición,2024
9606,Proteína Poliméricas Hiperprotéica Líquida ,Frasco 8 Onzas,RD$120.00,Nutrición,2024
10416,Quetiapina,Tableta 25 mg,RD$16.00,Antpsicoticos,2024
10410,Quetiapina ,Tableta 100 mg,RD$30.00,Antpsicoticos,2024
10296,Ramipril ,Tableta 5 mg,RD$1.00,Cardiovasculares/Antihipertensivo,2024
9814,Risperidona ,Tableta 1 mg,RD$2.00,Antpsicoticos,2024
1793,Risperidona ,Tableta 2 mg,RD$2.00,Antpsicoticos,2024
9887,Rodillera Grande,Unidad,RD$125.00,Insumos Ortopédicos,2024
9494,Rodillera Mediana,Unidad,RD$125.00,Insumos Ortopédicos,2024
9888,Rodillera Pequeña,Unidad,RD$125.00,Insumos Ortopédicos,2024
1829,Salbutamol ,Tabletan4 mg,RD$0.50,Antiasmatico,2024
10401,Salbutamol Sulfato 100 mcg/Inhalacion,Frasco Aerosol,RD$60.00,Antiasmatico,2024
1831,Salbutamol.P/Nebulizar 5mg/ml,Frasco Gotero10 ml,RD$25.00,Antiasmatico,2024
1885,Sales de Rehidratación Oral ,Sobre,RD$4.00,Diarrea/Rehidratación,2024
9545,Sertralina ,Tableta 50 mg,RD$2.00,Antidepresivo,2024
10242,Simvastatina,Tableta 40 mg,RD$1.00,Reguladores de Lipidos,2024
1375,Simvastatina ,Tableta 20 mg,RD$0.50,Reguladores de Lipidos,2024
1882,Solucion  Ringer con Lactato Frasco 1000 ml,Frasco 1000 ml,RD$20.00,"Soluciones Correctoras Desordenes de Agua, Electrolitos, y Acido Base",2024
9225,Solución Cloruro de Sodio 0.9%,Frasco 100 ml,RD$20.00,"Soluciones Correctoras Desordenes de Agua, Electrolitos, y Acido Base",2024
1872,Solucion Cloruro Dextrosa 0.5% + Cloruro de Sodio 0.33 Frasco 1000 ml,Frasco 1000 ml,RD$20.00,"Soluciones Correctoras Desordenes de Agua, Electrolitos, y Acido Base",2024
1863,Solución Cloruro Sódico 0.9% Iny. I.V. Fco. 1000 ml,Frasco 1000 ml,RD$40.00,"Soluciones Correctoras Desordenes de Agua, Electrolitos, y Acido Base",2024
2333,Sonda Foley 2 Vías No.14,Unidad,RD$20.00,Insumo Hospitalario,2024
2334,Sonda Foley 2 Vías No.16,Unidad,RD$20.00,Insumo Hospitalario,2024
3310,Sucralfato Granulado  1 g,Sobre 1 g,RD$15.00,Antiulceroso,2024
9521,Sulfadiazina Argéntica 1% Crema,Tubo 30 crema,RD$50.00,Antiinfeccioso-Antisepticono,2024
10394,Sulfato de Zinc ,Tableta 200 mg,RD$3.00,Micronutriente,2024
1355,Sulfato Ferroso ,Tableta 300 mg,RD$0.30,Antianémico,2024
10371,Sulfato Ferroso  ,Frasco 60 ml,RD$30.00,Antianémico,2024
9359,Sulfato Ferroso + Ácido Fólico,Tableta 300 mg/5 mg,RD$1.50,Antianémico,2024
9119,Sulfato Ferroso 125 mg/mL Gotas,Frasco 30 ml,RD$30.00,Antianémico,2024
10761,Termometro digital oral,Unidad,RD$110.00,Insumo Hospitalario,2024
1248,Tinidazol  ,Tableta 500 mg,RD$3.00,Antimicrobiano,2024
9496,Tobillera Grande,Unidad,RD$160.00,Insumos Ortopédicos,2024
9495,Tobillera Mediana,Unidad,RD$160.00,Insumos Ortopédicos,2024
10328,Tobillera Mediana Rigida,Unidad,RD$485.00,Insumos Ortopédicos,2024
9890,Tobillera Pequeña,Unidad,RD$200.00,Insumos Ortopédicos,2024
1952,Tobramicina 0.3% Gotas Oftálmicas,Frasco Gotero 5 ml,RD$30.00,Antibiótico/Oftálmico,2024
9124,Trimetoprim-Sulfametoxazol,Tableta 160 mg/800 mg,RD$1.50,Antibacteriano/Antibioticos,2024
1966,Trimetroprím-Sulfametoxazol (40/200mg) 5 mL,Frasco 120 ml,RD$20.00,Antibacteriano/Antibioticos,2024
10370,Valsartán ,Tableta 160 mg,RD$3.00,Cardiovasculares/Antihipertensivo,2024
9885,"Venda Elástica 3"" x 5  Yardas",Unidad,RD$15.00,Insumo Hospitalario,2024
1990,"Venda Elástica 4"" x 5 Yardas",Unidad,RD$15.00,Insumo Hospitalario,2024
9886,"Venda Elástica 6"" x  5 Yardas",Unidad,RD$15.00,Insumo Hospitalario,2024
1431,Verapamil  80 mg,Tableta 80 mg,RD$1.50,Cardiovasculares/Antianginoso,2024
1915,"Vitamina A 50,000 UI","Perla 50,000 UI",RD$1.50,Vitaminas,2024
1912,Vitamina A Y D(3000 UI + 300 UI),"Perla 3,000 /300 UI",RD$1.50,Vitaminas,2024
1914,Vitamina E 400 UI,Perla 400 UI,RD$1.50,Vitaminas,2024
1916,Vitaminas Neurotrópicas +Dexametasona + Dexametasona ,Ampollas ,RD$20.00,Vitaminas,2024
9531,Vitaminas y Minerales ,Capsula,RD$1.50,Vitaminas,2024
9756,Warfarina Sódica ,Tableta 5 mg,RD$5.00,Anticoagulante,2024
10385,Yodopovidona Solución al 10%,Frasco 120 ml,RD$50.00,Desinfectantes/Antiséptico,2024
1945,Aceite de Hígado de Bacalao Emulsión,Frasco 180 ml,RD$40.00,Vitaminas,2025
1034,Acetaminofén,Tableta 500 mg,RD$0.30,Analgésicos,2025
10064,Acetaminofén,Supositorio 100 mg,RD$5.00,Analgésicos,2025
10741,Acetaminofén + Cafeína,500 mg + 65mg Tableta,RD$2.50,Analgésicos,2025
1037,Acetaminofén Gotas Pediátricas,Frasco Gotero 15 ml,RD$15.00,Analgésicos,2025
10227,Acetaminofén Jarabe,Frasco 120 ml,RD$15.00,Analgésicos,2025
10593,Acetato De Medroxiprogesterona,Inyección de Liberación Retardada 150 mg/ml/ Vial,RD$50.00,Hormonas contraceptivas,2025
9023,Acetazolamida,Tableta 250 mg,RD$8.00,Diuréticos,2025
9370,Acetilcisteína,Ampolla 300 mg / 3 ml,RD$15.00,Mucolíticos,2025
10748,Acetilcisteína,Sobre Polvo granulado 200 mg,RD$10.00,Mucolíticos,2025
1252,Aciclovir,Tableta 400 mg,RD$1.50,Antivirales,2025
1251,Aciclovir Crema,Tubo 5 g,RD$10.00,Antivirales,2025
9371,Aciclovir Suspensión,Frasco 60 ml,RD$40.00,Antivirales,2025
1042,Ácido Acetilsalicílico (Uso Cardiaco),Tableta 81 mg,RD$0.50,Cardiovasculares,2025
1041,Ácido Acetilsalicílico,Tableta 325 mg,RD$1.00,Analgésicos-antiinflamatorios,2025
10425,Ácido Acetilsalicílico,Tableta 100 mg,RD$10.00,Cardiovasculares,2025
9329,Ácido Ascórbico (Vit. C),Tableta 500 mg,RD$2.00,Vitaminas,2025
1346,Ácido Fólico,Tableta 5 mg,RD$0.20,Vitaminas,2025
1345,Ácido Fólico Jarabe,Frasco 120 ml,RD$13.00,Vitaminas,2025
9358,Ácido Fólico + Vit. B12 Jarabe,Frasco 120 ml,RD$25.00,Vitaminas,2025
1946,Ácido Mefenámico,Tableta 500 mg,RD$0.70,Analgésicos-antiinflamatorios,2025
9501,Ácido Valproico (Valproato Sódico),Tableta 500 mg,RD$12.00,Antiepilépticos,2025
1696,Ácido Valproico Solución,Frasco 40 mL,RD$90.00,Antiepilépticos,2025
9057,Adrenalina,Ampolla 1 mg / 1 ml,RD$7.00,Cardiovasculares,2025
1893,Agua Para Inyectable,Ampolla 5 ml,RD$3.00,Solubilizantes,2025
1891,Agua Para Inyectable,Ampolla 10 ml,RD$3.00,Solubilizantes,2025
1215,Albendazol (Dosis Única),Tableta 400 mg,RD$1.00,Antiparasitarios,2025
11271,Albendazol Masticable,Tableta 400mg,RD$10.00,Antiparasitarios,2025
1216,Albendazol Suspensión (Dosis Única),Sobre 400 mg / 10 ml,RD$5.00,Antiparasitarios,2025
9030,Albúmina Humana 20%,Frasco Ampolla 50 ml,"RD$2,000.00",Sustituto del plasma,2025
9079,Alcohol Isopropílico 70º,Frasco 120 ml,RD$20.00,Desinfectantes y antisépticos,2025
9344,Alendronato,Tableta 70 mg,RD$1.00,Osteoporosis,2025
9883,Algodón Planchado,Venda 4” x 4”,RD$15.00,Insumos Hospitalarios,2025
9510,Algodón Torunda,Funda 7 g,RD$5.00,Insumos Hospitalarios,2025
9718,Alopurinol,Tableta 300 mg,RD$1.50,Antigotosos y antirreumáticos,2025
1845,Ambroxol,Tableta 30 mg,RD$3.00,Mucolíticos,2025
9519,Ambroxol Jarabe,Frasco 120 ml,RD$15.00,Mucolíticos,2025
1120,Amikacina,Vial 500 mg / 2 ml,RD$15.00,Antibacterianos,2025
9739,Aminosidina,Tableta 250 mg,RD$18.00,Antiamebicos,2025
9376,Amiodarona,Tableta 200 mg,RD$4.00,Cardiovasculares,2025
1772,Amitriptilina,Tableta 25 mg,RD$1.50,Antidepresivos,2025
1405,Amlodipina,Tableta 5 mg,RD$0.20,Cardiovasculares,2025
1404,Amlodipina,Tableta 10 mg,RD$0.20,Cardiovasculares,2025
2816,Amoxicilina,Cápsula 500 mg,RD$1.00,Antibacterianos,2025
3288,Amoxicilina Suspensión,Frasco 120 ml,RD$25.00,Antibacterianos,2025
3289,Amoxicilina + Ácido Clavulánico,Cápsula 500 mg / 125 mg,RD$5.00,Antibacterianos,2025
3290,Amoxicilina + Ácido Clavulánico Suspensión,Frasco 60 ml,RD$60.00,Antibacterianos,2025
1127,Ampicilina,Cápsula 500 mg,RD$1.50,Antibacterianos,2025
1130,Ampicilina,Vial 1 g,RD$10.00,Antibacterianos,2025
9180,Anestésico Local + Astringente + Antiinflamatorio,Supositorio,RD$15.00,Antihemorroidales,2025
1606,Antiespasmódico (N-Butil Bromuro-Hioscina),Tableta 10 mg,RD$5.00,Antiespasmódicos,2025
1605,Antiespasmódico (N-Butil Bromuro-Hioscina),Ampolla 20 mg / 1 ml,RD$15.00,Antiespasmódicos,2025
1877,Antigripal Jarabe,Frasco 120 ml,RD$15.00,Antigripal,2025
10982,Antigripal Tableta,Blíster de 10 Tabletas,RD$3.00,Antigripal,2025
9484,Atenolol,Tableta 50 mg,RD$0.20,Cardiovasculares,2025
1378,Atenolol,Tableta 100 mg,RD$0.30,Cardiovasculares,2025
1381,Atenolol + Clortalidona,Tableta 50 mg / 12.5 mg,RD$1.50,Cardiovasculares,2025
1379,Atenolol + Clortalidona,Tableta 100 mg / 25 mg,RD$2.00,Cardiovasculares,2025
1030,Atropina,Ampolla 1 mg / 1 ml,RD$5.00,"Antiarritmicos, midriáticos",2025
9483,Azitromicina,Cápsula 500 mg,RD$4.00,Antibacterianos,2025
9482,Azitromicina Suspensión,Frasco 30 ml,RD$25.00,Antibacterianos,2025
2031,Bajante De Suero,Unidad,RD$10.00,Insumos Hospitalarios,2025
9490,Bastón Ajustable De Aluminio (Un Apoyo),Unidad,RD$200.00,Ortopédicos,2025
9491,Bastón Ajustable De Aluminio (Cuatro Apoyos),Unidad,RD$350.00,Ortopédicos,2025
9646,Betahistina,Tableta 6 mg,RD$3.00,Antivertiginosos,2025
9174,Betametasona 0.1% Crema,Tubo 15 g,RD$50.00,Antiinflamatorio antiprurítico,2025
9796,Bismuto Subsalicilato Suspensión,Frasco 100 mL,RD$50.00,Antidiarreicos,2025
10251,Bisoprolol,Tableta 2.5 mg,RD$3.00,Cardiovasculares,2025
10252,Bisoprolol,Tableta 5 mg,RD$3.00,Cardiovasculares,2025
2005,Bolsa Colectora De Orina (Adulto),Unidad,RD$10.00,Insumos Hospitalarios,2025
2006,Bolsa Colectora De Orina (Pediátrica),Unidad,RD$5.00,Insumos Hospitalarios,2025
1849,Bromhexina Jarabe,Frasco 60 ml,RD$10.00,Mucolíticos,2025
10255,Budesonida 100 mcg,Spray Frasco Nasal,RD$350.00,Antiasmáticos,2025
1012,Bupivacaína Pesada 0.5%,Vial 4 ml,RD$15.00,Anestésico local,2025
10331,Cabestrillo Pequeño,Unidad,RD$150.00,Ortopédicos,2025
9489,Cabestrillo Mediano,Unidad,RD$150.00,Ortopédicos,2025
10330,Cabestrillo Grande,Unidad,RD$150.00,Ortopédicos,2025
10417,Calamina Locion 0.15%,Frasco 120 ml,RD$45.00,Dermatológicos/Antiinflamatorios y Antiprurito,2025
1897,Calcio Carbonato 600 mg + Vit. D3 400UI,Tableta 600mg/400 UI,RD$1.00,"Vitaminas, Minerales,Problemas Oseos, Recién Nacidos",2025
10631,Candesartan ,Tableta 16 mg,RD$2.50,Cardiovasculares/Antihipertensivos,2025
10744,Candesartan ,Tableta 32 mg,RD$3.50,Cardiovasculares/Antihipertensivos,2025
9356,Captoprilo,Tableta 25 mg,RD$0.50,Cardiovasculares/Antihipertensivos /Fallo Cardíaco,2025
1433,Captoprilo,Tableta 50 mg,RD$0.70,Cardiovasculares/Antihipertensivos /Fallo Cardíaco,2025
1105,Carbamacepina ,Tableta 200 mg,RD$1.00,Psicofarmacos/Trastornos del Humor/Trastornos Bipolares,2025
9275,Carbonato de Litio ,Tableta 300 mg,RD$3.00,Psicofarmacos/Trastornos del Humor/Trastornos Bipolares,2025
9031,Carvedilol ,Tableta 6.25 mg,RD$0.70,Cardiovasculares/Antianginoso,2025
9032,Carvedilol ,Tableta 12.5 mg,RD$0.70,Cardiovasculares/Antianginoso,2025
2223,Catéter E.V. # 18,Unidad,RD$15.00,Insumos Hospitalarios,2025
2224,Catéter E.V. # 20,Unidad,RD$15.00,Insumos Hospitalarios,2025
2225,Catéter E.V. # 22,Unidad,RD$15.00,Insumos Hospitalarios,2025
2226,Catéter E.V. # 24,Unidad,RD$15.00,Insumos Hospitalarios,2025
1136,Cefalexina,Cápsula 500 mg,RD$2.00,Antibacterianos,2025
1137,Cefalexina Suspensión,Frasco 120 ml,RD$35.00,Antibacterianos,2025
1141,Cefepime,Vial 1 g,RD$35.00,Antibacterianos,2025
1143,Cefotaxima,Vial 1 g,RD$15.00,Antibacterianos,2025
1147,Ceftriaxona,Vial 1 g,RD$10.00,Antibacterianos,2025
9529,Cetirizina,Frasco 60 ml,RD$20.00,Antialérgicos,2025
10254,Cetirizina,Tableta 10 mg,RD$0.50,Antialérgicos,2025
1150,Ciprofloxacina,Tableta 500 mg,RD$1.00,Antibacterianos,2025
9162,Claritromicina,Tableta 500 mg,RD$5.00,Antibacterianos,2025
9163,Claritromicina Suspensión,Frasco 60 ml,RD$90.00,Antibacterianos,2025
9164,Clindamicina,Cápsula 300 mg,RD$5.00,Antibacterianos,2025
10281,Clindamicina,Óvulo 100 mg,RD$10.00,Antibacterianos,2025
9350,Clopidogrel,Tableta 75 mg,RD$1.50,Cardiovasculares,2025
10233,Clorpromazina,Tableta 25 mg,RD$6.00,Antipsicóticos,2025
1781,Clorpromazina,Tableta 100 mg,RD$7.00,Antipsicóticos,2025
9244,Cloruro De Sodio Gotas Nasales,Frasco 15 ml,RD$15.00,Descongestionantes,2025
1471,Clotrimazol Crema,Tubo 30 g,RD$10.00,Antifúngicos,2025
10231,Clotrimazol Ovulos ,Ovulo 500 mg,RD$6.00,Dermatológicos/Antifúngicos,2025
1475,Clotrimazol Solución Tópica,Frasco Gotero 20 ml,RD$12.00,Antifúngicos,2025
9492,Codera Mediana,Unidad,RD$180.00,Ortopédicos,2025
9493,Codera Grande,Unidad,RD$180.00,Ortopédicos,2025
9497,Collarín Blando Mediano,Unidad,RD$100.00,Ortopédicos,2025
9498,Collarín Blando Grande,Unidad,RD$100.00,Ortopédicos,2025
9499,Collarín Rígido Ajustable,Unidad,RD$350.00,Ortopédicos,2025
1899,Complejo B Jarabe,Frasco 120 ml,RD$15.00,Vitaminas,2025
1898,Complejo B,Tableta,RD$0.50,Vitaminas,2025
1900,Complejo B,Vial 10 ml,RD$20.00,Vitaminas,2025
9404,Deflazacort,Tableta 6 mg,RD$10.00,Artritis Reumatoide,2025
10250,Dexametasona,Ampolla 4 mg / 1 ml,RD$5.00,Antiasmáticos-Antialérgicos,2025
1638,Dexametasona,Tableta 0.5 mg,RD$1.50,Antiasmáticos-Antialérgicos,2025
9299,Dexametasona,Tableta 4 mg,RD$5.00,Antiasmáticos-Antialérgicos,2025
1876,Dextrosa 50%,Ampolla 20 ml,RD$15.00,Desórdenes de Agua,2025
1045,Diclofenac Sódico,Ampolla 75 mg / 3 ml,RD$2.00,Analgésicos-Antiinflamatorios No Esteroideos,2025
1047,Diclofenac Sódico,Tableta 50 mg,RD$0.20,Analgésicos-Antiinflamatorios No Esteroideos,2025
1043,Diclofenaco Dietilamonio1.16% Gel,Tubo 20 g,RD$10.00,Analgésicos-Antiinflamatorios No Esteroideos,2025
1044,Diclofenac Sódico o Potasico,Supositorio 12.5 mg,RD$10.00,Analgésicos-Antiinflamatorios No Esteroideos,2025
1168,Dicloxacilina,Cápsula 500 mg,RD$4.00,Antibacterianos,2025
1167,Dicloxacilina Suspensión,Frasco 60 ml,RD$50.00,Antibacterianos,2025
1852,Difenhidramina,Ampolla 10 mg / 1 ml,RD$10.00,Antialérgicos,2025
1851,Difenhidramina Jarabe,Frasco 60 ml,RD$15.00,Antialérgicos,2025
9333,Difenhidramina,Tableta 25 mg,RD$0.50,Antialérgicos,2025
9774,Digoxina,50 mcg/ml Líquido Oral Frasco,RD$50.00,Cardiovasculares,2025
1441,Digoxina,Tableta 0.25 mg,RD$1.00,Cardiovasculares,2025
1597,Dimenhidrinato ,Ampolla 50 mcg/1 ml,RD$5.00,Agentes Coadyuvantes/Antieméticos,2025
9413,Dimenhidrinato Jarabe,Frasco 60 ml,RD$15.00,Diuréticos,2025
9525,Dimenhidrinato,Supositorio 25 mg,RD$4.00,Diuréticos,2025
1598,Dimenhidrinato,Tableta 50 mg,RD$0.50,Diuréticos,2025
1170,Doxiciclina,Cápsula 100 mg,RD$1.00,Antibacterianos,2025
1434,Enalapril,Tableta 10 mg,RD$0.20,Antihipertensivos,2025
1435,Enalapril,Tableta 20 mg,RD$0.20,Antihipertensivos,2025
1173,Eritromicina Suspensión,Frasco 120 ml,RD$50.00,Antibacterianos,2025
10262,Eritromicina Estearato,Tableta 500 mg,RD$5.00,Antibacterianos,2025
9170,Eritropoyetina Recombinante Humana,Ampolla 4000 UI / 0.3 ml,RD$135.00,Antianémicos,2025
9102,Espirómetro,Unidad,RD$200.00,Insumos Hospitalarios,2025
9793,Espironolactona,Tableta 25 mg,RD$2.00,Diuréticos,2025
9369,Espironolactona,Tableta 100 mg,RD$4.00,Diuréticos,2025
9337,Estrógenos Conjugados,Tableta 0.625 mg,RD$5.00,Hormonas estrógenas,2025
10592,Etinilestradiol + Levonorgestrel,Tableta 30 mcg +150 mcg,RD$20.00,Hormonas contraceptivas,2025
9727,Fenitoína Suspensión,Frasco 120 ml,RD$200.00,Antiepilépticos,2025
1106,Fenitoína,Tableta 100 mg,RD$8.00,Antiepilépticos,2025
1098,Fitomenadiona (Vit. K),Ampolla 10 mg/ 1 ml,RD$15.00,Coagulantes,2025
1256,Fluconazol,Cápsula 150 mg,RD$2.50,Antifúngicos,2025
9741,Fluconazol Suspensión,Frasco 60 ml,RD$200.00,Antipsicóticos,2025
1784,Decanoato de Flufenazina ,Ampolla 25 mg/ml,RD$400.00,Psicofarmacos/Antipsicóticos,2025
9181,Fluoxetina,Tableta 20 mg,RD$6.00,Antidepresivos,2025
9735,Fosfomicina Suspensión,Frasco 120 ml,RD$140.00,Antibacterianos,2025
9736,Fosfomicina,Tableta 500 mg,RD$10.00,Antibacterianos,2025
1573,Furosemida,Ampolla 20 mg / 2 ml,RD$2.00,Diuréticos,2025
1574,Furosemida,Tableta 40 mg,RD$0.30,Diuréticos,2025
9063,Gasa Precortada 4” X 4”,Sobre / 10 Unidades,RD$10.00,Insumos Hospitalarios,2025
1175,Gentamicina,Ampolla 80 mg / 2 ml,RD$3.00,Antibacterianos,2025
9808,Gentamicina Solución Oftálmica,Frasco Gotero 5 ml,RD$30.00,Antibacterianos,2025
1662,Glibenclamida,Tableta 5 mg,RD$0.20,Antidiabéticos,2025
11507,Glimepirida 2 mg,Tableta 2 mg,RD$2.00,Insulinas y Agentes Antidiabéticos,2025
11393,Glimepirida 4 mg,Tableta 4 mg,RD$5.00,Insulinas y Agentes Antidiabéticos,2025
9745,Gotas Óticas (Polimixina + Neomicina),Frasco Gotero 10 ml,RD$125.00,Antibacterianos,2025
10264,Griseofulvina,Tableta 500 mg,RD$7.00,Antifúngicos,2025
2167,Guante Examen Mediano,Par,RD$3.00,Antipsicóticos,2025
1790,Haloperidol,Frasco Gotero 15 ml,RD$16.00,Antipsicóticos,2025
1787,Haloperidol,Tableta 5 mg,RD$1.00,Antipsicóticos,2025
1359,Heparina,Vial 5000 UI / 5 mL,RD$75.00,Anticoagulantes,2025
10235,Hidralazina Clorhidrato,Tableta 50 mg,RD$40.00,Antihipertensivos,2025
9794,Hidroclorotiazida,Tableta 25 mg,RD$0.30,Antihipertensivos,2025
1575,Hidroclorotiazida,Tableta 50 mg,RD$0.30,Antihipertensivos,2025
1514,Hidrocortisona 1% Pomada,Tubo 15 g,RD$20.00,"Dermatológicos antiinflamatorios, antipruríticos",2025
1640,Hidrocortisona,Vial 100 mg,RD$10.00,Hormonas y sustitutos sintéticos,2025
10743,Hidróxido de Aluminio + Hidróxido Magnesio + Simeticona,520mg + 480mg + 40mg Sobre de 5ml,RD$20.00,Antiácidos antiflatulentos,2025
9282,Hierro Sacarosa,Ampolla 100 mg / 5 ml,RD$40.00,Antianémicos,2025
10237,Ibuprofeno Suspensión,200mg/5ml Frasco 60ml,RD$30.00,Analgésicos-Antiinflamatorios No Esteroideos,2025
10236,Ibuprofeno,Tableta 400 mg,RD$1.00,Analgésicos-Antiinflamatorios No Esteroideos,2025
1055,Ibuprofeno,Tableta 600 mg,RD$1.00,Analgésicos-Antiinflamatorios No Esteroideos,2025
9274,Imipramina,Tableta 25 mg,RD$1.00,Antidepresivos,2025
3399,Inmovilizador de Dedo en Aluminio para Adultos,Unidad,RD$120.00,Ortopédicos,2025
1690,Inmunoglobulina Antitetánica Humana,Vial 250 UI / 1 ml,RD$500.00,Sueros e inmunoglobulinas,2025
9645,"Insulina glargina Recombinante, Análoga Humana",Ampolla Multidosis,RD$350.00,Insulinas y Agentes Antidiabéticos,2025
1663,Insulina Intermedia NPH 100 UI/mL Vial 10 mL,Vial 10 ml,RD$110.00,Insulinas y Agentes Antidiabéticos,2025
1664,Insulina Mixta 70/30,Vial 10 ml,RD$110.00,Insulinas y Agentes Antidiabéticos,2025
1665,Insulina Regular (Cristalina) 100 UI/mL Vial 10mL,Vial 10 ml,RD$110.00,Insulinas y Agentes Antidiabéticos,2025
10388,Ipratropio Bromuro Solución P/Nebulizar,Ampolla 0.900mg/3ml,RD$50.00,Antiasmáticos,2025
9526,Itraconazol,Cápsula 100 mg,RD$6.50,Antifúngicos,2025
2387,Jabón Antiséptico (Benzalconio),Pasta 100 g,RD$30.00,Dermatológicos antisépticos,2025
2392,Jabón De Avena,Pasta 100 g,RD$30.00,Dermatológicos antisépticos,2025
2389,Jabón De Azufre,Pasta 100 g,RD$30.00,Dermatológicos antisépticos,2025
2020,Jeringa 3 ml,Unidad,RD$2.00,Insumos Hospitalarios,2025
2022,Jeringa 5 ml,Unidad,RD$2.00,Insumos Hospitalarios,2025
2023,Jeringa 10 ml,Unidad,RD$3.00,Insumos Hospitalarios,2025
2024,Jeringa 20 ml,Unidad,RD$5.00,Insumos Hospitalarios,2025
2029,Jeringa Insulina,Unidad,RD$2.00,Insumos Hospitalarios,2025
1259,Ketoconazol,Tableta 200 mg,RD$1.25,Antifúngicos,2025
9427,Ketoconazol Champú,Frasco 100 ml,RD$30.00,Antifúngicos,2025
1481,Ketoconazol 2% Crema,Tubo 30 g,RD$12.00,Antifúngicos,2025
9338,Lactulosa Jarabe,Frasco 240 ml,RD$150.00,Laxante osmótico,2025
1339,Levodopa+Benserazida,Tableta 200 mg + 50 mg,RD$15.00,Antiparkinsonianos,2025
9732,Levofloxacina,Tableta 500 mg,RD$2.50,Antibacterianos,2025
10268,Levotiroxina,Tableta 25 mcg,RD$1.50,Hormonas tiroideas,2025
10246,Levotiroxina,Tableta 50 mcg,RD$1.50,Hormonas tiroideas,2025
9231,Levotiroxina,Tableta 0.1 mg,RD$1.50,Hormonas tiroideas,2025
3030,Lidocaína Clorhidrato 2%,Vial / 50 ml,RD$25.00,Anestésico local,2025
1437,Lisinopril,Tableta 10 mg,RD$0.50,Antihipertensivos,2025
1438,Lisinopril,Tableta 20 mg,RD$2.00,Antihipertensivos,2025
9343,Loperamida,Tableta 2 mg,RD$0.50,Antidiarreicos,2025
1081,Loratadina,Tableta 10 mg,RD$0.50,Antialérgicos,2025
1084,Loratadina Jarabe,Frasco 90 ml,RD$15.00,Antialérgicos,2025
9392,Losartán Potásico,Tableta 50 mg,RD$0.50,Antihipertensivos,2025
9772,Losartán Potásico,Tableta 100 mg,RD$1.50,Antihipertensivos,2025
2063,Mariposita #21,Unidad,RD$2.00,Insumos Hospitalarios,2025
2064,Mariposita #23,Unidad,RD$2.00,Insumos Hospitalarios,2025
2065,Mariposita #25,Unidad,RD$2.00,Insumos Hospitalarios,2025
9353,Mascarilla Para Nebulizar (Adulto),Unidad,RD$25.00,Insumos Hospitalarios,2025
2419,Mascarilla Para Nebulizar (Pediátrica),Unidad,RD$25.00,Insumos Hospitalarios,2025
1217,Mebendazol,Blíster de 6 Tabletas,RD$3.00,Antihelmínticos,2025
1218,Mebendazol Suspensión,Frasco 30 ml,RD$10.00,Antihelmínticos,2025
9076,Mecobalamina (Vit. B12),Cápsula 500 mcg,RD$5.00,Vitaminas,2025
9708,Meloxican,Tableta 15 mg,RD$2.00,Antiinflamatorios No Esteroideos,2025
10276,Metformina,Tableta 500 mg,RD$0.50,Antidiabéticos,2025
1661,Metformina,Tableta 850 mg,RD$0.50,Antidiabéticos,2025
1661,Metformina,Tableta 1000 mg,RD$1.50,Antidiabéticos,2025
10238,Metildopa,Tableta 250 mg,RD$4.00,Antihipertensivos,2025
1414,Metildopa,Tableta 500 mg,RD$5.00,Antihipertensivos,2025
10239,Metilprednisolona,Vial 40 mg / 1 ml,RD$300.00,Hormonas y sustitutos sintéticos,2025
1601,Metoclopramida,Ampolla 10 mg / 2 ml,RD$2.00,Antieméticos,2025
9414,Metoclopramida Suspensión,Frasco 120 ml,RD$50.00,Antieméticos,2025
1602,Metoclopramida,Tableta 10 mg,RD$0.40,Antieméticos,2025
1235,Metronidazol,Tableta 500 mg,RD$0.50,Antiamebicos,2025
10339,Metronidazol Benzoato Suspensión,Frasco 120 ml,RD$20.00,Antiamebicos,2025
10274,Metronidazol + Diyodohidroxiquinoleína,Frasco 120 ml (400 mg + 200 mg),RD$85.00,Antiamebicos,2025
10273,Metronidazol + Diyodohidroxiquinoleína,Tableta 400 mg /200 mg,RD$7.00,Antiamebicos,2025
1236,Metronidazol Solución Inyectable,Frasco 500 mg /100 ml,RD$12.00,Antiamebicos,2025
10348,Muletas De Aluminio Pequeña Para Adolescentes S,Unidad,RD$300.00,Ortopédicos,2025
10347,Muletas De Aluminio Grandes Para Adultos L,Unidad,RD$300.00,Ortopédicos,2025
10349,Muletas De Aluminio Grandes Para Adultos XL,Unidad,RD$300.00,Ortopédicos,2025
1905,Multivitamínico Lactante,Frasco Gotero 15 ml,RD$20.00,Vitaminas,2025
10398,Multivitaminas Prenatales ,Capsula,RD$7.00,Vitaminas,2025
9340,"Nafazolina 0.001% , Sol. Oftálmica",Frasco 10 ml,RD$35.00,Descongestionante ocular,2025
9710,Naproxeno,Cápsula 550 mg,RD$7.00,Analgésicos/Antiinflamatorios No Esteroideos,2025
1417,Nifedipina,Tableta 10 mg,RD$0.20,Antioxitócicos,2025
1418,Nifedipina,Tableta 20 mg,RD$0.20,Antihipertensivos,2025
9744,Nistatina,"Óvulo 100,000 UI",RD$5.00,Antifúngicos,2025
9168,Nistatina Suspensión,Frasco 30 ml,RD$20.00,Antifúngicos,2025
9733,Nitrofurantoína (Macrocristales),Cápsula 100 mg,RD$20.00,Otros agentes antimicrobianos,2025
3283,Nitrofurazona 0.2% Pomada,Tubo 30 g,RD$20.00,Antiinfecciosos y antisépticos,2025
10265,Ofloxacina (para el tratamiento de la TB multidrogoresistente),Tableta 400 mg,RD$20.00,Antituberculosos,2025
9813,Olanzapina,Tableta 5 mg,RD$40.00,Antipsicóticos,2025
9545,Olanzapina,Tableta 10 mg,RD$50.00,Antipsicóticos,2025
1589,Omeprazol,Cápsula 20 mg,RD$0.50,Antiácidos y Otros Antiulcerosos,2025
9950,Orinal Para Hombre,Unidad,RD$25.00,Insumos Hospitalarios,2025
9951,Orinal Para Mujer,Unidad,RD$65.00,Insumos Hospitalarios,2025
1515,Óxido De Zinc Loción,Frasco 120 ml,RD$15.00,Antipruríticos,2025
9879,Pañal Desechable Grande Para Adultos,Unidad,RD$20.00,Insumos Hospitalarios,2025
9705,Pañal Desechable Mediano Para Adultos,Unidad,RD$20.00,Insumos Hospitalarios,2025
9750,Pañal Desechable Pequeño Para Adultos,Unidad,RD$20.00,Insumos Hospitalarios,2025
10389,Pañal Desechable Mediano Niños 9-15 Kg,Unidad,RD$10.00,Insumos Hospitalarios,2025
10479,Pañal Desechable para niños L,Unidad,RD$12.00,Insumos Hospitalarios,2025
10335,Pañal Desechable Pequeño Niños 4-10 Kg,Unidad,RD$10.00,Insumos Hospitalarios,2025
10336,Pañal Desechable Recién Nacidos 2-5 Kg,Unidad,RD$10.00,Insumos Hospitalarios,2025
1194,Penicilina G Benzatinica 1.2,Vial,RD$10.00,Antibacterianos,2025
1195,Penicilina G Benzatinica 2.4,Vial,RD$15.00,Antiinfecciosos,2025
1196,"Penicilina G Benzatinica 600,000",Vial,RD$10.00,Antiinfecciosos,2025
1202,Penicilina G Procaínica 0.4,Vial,RD$5.00,Antiinfecciosos,2025
1201,Penicilina G Procaínica 4.0,Vial,RD$20.00,Antiinfecciosos,2025
10400,"Penicilina G Procaínica 800,000",Vial,RD$60.00,Antiinfecciosos,2025
2432,Perita Nasal,Unidad,RD$15.00,Insumos Hospitalarios,2025
9397,Permetrina 1% Champú,Frasco 60 ml,RD$40.00,Escabicidas y pediculicidas,2025
9154,Permetrina 5% Crema,Tubo 30 g,RD$25.00,Escabicidas y pediculicidas,2025
9177,Permetrina 1% Loción,Frasco 60 ml,RD$40.00,Escabicidas y pediculicidas,2025
10291,Pirimetamina,Tableta 25 mg,RD$15.00,Antipalúdico,2025
10011,Pramipexol,Tableta 1 mg,RD$25.00,Antiparkinsonianos,2025
10293,Prednisolona,Tableta 5 mg,RD$2.00,"Antialérgicos, hormonas y antihormonas",2025
1646,Prednisona,Tableta 5 mg,RD$0.70,Antiinflamatorios Esteroides,2025
10272,Prednisona,Tableta 20 mg,RD$5.00,Antiinflamatorios Esteroides,2025
9400,Prednisona,Tableta 50 mg,RD$6.00,Antiinflamatorios Esteroides,2025
10294,Pregabalina,Cápsula 75 mg,RD$10.00,Antiepilépticos Analgésicos,2025
10295,Pregabalina,Cápsula 300 mg,RD$20.00,Antiepilépticos Analgésicos,2025
3344,Preservativo Masculino,Unidad,RD$2.00,Contraceptivo de barrera,2025
10271,Propranolol,Tableta 20 mg,RD$0.40,Cardiovasculares,2025
9083,Propranolol,Tableta 40 mg,RD$0.50,Cardiovasculares,2025
9607,"Proteína Hiperproteica, Supl. Nut. Líquido",Frasco 8 oz,RD$100.00,Nutrición,2025
9002,Proteína Polimérica Con Probiótico Líquida,Frasco 8 oz,RD$60.00,Nutrición,2025
9625,Proteína Polimérica Con Probiótico Polvo,Lata 400 g,RD$280.00,Nutrición,2025
9606,Proteína Polimérica Hipercalórica Líquida,Frasco 8 oz,RD$120.00,Nutrición,2025
9627,Proteína Polimérica Líquida,Frasco 8 oz,RD$60.00,Nutrición,2025
9558,Proteína Polimérica Para Diabetes Líquida,Frasco 8 oz,RD$70.00,Nutrición,2025
9626,Proteína Polimérica Polvo,Lata 400 g,RD$300.00,Nutrición,2025
10416,Quetiapina,Tableta 25 mg,RD$16.00,Antipsicóticos,2025
10410,Quetiapina,Tableta 100 mg,RD$30.00,Antipsicóticos,2025
10296,Ramipril,Tableta 5 mg,RD$1.00,Antipsicóticos,2025
1592,Ranitidina,Tableta 150 mg mg,,Antiácidos y Otros Antiulcerosos,2025
10010,Rasagilina,Tableta 1 mg,RD$40.00,Antiparkinsonianos,2025
9814,Risperidona,Tableta 1 mg,RD$2.00,Antipsicóticos,2025
1793,Risperidona,Tableta 2 mg,RD$2.00,Antipsicóticos,2025
9887,Rodillera Grande,Unidad,RD$125.00,Insumos Hospitalarios,2025
9494,Rodillera Mediana,Unidad,RD$125.00,Insumos Hospitalarios,2025
9888,Rodillera Pequeña,Unidad,RD$125.00,Insumos Hospitalarios,2025
10379,Sal Ferrosa + Ácido Fólico,Tableta 60 mg + 400 mcg,RD$1.00,Vitaminas y minerales,2025
1829,Salbutamol,Tableta 4 mg,RD$0.50,Antiasmáticos,2025
1831,Salbutamol Solución Para Nebulizar,Frasco 10 ml,RD$25.00,Antiasmáticos,2025
10401,Salbutamol Sulfato,Aerosol 100 mcg,RD$80.00,Antiasmáticos,2025
1885,Sales De Rehidratación Oral,Sobre,RD$4.00,Desórdenes de Agua/Diarrea,2025
9548,Sertralina,Tab. 50 mg,RD$2.00,Antidepresivos,2025
1375,Simvastatina,Tableta 20 mg,RD$0.50,Agentes Reductores de lípidos,2025
10242,Simvastatina,Tableta 40 mg,RD$1.00,Agentes Reductores de lípidos,2025
9225,Solución Cloruro De Sodio 0.9%,Frasco 100 ml,RD$20.00,Soluciones Endovenosas,2025
1863,Solución Cloruro De Sodio 0.9%,Frasco 1000 ml,RD$40.00,Soluciones Endovenosas,2025
1870,Solución Dextrosa 5%,Frasco 1000 ml,RD$40.00,Soluciones Endovenosas,2025
1872,Solución Dextrosa 5% + Cloruro De Sodio 0.33%,Frasco 1000 ml,RD$40.00,Soluciones Endovenosas,2025
1875,Solución Dextrosa 5% + Cloruro De Sodio 0.9%,Frasco 1000 ml,RD$40.00,Soluciones Endovenosas,2025
1879,Solución Dextrosa en Ringer 6.423g/100ml,Frasco 1000 ml,RD$40.00,Soluciones Endovenosas,2025
1882,Solución Ringer Con Lactato,Frasco 1000 ml,RD$40.00,Soluciones Endovenosas,2025
2333,Sonda Foley #14,Unidad,RD$20.00,Insumos Hospitalarios,2025
2334,Sonda Foley #16,Unidad,RD$20.00,Insumos Hospitalarios,2025
3310,Sucralfato 1 g,Sobre,RD$15.00,Antiulcerosos,2025
9521,Sulfadiazina Argéntica 1% Crema,Tubo 30 g,RD$50.00,Dermatológicos Antisépticos,2025
10394,Sulfato De Zinc,Tabletas 20 mg,RD$3.00,Medicamentos usados en diarrea,2025
1355,Sulfato Ferroso,Tableta 300 mg,RD$0.30,Vitaminas y minerales,2025
9539,Sulfato Ferroso + Ácido Fólico,Tableta 300 mg + 5 mg,RD$1.50,Vitaminas y minerales,2025
10371,Sulfato Ferroso 25 mg,Frasco 60 ml,RD$30.00,Vitaminas y minerales,2025
9119,Sulfato Ferroso Gotas Pediátricas,Frasco Gotero 30 ml,RD$30.00,Vitaminas y minerales,2025
10761,Termómetro Digital,Unidad,RD$110.00,Insumos Hospitalarios,2025
9017,"Timolol 0.005% , Solución Oftálmica ( Es del PROGRAMA PROMEGOTAS)",Frasco 10 ml,RD$30.00,Mióticos y antiglaucomas,2025
1248,Tinidazol,Tableta 500 mg,RD$3.00,Antiamebicos,2025
9882,Toallas Sanitarias,Bolsa de 10 unidades,RD$40.00,Insumos Hospitalarios,2025
1952,Tobramicina Oftálmica 0.3%,Frasco Gotero 5 ml,RD$30.00,Oftalmológicos,2025
9336,Tramadol,Cápsula 50 mg,,Analgésicos Opiodes,2025
9273,Trihexifenidilo,Tableta 5 mg,,Antiparkinsonianos,2025
9124,Trimetoprim-Sulfametoxazol,Tableta 160 mg / 800 mg,RD$1.50,Antibacterianos,2025
1966,Trimetoprim-Sulfametoxazol Suspensión,Frasco 120 ml,RD$20.00,Antibacterianos,2025
10370,Valsartán 160 mg,Tableta,RD$3.00,Antihipertensivos,2025
1987,Venda De Yeso 4 X 5,Unidad,RD$25.00,Insumos Hospitalarios,2025
1988,Venda De Yeso 6 X 5,,RD$25.00,Insumos Hospitalarios,2025
9885,Venda Elástica 3 X 5,Unidad,RD$15.00,Insumos Hospitalarios,2025
1990,Venda Elástica 4 X 5,Unidad,RD$15.00,Insumos Hospitalarios,2025
9886,Venda Elástica 6 X 5,Unidad,RD$15.00,Insumos Hospitalarios,2025
1431,Verapamil,Tableta 80 mg,RD$1.50,Antianginosos,2025
1915,Vitamina A,"Perla 50,000 UI",RD$1.50,Vitaminas,2025
1912,Vitamina A Y D,"Perla 3,000 UI / 300 UI",RD$1.50,Vitaminas,2025
1914,Vitamina E,Perla 400 UI,RD$1.50,Vitaminas,2025
1916,Vitaminas Neurotrópicas + Dexametasona,Ampolla,RD$20.00,Analgésicos,2025
10398,Vitaminas Prenatales,Cápsula,RD$10.00,Vitaminas,2025
9531,Vitaminas Y Minerales,Cápsula,RD$1.50,Vitaminas,2025
9756,Warfarina Sódica,Tableta 5 mg,RD$5.00,Anticoagulantes,2025
10385,Yodopovidona Solución 10%,Frasco 120 ml,RD$50.00,Antisépticos,2025
1945,Aceite de Hígado de Bacalao Emulsión,Frasco 180 ml,RD$40.00,Vitaminas,2026
1034,Acetaminofén,Tableta 500 mg,RD$0.30,Analgésicos,2026
10064,Acetaminofén,Supositorio 100 mg,RD$5.00,Analgésicos,2026
10741,Acetaminofén + Cafeína,500 mg + 65mg Tableta,RD$2.50,Analgésicos,2026
1037,Acetaminofén Gotas Pediátricas,Frasco Gotero 15 ml,RD$15.00,Analgésicos,2026
10227,Acetaminofén Jarabe,Frasco 120 ml,RD$15.00,Analgésicos,2026
10593,Acetato De Medroxiprogesterona,Inyección de Liberación Retardada 150 mg/ml/ Vial,RD$50.00,Hormonas contraceptivas,2026
9023,Acetazolamida,Tableta 250 mg,RD$8.00,Diuréticos,2026
9370,Acetilcisteína,Ampolla 300 mg / 3 ml,RD$15.00,Mucolíticos,2026
10748,Acetilcisteína,Sobre Polvo granulado 200 mg,RD$10.00,Mucolíticos,2026
1252,Aciclovir,Tableta 400 mg,RD$1.50,Antivirales,2026
1251,Aciclovir Crema,Tubo 5 g,RD$10.00,Antivirales,2026
9371,Aciclovir Suspensión,Frasco 60 ml,RD$40.00,Antivirales,2026
1042,Ácido Acetilsalicílico (Uso Cardiaco),Tableta 81 mg,RD$0.50,Cardiovasculares,2026
1041,Ácido Acetilsalicílico,Tableta 325 mg,RD$1.00,Analgésicos-antiinflamatorios,2026
10425,Ácido Acetilsalicílico,Tableta 100 mg,RD$10.00,Cardiovasculares,2026
9329,Ácido Ascórbico (Vit. C),Tableta 500 mg,RD$2.00,Vitaminas,2026
1346,Ácido Fólico,Tableta 5 mg,RD$0.20,Vitaminas,2026
1345,Ácido Fólico Jarabe,Frasco 120 ml,RD$13.00,Vitaminas,2026
9358,Ácido Fólico + Vit. B12 Jarabe,Frasco 120 ml,RD$25.00,Vitaminas,2026
1946,Ácido Mefenámico,Tableta 500 mg,RD$0.70,Analgésicos-antiinflamatorios,2026
9501,Ácido Valproico (Valproato Sódico),Tableta 500 mg,RD$12.00,Antiepilépticos,2026
1696,Ácido Valproico Solución,Frasco 40 mL,RD$90.00,Antiepilépticos,2026
9057,Adrenalina,Ampolla 1 mg / 1 ml,RD$7.00,Cardiovasculares,2026
1893,Agua Para Inyectable,Ampolla 5 ml,RD$3.00,Solubilizantes,2026
1891,Agua Para Inyectable,Ampolla 10 ml,RD$3.00,Solubilizantes,2026
1215,Albendazol (Dosis Única),Tableta 400 mg,RD$1.00,Antiparasitarios,2026
11271,Albendazol Masticable,Tableta 400mg,RD$10.00,Antiparasitarios,2026
1216,Albendazol Suspensión (Dosis Única),Sobre 400 mg / 10 ml,RD$5.00,Antiparasitarios,2026
9030,Albúmina Humana 20%,Frasco Ampolla 50 ml,"RD$2,000.00",Sustituto del plasma,2026
9079,Alcohol Isopropílico 70º,Frasco 120 ml,RD$20.00,Desinfectantes y antisépticos,2026
9344,Alendronato,Tableta 70 mg,RD$1.00,Osteoporosis,2026
9883,Algodón Planchado,Venda 4” x 4”,RD$15.00,Insumos Hospitalarios,2026
9510,Algodón Torunda,Funda 7 g,RD$5.00,Insumos Hospitalarios,2026
9718,Alopurinol,Tableta 300 mg,RD$1.50,Antigotosos y antirreumáticos,2026
1845,Ambroxol,Tableta 30 mg,RD$3.00,Mucolíticos,2026
9519,Ambroxol Jarabe,Frasco 120 ml,RD$15.00,Mucolíticos,2026
1120,Amikacina,Vial 500 mg / 2 ml,RD$15.00,Antibacterianos,2026
9739,Aminosidina,Tableta 250 mg,RD$18.00,Antiamebicos,2026
9376,Amiodarona,Tableta 200 mg,RD$4.00,Cardiovasculares,2026
1772,Amitriptilina,Tableta 25 mg,RD$1.50,Antidepresivos,2026
1405,Amlodipina,Tableta 5 mg,RD$0.20,Cardiovasculares,2026
1404,Amlodipina,Tableta 10 mg,RD$0.20,Cardiovasculares,2026
2816,Amoxicilina,Cápsula 500 mg,RD$1.00,Antibacterianos,2026
3288,Amoxicilina Suspensión,Frasco 120 ml,RD$25.00,Antibacterianos,2026
3289,Amoxicilina + Ácido Clavulánico,Cápsula 500 mg / 125 mg,RD$5.00,Antibacterianos,2026
3290,Amoxicilina + Ácido Clavulánico Suspensión,Frasco 60 ml,RD$60.00,Antibacterianos,2026
1127,Ampicilina,Cápsula 500 mg,RD$1.50,Antibacterianos,2026
1130,Ampicilina,Vial 1 g,RD$10.00,Antibacterianos,2026
9180,Anestésico Local + Astringente + Antiinflamatorio,Supositorio,RD$15.00,Antihemorroidales,2026
1606,Antiespasmódico (N-Butil Bromuro-Hioscina),Tableta 10 mg,RD$5.00,Antiespasmódicos,2026
1605,Antiespasmódico (N-Butil Bromuro-Hioscina),Ampolla 20 mg / 1 ml,RD$15.00,Antiespasmódicos,2026
1877,Antigripal Jarabe,Frasco 120 ml,RD$15.00,Antigripal,2026
10982,Antigripal Tableta,Blíster de 10 Tabletas,RD$3.00,Antigripal,2026
9484,Atenolol,Tableta 50 mg,RD$0.20,Cardiovasculares,2026
1378,Atenolol,Tableta 100 mg,RD$0.30,Cardiovasculares,2026
1381,Atenolol + Clortalidona,Tableta 50 mg / 12.5 mg,RD$1.50,Cardiovasculares,2026
1379,Atenolol + Clortalidona,Tableta 100 mg / 25 mg,RD$2.00,Cardiovasculares,2026
1030,Atropina,Ampolla 1 mg / 1 ml,RD$5.00,"Antiarritmicos, midriáticos",2026
9483,Azitromicina,Cápsula 500 mg,RD$4.00,Antibacterianos,2026
9482,Azitromicina Suspensión,Frasco 30 ml,RD$25.00,Antibacterianos,2026
2031,Bajante De Suero,Unidad,RD$10.00,Insumos Hospitalarios,2026
9490,Bastón Ajustable De Aluminio (Un Apoyo),Unidad,RD$200.00,Ortopédicos,2026
9491,Bastón Ajustable De Aluminio (Cuatro Apoyos),Unidad,RD$350.00,Ortopédicos,2026
9646,Betahistina,Tableta 6 mg,RD$3.00,Antivertiginosos,2026
9174,Betametasona 0.1% Crema,Tubo 15 g,RD$50.00,Antiinflamatorio antiprurítico,2026
9796,Bismuto Subsalicilato Suspensión,Frasco 100 mL,RD$50.00,Antidiarreicos,2026
10251,Bisoprolol,Tableta 2.5 mg,RD$3.00,Cardiovasculares,2026
10252,Bisoprolol,Tableta 5 mg,RD$3.00,Cardiovasculares,2026
2005,Bolsa Colectora De Orina (Adulto),Unidad,RD$10.00,Insumos Hospitalarios,2026
2006,Bolsa Colectora De Orina (Pediátrica),Unidad,RD$5.00,Insumos Hospitalarios,2026
1849,Bromhexina Jarabe,Frasco 60 ml,RD$10.00,Mucolíticos,2026
10255,Budesonida 100 mcg,Spray Frasco Nasal,RD$350.00,Antiasmáticos,2026
1012,Bupivacaína Pesada 0.5%,Vial 4 ml,RD$15.00,Anestésico local,2026
10331,Cabestrillo Pequeño,Unidad,RD$150.00,Ortopédicos,2026
9489,Cabestrillo Mediano,Unidad,RD$150.00,Ortopédicos,2026
10330,Cabestrillo Grande,Unidad,RD$150.00,Ortopédicos,2026
10417,Calamina Locion 0.15%,Frasco 120 ml,RD$45.00,Dermatológicos/Antiinflamatorios y Antiprurito,2026
1897,Calcio Carbonato 600 mg + Vit. D3 400UI,Tableta 600mg/400 UI,RD$1.00,"Vitaminas, Minerales,Problemas Oseos, Recién Nacidos",2026
10631,Candesartan ,Tableta 16 mg,RD$2.50,Cardiovasculares/Antihipertensivos,2026
10744,Candesartan ,Tableta 32 mg,RD$3.50,Cardiovasculares/Antihipertensivos,2026
9356,Captoprilo,Tableta 25 mg,RD$0.50,Cardiovasculares/Antihipertensivos /Fallo Cardíaco,2026
1433,Captoprilo,Tableta 50 mg,RD$0.70,Cardiovasculares/Antihipertensivos /Fallo Cardíaco,2026
1105,Carbamacepina ,Tableta 200 mg,RD$1.00,Psicofarmacos/Trastornos del Humor/Trastornos Bipolares,2026
9275,Carbonato de Litio ,Tableta 300 mg,RD$3.00,Psicofarmacos/Trastornos del Humor/Trastornos Bipolares,2026
9031,Carvedilol ,Tableta 6.25 mg,RD$0.70,Cardiovasculares/Antianginoso,2026
9032,Carvedilol ,Tableta 12.5 mg,RD$0.70,Cardiovasculares/Antianginoso,2026
2223,Catéter E.V. # 18,Unidad,RD$15.00,Insumos Hospitalarios,2026
2224,Catéter E.V. # 20,Unidad,RD$15.00,Insumos Hospitalarios,2026
2225,Catéter E.V. # 22,Unidad,RD$15.00,Insumos Hospitalarios,2026
2226,Catéter E.V. # 24,Unidad,RD$15.00,Insumos Hospitalarios,2026
1136,Cefalexina,Cápsula 500 mg,RD$2.00,Antibacterianos,2026
1137,Cefalexina Suspensión,Frasco 120 ml,RD$35.00,Antibacterianos,2026
1141,Cefepime,Vial 1 g,RD$35.00,Antibacterianos,2026
1143,Cefotaxima,Vial 1 g,RD$15.00,Antibacterianos,2026
1147,Ceftriaxona,Vial 1 g,RD$10.00,Antibacterianos,2026
9529,Cetirizina,Frasco 60 ml,RD$20.00,Antialérgicos,2026
10254,Cetirizina,Tableta 10 mg,RD$0.50,Antialérgicos,2026
1150,Ciprofloxacina,Tableta 500 mg,RD$1.00,Antibacterianos,2026
9162,Claritromicina,Tableta 500 mg,RD$5.00,Antibacterianos,2026
9163,Claritromicina Suspensión,Frasco 60 ml,RD$90.00,Antibacterianos,2026
9164,Clindamicina,Cápsula 300 mg,RD$5.00,Antibacterianos,2026
10281,Clindamicina,Óvulo 100 mg,RD$10.00,Antibacterianos,2026
9350,Clopidogrel,Tableta 75 mg,RD$1.50,Cardiovasculares,2026
10233,Clorpromazina,Tableta 25 mg,RD$6.00,Antipsicóticos,2026
1781,Clorpromazina,Tableta 100 mg,RD$7.00,Antipsicóticos,2026
9244,Cloruro De Sodio Gotas Nasales,Frasco 15 ml,RD$15.00,Descongestionantes,2026
1471,Clotrimazol Crema,Tubo 30 g,RD$10.00,Antifúngicos,2026
10231,Clotrimazol Ovulos ,Ovulo 500 mg,RD$6.00,Dermatológicos/Antifúngicos,2026
1475,Clotrimazol Solución Tópica,Frasco Gotero 20 ml,RD$12.00,Antifúngicos,2026
9492,Codera Mediana,Unidad,RD$180.00,Ortopédicos,2026
9493,Codera Grande,Unidad,RD$180.00,Ortopédicos,2026
9497,Collarín Blando Mediano,Unidad,RD$100.00,Ortopédicos,2026
9498,Collarín Blando Grande,Unidad,RD$100.00,Ortopédicos,2026
9499,Collarín Rígido Ajustable,Unidad,RD$350.00,Ortopédicos,2026
1899,Complejo B Jarabe,Frasco 120 ml,RD$15.00,Vitaminas,2026
1898,Complejo B,Tableta,RD$0.50,Vitaminas,2026
1900,Complejo B,Vial 10 ml,RD$20.00,Vitaminas,2026
9404,Deflazacort,Tableta 6 mg,RD$10.00,Artritis Reumatoide,2026
10250,Dexametasona,Ampolla 4 mg / 1 ml,RD$5.00,Antiasmáticos-Antialérgicos,2026
1638,Dexametasona,Tableta 0.5 mg,RD$1.50,Antiasmáticos-Antialérgicos,2026
9299,Dexametasona,Tableta 4 mg,RD$5.00,Antiasmáticos-Antialérgicos,2026
1876,Dextrosa 50%,Ampolla 20 ml,RD$15.00,Desórdenes de Agua,2026
1045,Diclofenac Sódico,Ampolla 75 mg / 3 ml,RD$2.00,Analgésicos-Antiinflamatorios No Esteroideos,2026
1047,Diclofenac Sódico,Tableta 50 mg,RD$0.20,Analgésicos-Antiinflamatorios No Esteroideos,2026
1043,Diclofenaco Dietilamonio1.16% Gel,Tubo 20 g,RD$10.00,Analgésicos-Antiinflamatorios No Esteroideos,2026
1044,Diclofenac Sódico o Potasico,Supositorio 12.5 mg,RD$10.00,Analgésicos-Antiinflamatorios No Esteroideos,2026
1168,Dicloxacilina,Cápsula 500 mg,RD$4.00,Antibacterianos,2026
1167,Dicloxacilina Suspensión,Frasco 60 ml,RD$50.00,Antibacterianos,2026
1852,Difenhidramina,Ampolla 10 mg / 1 ml,RD$10.00,Antialérgicos,2026
1851,Difenhidramina Jarabe,Frasco 60 ml,RD$15.00,Antialérgicos,2026
9333,Difenhidramina,Tableta 25 mg,RD$0.50,Antialérgicos,2026
9774,Digoxina,50 mcg/ml Líquido Oral Frasco,RD$50.00,Cardiovasculares,2026
1441,Digoxina,Tableta 0.25 mg,RD$1.00,Cardiovasculares,2026
1597,Dimenhidrinato ,Ampolla 50 mcg/1 ml,RD$5.00,Agentes Coadyuvantes/Antieméticos,2026
9413,Dimenhidrinato Jarabe,Frasco 60 ml,RD$15.00,Diuréticos,2026
9525,Dimenhidrinato,Supositorio 25 mg,RD$4.00,Diuréticos,2026
1598,Dimenhidrinato,Tableta 50 mg,RD$0.50,Diuréticos,2026
1170,Doxiciclina,Cápsula 100 mg,RD$1.00,Antibacterianos,2026
1434,Enalapril,Tableta 10 mg,RD$0.20,Antihipertensivos,2026
1435,Enalapril,Tableta 20 mg,RD$0.20,Antihipertensivos,2026
1173,Eritromicina Suspensión,Frasco 120 ml,RD$50.00,Antibacterianos,2026
10262,Eritromicina Estearato,Tableta 500 mg,RD$5.00,Antibacterianos,2026
9170,Eritropoyetina Recombinante Humana,Ampolla 4000 UI / 0.3 ml,RD$135.00,Antianémicos,2026
9102,Espirómetro,Unidad,RD$200.00,Insumos Hospitalarios,2026
9793,Espironolactona,Tableta 25 mg,RD$2.00,Diuréticos,2026
9369,Espironolactona,Tableta 100 mg,RD$4.00,Diuréticos,2026
9337,Estrógenos Conjugados,Tableta 0.625 mg,RD$5.00,Hormonas estrógenas,2026
10592,Etinilestradiol + Levonorgestrel,Tableta 30 mcg +150 mcg,RD$20.00,Hormonas contraceptivas,2026
9727,Fenitoína Suspensión,Frasco 120 ml,RD$200.00,Antiepilépticos,2026
1106,Fenitoína,Tableta 100 mg,RD$8.00,Antiepilépticos,2026
1098,Fitomenadiona (Vit. K),Ampolla 10 mg/ 1 ml,RD$15.00,Coagulantes,2026
1256,Fluconazol,Cápsula 150 mg,RD$2.50,Antifúngicos,2026
9741,Fluconazol Suspensión,Frasco 60 ml,RD$200.00,Antipsicóticos,2026
1784,Decanoato de Flufenazina ,Ampolla 25 mg/ml,RD$400.00,Psicofarmacos/Antipsicóticos,2026
9181,Fluoxetina,Tableta 20 mg,RD$6.00,Antidepresivos,2026
9735,Fosfomicina Suspensión,Frasco 120 ml,RD$140.00,Antibacterianos,2026
9736,Fosfomicina,Tableta 500 mg,RD$10.00,Antibacterianos,2026
1573,Furosemida,Ampolla 20 mg / 2 ml,RD$2.00,Diuréticos,2026
1574,Furosemida,Tableta 40 mg,RD$0.30,Diuréticos,2026
9063,Gasa Precortada 4” X 4”,Sobre / 10 Unidades,RD$10.00,Insumos Hospitalarios,2026
1175,Gentamicina,Ampolla 80 mg / 2 ml,RD$3.00,Antibacterianos,2026
9808,Gentamicina Solución Oftálmica,Frasco Gotero 5 ml,RD$30.00,Antibacterianos,2026
1662,Glibenclamida,Tableta 5 mg,RD$0.20,Antidiabéticos,2026
11507,Glimepirida 2 mg,Tableta 2 mg,RD$2.00,Insulinas y Agentes Antidiabéticos,2026
11393,Glimepirida 4 mg,Tableta 4 mg,RD$5.00,Insulinas y Agentes Antidiabéticos,2026
9745,Gotas Óticas (Polimixina + Neomicina),Frasco Gotero 10 ml,RD$125.00,Antibacterianos,2026
10264,Griseofulvina,Tableta 500 mg,RD$7.00,Antifúngicos,2026
2167,Guante Examen Mediano,Par,RD$3.00,Antipsicóticos,2026
1790,Haloperidol,Frasco Gotero 15 ml,RD$16.00,Antipsicóticos,2026
1787,Haloperidol,Tableta 5 mg,RD$1.00,Antipsicóticos,2026
1359,Heparina,Vial 5000 UI / 5 mL,RD$75.00,Anticoagulantes,2026
10235,Hidralazina Clorhidrato,Tableta 50 mg,RD$40.00,Antihipertensivos,2026
9794,Hidroclorotiazida,Tableta 25 mg,RD$0.30,Antihipertensivos,2026
1575,Hidroclorotiazida,Tableta 50 mg,RD$0.30,Antihipertensivos,2026
1514,Hidrocortisona 1% Pomada,Tubo 15 g,RD$20.00,"Dermatológicos antiinflamatorios, antipruríticos",2026
1640,Hidrocortisona,Vial 100 mg,RD$10.00,Hormonas y sustitutos sintéticos,2026
10743,Hidróxido de Aluminio + Hidróxido Magnesio + Simeticona,520mg + 480mg + 40mg Sobre de 5ml,RD$20.00,Antiácidos antiflatulentos,2026
9282,Hierro Sacarosa,Ampolla 100 mg / 5 ml,RD$40.00,Antianémicos,2026
10237,Ibuprofeno Suspensión,200mg/5ml Frasco 60ml,RD$30.00,Analgésicos-Antiinflamatorios No Esteroideos,2026
10236,Ibuprofeno,Tableta 400 mg,RD$1.00,Analgésicos-Antiinflamatorios No Esteroideos,2026
1055,Ibuprofeno,Tableta 600 mg,RD$1.00,Analgésicos-Antiinflamatorios No Esteroideos,2026
9274,Imipramina,Tableta 25 mg,RD$1.00,Antidepresivos,2026
3399,Inmovilizador de Dedo en Aluminio para Adultos,Unidad,RD$120.00,Ortopédicos,2026
1690,Inmunoglobulina Antitetánica Humana,Vial 250 UI / 1 ml,RD$500.00,Sueros e inmunoglobulinas,2026
9645,"Insulina glargina Recombinante, Análoga Humana",Ampolla Multidosis,RD$350.00,Insulinas y Agentes Antidiabéticos,2026
1663,Insulina Intermedia NPH 100 UI/mL Vial 10 mL,Vial 10 ml,RD$110.00,Insulinas y Agentes Antidiabéticos,2026
1664,Insulina Mixta 70/30,Vial 10 ml,RD$110.00,Insulinas y Agentes Antidiabéticos,2026
1665,Insulina Regular (Cristalina) 100 UI/mL Vial 10mL,Vial 10 ml,RD$110.00,Insulinas y Agentes Antidiabéticos,2026
10388,Ipratropio Bromuro Solución P/Nebulizar,Ampolla 0.900mg/3ml,RD$50.00,Antiasmáticos,2026
9526,Itraconazol,Cápsula 100 mg,RD$6.50,Antifúngicos,2026
2387,Jabón Antiséptico (Benzalconio),Pasta 100 g,RD$30.00,Dermatológicos antisépticos,2026
2392,Jabón De Avena,Pasta 100 g,RD$30.00,Dermatológicos antisépticos,2026
2389,Jabón De Azufre,Pasta 100 g,RD$30.00,Dermatológicos antisépticos,2026
2020,Jeringa 3 ml,Unidad,RD$2.00,Insumos Hospitalarios,2026
2022,Jeringa 5 ml,Unidad,RD$2.00,Insumos Hospitalarios,2026
2023,Jeringa 10 ml,Unidad,RD$3.00,Insumos Hospitalarios,2026
2024,Jeringa 20 ml,Unidad,RD$5.00,Insumos Hospitalarios,2026
2029,Jeringa Insulina,Unidad,RD$2.00,Insumos Hospitalarios,2026
1259,Ketoconazol,Tableta 200 mg,RD$1.25,Antifúngicos,2026
9427,Ketoconazol Champú,Frasco 100 ml,RD$30.00,Antifúngicos,2026
1481,Ketoconazol 2% Crema,Tubo 30 g,RD$12.00,Antifúngicos,2026
9338,Lactulosa Jarabe,Frasco 240 ml,RD$150.00,Laxante osmótico,2026
1339,Levodopa+Benserazida,Tableta 200 mg + 50 mg,RD$15.00,Antiparkinsonianos,2026
9732,Levofloxacina,Tableta 500 mg,RD$2.50,Antibacterianos,2026
10268,Levotiroxina,Tableta 25 mcg,RD$1.50,Hormonas tiroideas,2026
10246,Levotiroxina,Tableta 50 mcg,RD$1.50,Hormonas tiroideas,2026
9231,Levotiroxina,Tableta 0.1 mg,RD$1.50,Hormonas tiroideas,2026
3030,Lidocaína Clorhidrato 2%,Vial / 50 ml,RD$25.00,Anestésico local,2026
1437,Lisinopril,Tableta 10 mg,RD$0.50,Antihipertensivos,2026
1438,Lisinopril,Tableta 20 mg,RD$2.00,Antihipertensivos,2026
9343,Loperamida,Tableta 2 mg,RD$0.50,Antidiarreicos,2026
1081,Loratadina,Tableta 10 mg,RD$0.50,Antialérgicos,2026
1084,Loratadina Jarabe,Frasco 90 ml,RD$15.00,Antialérgicos,2026
9392,Losartán Potásico,Tableta 50 mg,RD$0.50,Antihipertensivos,2026
9772,Losartán Potásico,Tableta 100 mg,RD$1.50,Antihipertensivos,2026
2063,Mariposita #21,Unidad,RD$2.00,Insumos Hospitalarios,2026
2064,Mariposita #23,Unidad,RD$2.00,Insumos Hospitalarios,2026
2065,Mariposita #25,Unidad,RD$2.00,Insumos Hospitalarios,2026
9353,Mascarilla Para Nebulizar (Adulto),Unidad,RD$25.00,Insumos Hospitalarios,2026
2419,Mascarilla Para Nebulizar (Pediátrica),Unidad,RD$25.00,Insumos Hospitalarios,2026
1217,Mebendazol,Blíster de 6 Tabletas,RD$3.00,Antihelmínticos,2026
1218,Mebendazol Suspensión,Frasco 30 ml,RD$10.00,Antihelmínticos,2026
9076,Mecobalamina (Vit. B12),Cápsula 500 mcg,RD$5.00,Vitaminas,2026
9708,Meloxican,Tableta 15 mg,RD$2.00,Antiinflamatorios No Esteroideos,2026
10276,Metformina,Tableta 500 mg,RD$0.50,Antidiabéticos,2026
1661,Metformina,Tableta 850 mg,RD$0.50,Antidiabéticos,2026
1661,Metformina,Tableta 1000 mg,RD$1.50,Antidiabéticos,2026
10238,Metildopa,Tableta 250 mg,RD$4.00,Antihipertensivos,2026
1414,Metildopa,Tableta 500 mg,RD$5.00,Antihipertensivos,2026
10239,Metilprednisolona,Vial 40 mg / 1 ml,RD$300.00,Hormonas y sustitutos sintéticos,2026
1601,Metoclopramida,Ampolla 10 mg / 2 ml,RD$2.00,Antieméticos,2026
9414,Metoclopramida Suspensión,Frasco 120 ml,RD$50.00,Antieméticos,2026
1602,Metoclopramida,Tableta 10 mg,RD$0.40,Antieméticos,2026
1235,Metronidazol,Tableta 500 mg,RD$0.50,Antiamebicos,2026
10339,Metronidazol Benzoato Suspensión,Frasco 120 ml,RD$20.00,Antiamebicos,2026
10274,Metronidazol + Diyodohidroxiquinoleína,Frasco 120 ml (400 mg + 200 mg),RD$85.00,Antiamebicos,2026
10273,Metronidazol + Diyodohidroxiquinoleína,Tableta 400 mg /200 mg,RD$7.00,Antiamebicos,2026
1236,Metronidazol Solución Inyectable,Frasco 500 mg /100 ml,RD$12.00,Antiamebicos,2026
10348,Muletas De Aluminio Pequeña Para Adolescentes S,Unidad,RD$300.00,Ortopédicos,2026
10347,Muletas De Aluminio Grandes Para Adultos L,Unidad,RD$300.00,Ortopédicos,2026
10349,Muletas De Aluminio Grandes Para Adultos XL,Unidad,RD$300.00,Ortopédicos,2026
1905,Multivitamínico Lactante,Frasco Gotero 15 ml,RD$20.00,Vitaminas,2026
10398,Multivitaminas Prenatales ,Capsula,RD$7.00,Vitaminas,2026
9340,"Nafazolina 0.001% , Sol. Oftálmica",Frasco 10 ml,RD$35.00,Descongestionante ocular,2026
9710,Naproxeno,Cápsula 550 mg,RD$7.00,Analgésicos/Antiinflamatorios No Esteroideos,2026
1417,Nifedipina,Tableta 10 mg,RD$0.20,Antioxitócicos,2026
1418,Nifedipina,Tableta 20 mg,RD$0.20,Antihipertensivos,2026
9744,Nistatina,"Óvulo 100,000 UI",RD$5.00,Antifúngicos,2026
9168,Nistatina Suspensión,Frasco 30 ml,RD$20.00,Antifúngicos,2026
9733,Nitrofurantoína (Macrocristales),Cápsula 100 mg,RD$20.00,Otros agentes antimicrobianos,2026
3283,Nitrofurazona 0.2% Pomada,Tubo 30 g,RD$20.00,Antiinfecciosos y antisépticos,2026
10265,Ofloxacina (para el tratamiento de la TB multidrogoresistente),Tableta 400 mg,RD$20.00,Antituberculosos,2026
9813,Olanzapina,Tableta 5 mg,RD$40.00,Antipsicóticos,2026
9545,Olanzapina,Tableta 10 mg,RD$50.00,Antipsicóticos,2026
1589,Omeprazol,Cápsula 20 mg,RD$0.50,Antiácidos y Otros Antiulcerosos,2026
9950,Orinal Para Hombre,Unidad,RD$25.00,Insumos Hospitalarios,2026
9951,Orinal Para Mujer,Unidad,RD$65.00,Insumos Hospitalarios,2026
1515,Óxido De Zinc Loción,Frasco 120 ml,RD$15.00,Antipruríticos,2026
9879,Pañal Desechable Grande Para Adultos,Unidad,RD$20.00,Insumos Hospitalarios,2026
9705,Pañal Desechable Mediano Para Adultos,Unidad,RD$20.00,Insumos Hospitalarios,2026
9750,Pañal Desechable Pequeño Para Adultos,Unidad,RD$20.00,Insumos Hospitalarios,2026
10389,Pañal Desechable Mediano Niños 9-15 Kg,Unidad,RD$10.00,Insumos Hospitalarios,2026
10479,Pañal Desechable para niños L,Unidad,RD$12.00,Insumos Hospitalarios,2026
10335,Pañal Desechable Pequeño Niños 4-10 Kg,Unidad,RD$10.00,Insumos Hospitalarios,2026
10336,Pañal Desechable Recién Nacidos 2-5 Kg,Unidad,RD$10.00,Insumos Hospitalarios,2026
1194,Penicilina G Benzatinica 1.2,Vial,RD$10.00,Antibacterianos,2026
1195,Penicilina G Benzatinica 2.4,Vial,RD$15.00,Antiinfecciosos,2026
1196,"Penicilina G Benzatinica 600,000",Vial,RD$10.00,Antiinfecciosos,2026
1202,Penicilina G Procaínica 0.4,Vial,RD$5.00,Antiinfecciosos,2026
1201,Penicilina G Procaínica 4.0,Vial,RD$20.00,Antiinfecciosos,2026
10400,"Penicilina G Procaínica 800,000",Vial,RD$60.00,Antiinfecciosos,2026
2432,Perita Nasal,Unidad,RD$15.00,Insumos Hospitalarios,2026
9397,Permetrina 1% Champú,Frasco 60 ml,RD$40.00,Escabicidas y pediculicidas,2026
9154,Permetrina 5% Crema,Tubo 30 g,RD$25.00,Escabicidas y pediculicidas,2026
9177,Permetrina 1% Loción,Frasco 60 ml,RD$40.00,Escabicidas y pediculicidas,2026
10291,Pirimetamina,Tableta 25 mg,RD$15.00,Antipalúdico,2026
10011,Pramipexol,Tableta 1 mg,RD$25.00,Antiparkinsonianos,2026
10293,Prednisolona,Tableta 5 mg,RD$2.00,"Antialérgicos, hormonas y antihormonas",2026
1646,Prednisona,Tableta 5 mg,RD$0.70,Antiinflamatorios Esteroides,2026
10272,Prednisona,Tableta 20 mg,RD$5.00,Antiinflamatorios Esteroides,2026
9400,Prednisona,Tableta 50 mg,RD$6.00,Antiinflamatorios Esteroides,2026
10294,Pregabalina,Cápsula 75 mg,RD$10.00,Antiepilépticos Analgésicos,2026
10295,Pregabalina,Cápsula 300 mg,RD$20.00,Antiepilépticos Analgésicos,2026
3344,Preservativo Masculino,Unidad,RD$2.00,Contraceptivo de barrera,2026
10271,Propranolol,Tableta 20 mg,RD$0.40,Cardiovasculares,2026
9083,Propranolol,Tableta 40 mg,RD$0.50,Cardiovasculares,2026
9607,"Proteína Hiperproteica, Supl. Nut. Líquido",Frasco 8 oz,RD$100.00,Nutrición,2026
9002,Proteína Polimérica Con Probiótico Líquida,Frasco 8 oz,RD$60.00,Nutrición,2026
9625,Proteína Polimérica Con Probiótico Polvo,Lata 400 g,RD$280.00,Nutrición,2026
9606,Proteína Polimérica Hipercalórica Líquida,Frasco 8 oz,RD$120.00,Nutrición,2026
9627,Proteína Polimérica Líquida,Frasco 8 oz,RD$60.00,Nutrición,2026
9558,Proteína Polimérica Para Diabetes Líquida,Frasco 8 oz,RD$70.00,Nutrición,2026
9626,Proteína Polimérica Polvo,Lata 400 g,RD$300.00,Nutrición,2026
10416,Quetiapina,Tableta 25 mg,RD$16.00,Antipsicóticos,2026
10410,Quetiapina,Tableta 100 mg,RD$30.00,Antipsicóticos,2026
10296,Ramipril,Tableta 5 mg,RD$1.00,Antipsicóticos,2026
1592,Ranitidina,Tableta 150 mg mg,,Antiácidos y Otros Antiulcerosos,2026
10010,Rasagilina,Tableta 1 mg,RD$40.00,Antiparkinsonianos,2026
9814,Risperidona,Tableta 1 mg,RD$2.00,Antipsicóticos,2026
1793,Risperidona,Tableta 2 mg,RD$2.00,Antipsicóticos,2026
9887,Rodillera Grande,Unidad,RD$125.00,Insumos Hospitalarios,2026
9494,Rodillera Mediana,Unidad,RD$125.00,Insumos Hospitalarios,2026
9888,Rodillera Pequeña,Unidad,RD$125.00,Insumos Hospitalarios,2026
10379,Sal Ferrosa + Ácido Fólico,Tableta 60 mg + 400 mcg,RD$1.00,Vitaminas y minerales,2026
1829,Salbutamol,Tableta 4 mg,RD$0.50,Antiasmáticos,2026
1831,Salbutamol Solución Para Nebulizar,Frasco 10 ml,RD$25.00,Antiasmáticos,2026
10401,Salbutamol Sulfato,Aerosol 100 mcg,RD$80.00,Antiasmáticos,2026
1885,Sales De Rehidratación Oral,Sobre,RD$4.00,Desórdenes de Agua/Diarrea,2026
9548,Sertralina,Tab. 50 mg,RD$2.00,Antidepresivos,2026
1375,Simvastatina,Tableta 20 mg,RD$0.50,Agentes Reductores de lípidos,2026
10242,Simvastatina,Tableta 40 mg,RD$1.00,Agentes Reductores de lípidos,2026
9225,Solución Cloruro De Sodio 0.9%,Frasco 100 ml,RD$20.00,Soluciones Endovenosas,2026
1863,Solución Cloruro De Sodio 0.9%,Frasco 1000 ml,RD$40.00,Soluciones Endovenosas,2026
1870,Solución Dextrosa 5%,Frasco 1000 ml,RD$40.00,Soluciones Endovenosas,2026
1872,Solución Dextrosa 5% + Cloruro De Sodio 0.33%,Frasco 1000 ml,RD$40.00,Soluciones Endovenosas,2026
1875,Solución Dextrosa 5% + Cloruro De Sodio 0.9%,Frasco 1000 ml,RD$40.00,Soluciones Endovenosas,2026
1879,Solución Dextrosa en Ringer 6.423g/100ml,Frasco 1000 ml,RD$40.00,Soluciones Endovenosas,2026
1882,Solución Ringer Con Lactato,Frasco 1000 ml,RD$40.00,Soluciones Endovenosas,2026
2333,Sonda Foley #14,Unidad,RD$20.00,Insumos Hospitalarios,2026
2334,Sonda Foley #16,Unidad,RD$20.00,Insumos Hospitalarios,2026
3310,Sucralfato 1 g,Sobre,RD$15.00,Antiulcerosos,2026
9521,Sulfadiazina Argéntica 1% Crema,Tubo 30 g,RD$50.00,Dermatológicos Antisépticos,2026
10394,Sulfato De Zinc,Tabletas 20 mg,RD$3.00,Medicamentos usados en diarrea,2026
1355,Sulfato Ferroso,Tableta 300 mg,RD$0.30,Vitaminas y minerales,2026
9539,Sulfato Ferroso + Ácido Fólico,Tableta 300 mg + 5 mg,RD$1.50,Vitaminas y minerales,2026
10371,Sulfato Ferroso 25 mg,Frasco 60 ml,RD$30.00,Vitaminas y minerales,2026
9119,Sulfato Ferroso Gotas Pediátricas,Frasco Gotero 30 ml,RD$30.00,Vitaminas y minerales,2026
10761,Termómetro Digital,Unidad,RD$110.00,Insumos Hospitalarios,2026
9017,"Timolol 0.005% , Solución Oftálmica ( Es del PROGRAMA PROMEGOTAS)",Frasco 10 ml,RD$30.00,Mióticos y antiglaucomas,2026
1248,Tinidazol,Tableta 500 mg,RD$3.00,Antiamebicos,2026
9882,Toallas Sanitarias,Bolsa de 10 unidades,RD$40.00,Insumos Hospitalarios,2026
1952,Tobramicina Oftálmica 0.3%,Frasco Gotero 5 ml,RD$30.00,Oftalmológicos,2026
9336,Tramadol,Cápsula 50 mg,,Analgésicos Opiodes,2026
9273,Trihexifenidilo,Tableta 5 mg,,Antiparkinsonianos,2026
9124,Trimetoprim-Sulfametoxazol,Tableta 160 mg / 800 mg,RD$1.50,Antibacterianos,2026
1966,Trimetoprim-Sulfametoxazol Suspensión,Frasco 120 ml,RD$20.00,Antibacterianos,2026
10370,Valsartán 160 mg,Tableta,RD$3.00,Antihipertensivos,2026
1987,Venda De Yeso 4 X 5,Unidad,RD$25.00,Insumos Hospitalarios,2026
1988,Venda De Yeso 6 X 5,,RD$25.00,Insumos Hospitalarios,2026
9885,Venda Elástica 3 X 5,Unidad,RD$15.00,Insumos Hospitalarios,2026
1990,Venda Elástica 4 X 5,Unidad,RD$15.00,Insumos Hospitalarios,2026
9886,Venda Elástica 6 X 5,Unidad,RD$15.00,Insumos Hospitalarios,2026
1431,Verapamil,Tableta 80 mg,RD$1.50,Antianginosos,2026
1915,Vitamina A,"Perla 50,000 UI",RD$1.50,Vitaminas,2026
1912,Vitamina A Y D,"Perla 3,000 UI / 300 UI",RD$1.50,Vitaminas,2026
1914,Vitamina E,Perla 400 UI,RD$1.50,Vitaminas,2026
1916,Vitaminas Neurotrópicas + Dexametasona,Ampolla,RD$20.00,Analgésicos,2026
10398,Vitaminas Prenatales,Cápsula,RD$10.00,Vitaminas,2026
9531,Vitaminas Y Minerales,Cápsula,RD$1.50,Vitaminas,2026
9756,Warfarina Sódica,Tableta 5 mg,RD$5.00,Anticoagulantes,2026
10385,Yodopovidona Solución 10%,Frasco 120 ml,RD$50.00,Antisépticos,2026